bank_id,invoice_year,invoice_month,scope1_gas_tco2e,scope2_location_tco2e,scope2_market_tco2e,invoice_id,facility_id,reporting_year,electricity_kwh,electricity_cost_eur,renewable_share_pct,natural_gas_kwh,water_m3,rec_volume_kwh,grid_emission_factor_tco2e_per_mwh,natural_gas_cost_eur,water_cost_eur,rec_registry
BANK01,2022,2022-01,31.4736,107.5735,53.7868,UI0000001,FAC0001,2022,360139,112705.06,50,155810,1098,180069.5,0.2987,20432.19,5025.03,I-REC
BANK01,2022,2022-02,36.4105,106.0373,63.6224,UI0000002,FAC0001,2022,354996,64592.6,40,180250,658,141998.4,0.2987,22602.68,2844.89,GO
BANK01,2022,2022-03,25.8978,76.1282,60.9025,UI0000003,FAC0001,2022,254865,46460.49,20,128207,684,50973.0,0.2987,13213.04,2422.58,I-REC
BANK01,2022,2022-04,25.4116,76.535,45.921,UI0000004,FAC0001,2022,256227,54290.27,40,125800,665,102490.8,0.2987,13090.43,2957.56,I-REC
BANK01,2022,2022-05,27.6999,80.3652,64.2922,UI0000005,FAC0001,2022,269050,61739.37,20,137128,666,53810.0,0.2987,10616.56,3267.33,I-REC
BANK01,2022,2022-06,31.7453,103.6635,51.8318,UI0000006,FAC0001,2022,347049,101514.29,50,157155,653,173524.5,0.2987,15581.0,1975.94,GO
BANK01,2022,2022-07,28.9535,95.7381,47.8691,UI0000007,FAC0001,2022,320516,85137.94,50,143334,1010,160258.0,0.2987,16044.54,4099.87,GO
BANK01,2022,2022-08,30.2881,96.3971,67.4779,UI0000008,FAC0001,2022,322722,74787.42,30,149941,1053,96816.6,0.2987,20681.38,3291.94,GO
BANK01,2022,2022-09,25.0032,80.597,48.3582,UI0000009,FAC0001,2022,269826,74568.96,40,123778,702,107930.4,0.2987,16550.38,3373.19,GO
BANK01,2022,2022-10,27.4686,83.6402,50.1841,UI0000010,FAC0001,2022,280014,72159.44,40,135983,898,112005.6,0.2987,15013.26,3288.59,GO
BANK01,2022,2022-11,23.5292,76.48,53.536,UI0000011,FAC0001,2022,256043,71470.48,30,116481,785,76812.9,0.2987,13122.41,3631.92,I-REC
BANK01,2022,2022-12,34.3295,103.162,61.8972,UI0000012,FAC0001,2022,345370,86872.46,40,169948,1201,138148.0,0.2987,13033.45,5404.96,GO
BANK01,2023,2023-01,30.4402,105.8944,52.9472,UI0000013,FAC0001,2023,365153,69148.86,50,150694,908,182576.5,0.29,14658.06,3074.82,GO
BANK01,2023,2023-02,34.6303,108.9191,76.2433,UI0000014,FAC0001,2023,375583,92515.32,30,171437,815,112674.9,0.29,14680.72,2449.98,I-REC
BANK01,2023,2023-03,25.5179,75.2753,37.6376,UI0000015,FAC0001,2023,259570,81487.71,50,126326,960,129785.0,0.29,13128.91,3483.2,I-REC
BANK01,2023,2023-04,23.4219,83.4452,50.0671,UI0000016,FAC0001,2023,287742,90374.47,40,115950,1142,115096.8,0.29,12966.82,3700.91,I-REC
BANK01,2023,2023-05,26.0903,81.1231,40.5616,UI0000017,FAC0001,2023,279735,60073.57,50,129160,692,139867.5,0.29,12440.77,3045.69,GO
BANK01,2023,2023-06,29.2246,101.4104,50.7052,UI0000018,FAC0001,2023,349691,64182.19,50,144676,699,174845.5,0.29,16726.64,3162.8,I-REC
BANK01,2023,2023-07,30.2402,86.7465,52.0479,UI0000019,FAC0001,2023,299126,72548.8,40,149704,1215,119650.4,0.29,14482.57,4026.46,I-REC
BANK01,2023,2023-08,29.3213,93.6697,37.4679,UI0000020,FAC0001,2023,322999,70618.22,60,145155,1235,193799.4,0.29,17337.43,4824.73,I-REC
BANK01,2023,2023-09,23.0656,72.2796,50.5957,UI0000021,FAC0001,2023,249240,46692.44,30,114186,1249,74772.0,0.29,10603.05,4938.8,I-REC
BANK01,2023,2023-10,26.5703,71.9516,50.3661,UI0000022,FAC0001,2023,248109,66504.29,30,131536,824,74432.7,0.29,15158.6,3123.85,I-REC
BANK01,2023,2023-11,26.5915,74.8171,37.4085,UI0000023,FAC0001,2023,257990,58141.14,50,131641,574,128995.0,0.29,16185.84,1767.21,GO
BANK01,2023,2023-12,34.7024,103.5819,41.4328,UI0000024,FAC0001,2023,357179,67486.44,60,171794,1071,214307.4,0.29,12842.05,3537.66,GO
BANK01,2024,2024-01,35.4237,98.7875,39.515,UI0000025,FAC0001,2024,350808,110899.08,60,175365,721,210484.8,0.2816,16426.63,2758.03,GO
BANK01,2024,2024-02,32.5087,103.2734,30.982,UI0000026,FAC0001,2024,366738,98965.94,70,160934,948,256716.6,0.2816,15726.36,3137.85,GO
BANK01,2024,2024-03,25.9536,78.5168,47.1101,UI0000027,FAC0001,2024,278824,79963.09,40,128483,877,111529.6,0.2816,16806.42,3029.85,GO
BANK01,2024,2024-04,25.3146,67.2129,33.6064,UI0000028,FAC0001,2024,238682,58958.52,50,125320,567,119341.0,0.2816,9142.38,2561.17,GO
BANK01,2024,2024-05,26.6375,80.392,32.1568,UI0000029,FAC0001,2024,285483,64294.49,60,131869,650,171289.8,0.2816,16209.0,2821.34,GO
BANK01,2024,2024-06,31.4296,81.4773,24.4432,UI0000030,FAC0001,2024,289337,74360.87,70,155592,909,202535.9,0.2816,11328.51,3799.02,GO
BANK01,2024,2024-07,30.3386,84.8954,50.9372,UI0000031,FAC0001,2024,301475,78812.09,40,150191,554,120590.0,0.2816,14383.53,2657.63,I-REC
BANK01,2024,2024-08,28.1303,84.0903,33.6361,UI0000032,FAC0001,2024,298616,64856.57,60,139259,942,179169.6,0.2816,13396.86,3557.78,I-REC
BANK01,2024,2024-09,25.6597,78.6937,39.3468,UI0000033,FAC0001,2024,279452,63096.94,50,127028,737,139726.0,0.2816,11206.91,2386.65,I-REC
BANK01,2024,2024-10,22.1172,70.589,21.1767,UI0000034,FAC0001,2024,250671,52300.65,70,109491,991,175469.7,0.2816,8528.09,3740.93,I-REC
BANK01,2024,2024-11,26.5333,67.9535,27.1814,UI0000035,FAC0001,2024,241312,71575.59,60,131353,699,144787.2,0.2816,15393.84,3336.54,GO
BANK01,2024,2024-12,31.6522,104.5913,52.2957,UI0000036,FAC0001,2024,371418,96330.42,50,156694,589,185709.0,0.2816,20668.98,2064.25,GO
BANK01,2022,2022-01,1.9966,8.7325,6.1128,UI0000037,FAC0002,2022,22311,6703.34,30,9884,746,6693.3,0.3914,834.65,3650.62,GO
BANK01,2022,2022-02,2.0038,8.5192,5.9634,UI0000038,FAC0002,2022,21766,6723.84,30,9920,1339,6529.8,0.3914,1027.83,5615.07,I-REC
BANK01,2022,2022-03,1.6085,6.9203,5.5363,UI0000039,FAC0002,2022,17681,4708.31,20,7963,1303,3536.2,0.3914,1050.39,6131.09,GO
BANK01,2022,2022-04,1.6677,6.691,5.3528,UI0000040,FAC0002,2022,17095,3803.34,20,8256,1310,3419.0,0.3914,798.35,5418.45,I-REC
BANK01,2022,2022-05,1.4176,6.0898,4.2629,UI0000041,FAC0002,2022,15559,4915.58,30,7018,745,4667.7,0.3914,855.7,2790.5,I-REC
BANK01,2022,2022-06,1.961,7.6358,6.1087,UI0000042,FAC0002,2022,19509,5965.72,20,9708,809,3901.8,0.3914,884.82,2852.09,I-REC
BANK01,2022,2022-07,2.0499,8.6742,6.0719,UI0000043,FAC0002,2022,22162,4362.49,30,10148,1197,6648.6,0.3914,1162.65,5871.11,I-REC
BANK01,2022,2022-08,2.0473,8.455,5.9185,UI0000044,FAC0002,2022,21602,3931.74,30,10135,1299,6480.6,0.3914,770.53,4507.02,I-REC
BANK01,2022,2022-09,1.5815,7.0182,4.2109,UI0000045,FAC0002,2022,17931,3284.21,40,7829,1009,7172.4,0.3914,856.7,3154.71,GO
BANK01,2022,2022-10,1.4681,6.7857,3.3929,UI0000046,FAC0002,2022,17337,3193.23,50,7268,886,8668.5,0.3914,761.83,4129.56,I-REC
BANK01,2022,2022-11,1.7039,6.4205,5.1364,UI0000047,FAC0002,2022,16404,4460.66,20,8435,1024,3280.8,0.3914,1156.94,4866.82,I-REC
BANK01,2022,2022-12,2.1662,9.0789,5.4473,UI0000048,FAC0002,2022,23196,4254.56,40,10724,735,9278.4,0.3914,954.84,3486.83,I-REC
BANK01,2023,2023-01,2.0127,7.8508,5.4956,UI0000049,FAC0002,2023,20660,6245.37,30,9964,581,6198.0,0.38,1280.15,2248.87,I-REC
BANK01,2023,2023-02,2.0293,9.0398,6.3279,UI0000050,FAC0002,2023,23789,5236.25,30,10046,758,7136.7,0.38,765.4,2830.82,GO
BANK01,2023,2023-03,1.539,6.6166,3.3083,UI0000051,FAC0002,2023,17412,4904.4,50,7619,867,8706.0,0.38,821.74,3157.11,I-REC
BANK01,2023,2023-04,1.497,6.3908,3.1954,UI0000052,FAC0002,2023,16818,4127.94,50,7411,1027,8409.0,0.38,699.01,3681.69,GO
BANK01,2023,2023-05,1.6023,6.6086,2.6434,UI0000053,FAC0002,2023,17391,4007.69,60,7932,961,10434.6,0.38,794.94,4040.34,I-REC
BANK01,2023,2023-06,1.802,8.1844,3.2738,UI0000054,FAC0002,2023,21538,5236.05,60,8921,856,12922.8,0.38,961.19,3732.74,I-REC
BANK01,2023,2023-07,1.8061,8.1917,4.915,UI0000055,FAC0002,2023,21557,5687.4,40,8941,1288,8622.8,0.38,963.97,6007.27,I-REC
BANK01,2023,2023-08,1.976,7.0817,4.249,UI0000056,FAC0002,2023,18636,5506.12,40,9782,687,7454.4,0.38,956.14,3192.41,I-REC
BANK01,2023,2023-09,1.6752,6.691,4.6837,UI0000057,FAC0002,2023,17608,4588.03,30,8293,999,5282.4,0.38,728.38,4096.8,GO
BANK01,2023,2023-10,1.5986,6.7678,3.3839,UI0000058,FAC0002,2023,17810,4425.52,50,7914,1107,8905.0,0.38,734.29,5172.94,I-REC
BANK01,2023,2023-11,1.6588,6.0602,2.4241,UI0000059,FAC0002,2023,15948,3359.77,60,8212,983,9568.8,0.38,776.69,3751.12,GO
BANK01,2023,2023-12,1.874,8.7073,3.4829,UI0000060,FAC0002,2023,22914,4624.0,60,9277,1073,13748.4,0.38,1100.03,4835.62,GO
BANK01,2024,2024-01,2.1501,8.2283,4.937,UI0000061,FAC0002,2024,22305,5561.27,40,10644,1327,8922.0,0.3689,1427.46,5825.36,GO
BANK01,2024,2024-02,2.0953,7.582,3.791,UI0000062,FAC0002,2024,20553,5259.01,50,10373,813,10276.5,0.3689,796.24,3763.37,I-REC
BANK01,2024,2024-03,1.3548,5.3516,2.6758,UI0000063,FAC0002,2024,14507,4292.21,50,6707,672,7253.5,0.3689,788.97,2106.08,I-REC
BANK01,2024,2024-04,1.3811,5.8592,1.7578,UI0000064,FAC0002,2024,15883,2882.44,70,6837,1308,11118.1,0.3689,764.58,4821.73,GO
BANK01,2024,2024-05,1.4362,5.7674,1.7302,UI0000065,FAC0002,2024,15634,4204.46,70,7110,1057,10943.8,0.3689,793.0,4606.65,GO
BANK01,2024,2024-06,1.8271,7.9195,3.1678,UI0000066,FAC0002,2024,21468,5970.0,60,9045,850,12880.8,0.3689,1178.4,3202.38,GO
BANK01,2024,2024-07,1.6802,7.2865,2.9146,UI0000067,FAC0002,2024,19752,6179.95,60,8318,1111,11851.2,0.3689,981.02,5543.09,GO
BANK01,2024,2024-08,1.9964,7.0563,4.2338,UI0000068,FAC0002,2024,19128,4714.71,40,9883,1165,7651.2,0.3689,1067.97,3688.31,I-REC
BANK01,2024,2024-09,1.5594,6.1806,1.8542,UI0000069,FAC0002,2024,16754,3906.68,70,7720,1291,11727.8,0.3689,722.72,5431.52,GO
BANK01,2024,2024-10,1.4421,5.8792,1.7637,UI0000070,FAC0002,2024,15937,3351.83,70,7139,1006,11155.9,0.3689,704.92,3038.71,I-REC
BANK01,2024,2024-11,1.6035,5.4756,1.6427,UI0000071,FAC0002,2024,14843,2815.33,70,7938,1182,10390.1,0.3689,656.36,4195.49,GO
BANK01,2024,2024-12,2.1133,7.9896,4.7938,UI0000072,FAC0002,2024,21658,4666.19,40,10462,993,8663.2,0.3689,818.51,4005.24,GO
BANK01,2022,2022-01,7.335,29.0661,23.2529,UI0000073,FAC0003,2022,74262,16385.18,20,36312,388,14852.4,0.3914,3384.25,1249.11,I-REC
BANK01,2022,2022-02,7.9063,28.9472,14.4736,UI0000074,FAC0003,2022,73958,15891.06,50,39140,230,36979.0,0.3914,3800.93,1032.48,I-REC
BANK01,2022,2022-03,5.1956,24.0382,14.4229,UI0000075,FAC0003,2022,61416,12625.59,40,25721,273,24566.4,0.3914,2412.76,1191.94,GO
BANK01,2022,2022-04,5.2536,24.9322,19.9457,UI0000076,FAC0003,2022,63700,12371.51,20,26008,289,12740.0,0.3914,2073.99,1294.93,GO
BANK01,2022,2022-05,5.6247,25.4038,15.2423,UI0000077,FAC0003,2022,64905,18900.81,40,27845,288,25962.0,0.3914,2787.23,1272.04,GO
BANK01,2022,2022-06,6.6105,30.7699,15.385,UI0000078,FAC0003,2022,78615,19363.83,50,32725,313,39307.5,0.3914,2929.65,1287.86,GO
BANK01,2022,2022-07,6.199,28.0595,16.8357,UI0000079,FAC0003,2022,71690,17667.83,40,30688,245,28676.0,0.3914,3237.52,854.18,GO
BANK01,2022,2022-08,6.2971,30.9417,24.7534,UI0000080,FAC0003,2022,79054,20542.88,20,31174,187,15810.8,0.3914,3632.55,727.84,GO
BANK01,2022,2022-09,5.4142,25.6363,20.509,UI0000081,FAC0003,2022,65499,20692.52,20,26803,245,13099.8,0.3914,3107.5,1020.24,GO
BANK01,2022,2022-10,5.0435,21.529,12.9174,UI0000082,FAC0003,2022,55005,10926.75,40,24968,230,22002.0,0.3914,2973.77,695.15,GO
BANK01,2022,2022-11,5.875,21.2683,12.761,UI0000083,FAC0003,2022,54339,14235.74,40,29084,209,21735.6,0.3914,2053.91,995.0,I-REC
BANK01,2022,2022-12,8.0297,28.8368,20.1858,UI0000084,FAC0003,2022,73676,15207.71,30,39751,390,22102.8,0.3914,4103.62,1543.41,I-REC
BANK01,2023,2023-01,7.0957,27.2122,19.0485,UI0000085,FAC0003,2023,71611,14354.84,30,35127,335,21483.3,0.38,2771.06,1346.61,I-REC
BANK01,2023,2023-02,6.6313,31.7216,22.2051,UI0000086,FAC0003,2023,83478,21642.68,30,32828,306,25043.4,0.38,2865.71,1379.09,GO
BANK01,2023,2023-03,5.2932,23.696,11.848,UI0000087,FAC0003,2023,62358,14772.29,50,26204,236,31179.0,0.38,3214.34,728.25,GO
BANK01,2023,2023-04,5.3292,21.3917,10.6959,UI0000088,FAC0003,2023,56294,13212.69,50,26382,228,28147.0,0.38,2966.67,1079.32,GO
BANK01,2023,2023-05,5.0381,23.2917,9.3167,UI0000089,FAC0003,2023,61294,16576.7,60,24941,330,36776.4,0.38,3064.75,1093.81,I-REC
BANK01,2023,2023-06,6.3709,27.656,11.0624,UI0000090,FAC0003,2023,72779,19211.84,60,31539,369,43667.4,0.38,3129.05,1521.52,GO
BANK01,2023,2023-07,7.0221,28.2283,19.7598,UI0000091,FAC0003,2023,74285,17214.28,30,34763,369,22285.5,0.38,3390.39,1449.81,I-REC
BANK01,2023,2023-08,7.2086,28.7831,14.3916,UI0000092,FAC0003,2023,75745,23382.92,50,35686,255,37872.5,0.38,4634.77,1004.66,I-REC
BANK01,2023,2023-09,5.7241,22.1342,13.2805,UI0000093,FAC0003,2023,58248,14311.88,40,28337,385,23299.2,0.38,2164.07,1532.05,I-REC
BANK01,2023,2023-10,5.4623,21.489,10.7445,UI0000094,FAC0003,2023,56550,15159.75,50,27041,334,28275.0,0.38,3661.12,1586.33,GO
BANK01,2023,2023-11,5.1476,22.6073,11.3037,UI0000095,FAC0003,2023,59493,18264.97,50,25483,406,29746.5,0.38,2793.47,1500.99,I-REC
BANK01,2023,2023-12,7.7313,28.4388,11.3755,UI0000096,FAC0003,2023,74839,16389.22,60,38274,307,44903.4,0.38,4280.69,1332.19,GO
BANK01,2024,2024-01,7.274,26.3918,10.5567,UI0000097,FAC0003,2024,71542,14780.24,60,36010,372,42925.2,0.3689,4249.85,1646.19,I-REC
BANK01,2024,2024-02,6.6929,28.4437,14.2218,UI0000098,FAC0003,2024,77104,15143.96,50,33133,293,38552.0,0.3689,3995.57,1049.8,GO
BANK01,2024,2024-03,5.4397,20.0416,8.0166,UI0000099,FAC0003,2024,54328,11171.52,60,26929,335,32596.8,0.3689,3105.54,1337.96,I-REC
BANK01,2024,2024-04,5.3183,20.0357,6.0107,UI0000100,FAC0003,2024,54312,13862.44,70,26328,247,38018.4,0.3689,2112.66,1040.36,I-REC
BANK01,2024,2024-05,5.8328,20.0648,6.0195,UI0000101,FAC0003,2024,54391,9815.26,70,28875,378,38073.7,0.3689,2403.12,1840.2,GO
BANK01,2024,2024-06,6.4614,28.008,11.2032,UI0000102,FAC0003,2024,75923,19098.93,60,31987,421,45553.8,0.3689,3180.61,1486.72,GO
BANK01,2024,2024-07,6.6876,28.2854,16.9712,UI0000103,FAC0003,2024,76675,18915.07,40,33107,300,30670.0,0.3689,3214.09,971.67,I-REC
BANK01,2024,2024-08,6.3396,24.1548,14.4929,UI0000104,FAC0003,2024,65478,12162.2,40,31384,375,26191.2,0.3689,2351.28,1205.6,I-REC
BANK01,2024,2024-09,4.9375,21.2582,6.3775,UI0000105,FAC0003,2024,57626,12025.68,70,24443,205,40338.2,0.3689,3236.05,847.29,I-REC
BANK01,2024,2024-10,5.1617,19.04,7.616,UI0000106,FAC0003,2024,51613,11343.83,60,25553,333,30967.8,0.3689,2219.22,1145.81,I-REC
BANK01,2024,2024-11,5.6035,21.5471,8.6188,UI0000107,FAC0003,2024,58409,17388.8,60,27740,406,35045.4,0.3689,2236.38,1667.61,I-REC
BANK01,2024,2024-12,6.7147,27.1142,8.1342,UI0000108,FAC0003,2024,73500,15320.32,70,33241,376,51450.0,0.3689,3760.91,1845.76,I-REC
BANK01,2022,2022-01,9.9499,36.5959,21.9575,UI0000109,FAC0004,2022,93500,27427.01,40,49257,1915,37400.0,0.3914,3877.48,6687.92,I-REC
BANK01,2022,2022-02,9.0035,39.1087,27.3761,UI0000110,FAC0004,2022,99920,30822.08,30,44572,1506,29976.0,0.3914,3992.0,4527.54,GO
BANK01,2022,2022-03,7.0278,30.9143,15.4572,UI0000111,FAC0004,2022,78984,19150.71,50,34791,1785,39492.0,0.3914,3000.82,8379.8,I-REC
BANK01,2022,2022-04,7.0405,29.344,14.672,UI0000112,FAC0004,2022,74972,22422.78,50,34854,998,37486.0,0.3914,4271.31,3039.96,I-REC
BANK01,2022,2022-05,6.7001,31.4756,15.7378,UI0000113,FAC0004,2022,80418,23364.83,50,33169,1577,40209.0,0.3914,3538.32,5746.84,GO
BANK01,2022,2022-06,8.9034,36.5262,25.5684,UI0000114,FAC0004,2022,93322,21670.73,30,44076,1760,27996.6,0.3914,5255.71,7395.36,GO
BANK01,2022,2022-07,8.4893,37.9869,26.5909,UI0000115,FAC0004,2022,97054,20430.83,30,42026,1704,29116.2,0.3914,3981.06,6046.28,I-REC
BANK01,2022,2022-08,9.3956,38.104,19.052,UI0000116,FAC0004,2022,97353,30616.71,50,46513,1251,48676.5,0.3914,5491.07,5162.4,GO
BANK01,2022,2022-09,6.5002,30.7605,24.6084,UI0000117,FAC0004,2022,78591,18425.01,20,32179,1621,15718.2,0.3914,3030.07,6098.11,I-REC
BANK01,2022,2022-10,7.4393,29.8368,23.8695,UI0000118,FAC0004,2022,76231,18389.26,20,36828,1838,15246.2,0.3914,3475.68,6503.29,I-REC
BANK01,2022,2022-11,6.7781,32.3516,22.6461,UI0000119,FAC0004,2022,82656,24756.35,30,33555,1006,24796.8,0.3914,3863.88,4223.4,I-REC
BANK01,2022,2022-12,10.1501,42.3268,25.3961,UI0000120,FAC0004,2022,108142,20191.95,40,50248,1916,43256.8,0.3914,4321.36,8457.62,GO
BANK01,2023,2023-01,9.5182,35.332,17.666,UI0000121,FAC0004,2023,92979,17767.89,50,47120,1444,46489.5,0.38,6372.54,5640.56,GO
BANK01,2023,2023-02,9.9705,36.3512,21.8107,UI0000122,FAC0004,2023,95661,20287.06,40,49359,1140,38264.4,0.38,4531.74,4606.76,GO
BANK01,2023,2023-03,6.4087,26.9146,16.1488,UI0000123,FAC0004,2023,70828,15607.23,40,31726,889,28331.2,0.38,3265.16,3419.56,GO
BANK01,2023,2023-04,6.3038,26.551,18.5857,UI0000124,FAC0004,2023,69871,13235.91,30,31207,1896,20961.3,0.38,2406.24,8787.16,I-REC
BANK01,2023,2023-05,6.4531,26.6125,13.3063,UI0000125,FAC0004,2023,70033,19696.72,50,31946,1343,35016.5,0.38,2577.73,6532.76,GO
BANK01,2023,2023-06,7.6903,32.9916,16.4958,UI0000126,FAC0004,2023,86820,21866.0,50,38071,1779,43410.0,0.38,2720.18,7132.05,I-REC
BANK01,2023,2023-07,7.9055,31.6791,19.0074,UI0000127,FAC0004,2023,83366,24886.02,40,39136,885,33346.4,0.38,3402.28,3732.88,GO
BANK01,2023,2023-08,9.011,33.8367,13.5347,UI0000128,FAC0004,2023,89044,18211.31,60,44609,1343,53426.4,0.38,3465.73,4695.7,GO
BANK01,2023,2023-09,7.3328,29.2372,11.6949,UI0000129,FAC0004,2023,76940,15313.11,60,36301,905,46164.0,0.38,3270.87,3672.3,GO
BANK01,2023,2023-10,7.3324,28.383,11.3532,UI0000130,FAC0004,2023,74692,22738.56,60,36299,1441,44815.2,0.38,3726.58,6188.67,I-REC
BANK01,2023,2023-11,7.3772,28.5517,11.4207,UI0000131,FAC0004,2023,75136,21430.92,60,36521,1471,45081.6,0.38,3894.71,5612.39,I-REC
BANK01,2023,2023-12,9.3029,37.9438,22.7663,UI0000132,FAC0004,2023,99852,18999.68,40,46054,1723,39940.8,0.38,6430.52,8070.35,I-REC
BANK01,2024,2024-01,9.8544,33.3021,13.3208,UI0000133,FAC0004,2024,90274,20971.31,60,48784,1255,54164.4,0.3689,4489.01,4263.74,GO
BANK01,2024,2024-02,8.9999,32.5842,16.2921,UI0000134,FAC0004,2024,88328,21462.97,50,44554,1538,44164.0,0.3689,4960.2,6947.93,I-REC
BANK01,2024,2024-03,7.2397,25.1081,12.554,UI0000135,FAC0004,2024,68062,12407.22,50,35840,1270,34031.0,0.3689,3078.48,4925.13,I-REC
BANK01,2024,2024-04,6.792,26.9854,13.4927,UI0000136,FAC0004,2024,73151,17911.89,50,33624,1346,36575.5,0.3689,3332.34,4176.22,GO
BANK01,2024,2024-05,7.3811,29.4799,11.792,UI0000137,FAC0004,2024,79913,18568.98,60,36540,1853,47947.8,0.3689,3454.45,8929.21,GO
BANK01,2024,2024-06,8.9795,35.6295,14.2518,UI0000138,FAC0004,2024,96583,22182.06,60,44453,918,57949.8,0.3689,4706.65,3629.97,I-REC
BANK01,2024,2024-07,8.9736,35.9401,14.376,UI0000139,FAC0004,2024,97425,22057.34,60,44424,1362,58455.0,0.3689,4074.74,5466.3,GO
BANK01,2024,2024-08,7.6912,29.8359,11.9344,UI0000140,FAC0004,2024,80878,15236.14,60,38075,1656,48526.8,0.3689,4023.21,7056.79,GO
BANK01,2024,2024-09,6.7674,26.3605,7.9081,UI0000141,FAC0004,2024,71457,16332.9,70,33502,1201,50019.9,0.3689,3110.93,4486.86,GO
BANK01,2024,2024-10,6.9551,28.6871,8.6061,UI0000142,FAC0004,2024,77764,18716.02,70,34431,1810,54434.8,0.3689,3648.93,7842.08,I-REC
BANK01,2024,2024-11,7.1785,27.3167,13.6583,UI0000143,FAC0004,2024,74049,23000.56,50,35537,1392,37024.5,0.3689,3427.71,6015.16,I-REC
BANK01,2024,2024-12,9.5231,35.642,17.821,UI0000144,FAC0004,2024,96617,27699.63,50,47144,1127,48308.5,0.3689,3948.0,4771.43,GO
BANK01,2022,2022-01,1.7136,7.2785,5.8228,UI0000145,FAC0005,2022,18596,5829.82,20,8483,507,3719.2,0.3914,709.3,2098.27,GO
BANK01,2022,2022-02,1.9333,7.4945,4.4967,UI0000146,FAC0005,2022,19148,6101.7,40,9571,575,7659.2,0.3914,811.08,2864.68,GO
BANK01,2022,2022-03,1.2354,5.3305,4.2644,UI0000147,FAC0005,2022,13619,2869.16,20,6116,942,2723.8,0.3914,819.91,3138.0,I-REC
BANK01,2022,2022-04,1.2562,5.9125,3.5475,UI0000148,FAC0005,2022,15106,4023.51,40,6219,906,6042.4,0.3914,861.72,4259.28,I-REC
BANK01,2022,2022-05,1.2954,6.2358,3.7415,UI0000149,FAC0005,2022,15932,4276.36,40,6413,835,6372.8,0.3914,595.49,2764.85,I-REC
BANK01,2022,2022-06,1.736,7.2393,4.3436,UI0000150,FAC0005,2022,18496,5416.86,40,8594,810,7398.4,0.3914,1069.79,2827.38,GO
BANK01,2022,2022-07,1.6419,7.4249,4.4549,UI0000151,FAC0005,2022,18970,4739.51,40,8128,652,7588.0,0.3914,981.04,2483.74,GO
BANK01,2022,2022-08,1.5974,7.6166,6.0933,UI0000152,FAC0005,2022,19460,5747.89,20,7908,1029,3892.0,0.3914,860.79,4824.96,I-REC
BANK01,2022,2022-09,1.4855,5.3939,3.7757,UI0000153,FAC0005,2022,13781,4267.25,30,7354,775,4134.3,0.3914,873.78,3109.06,GO
BANK01,2022,2022-10,1.334,5.615,3.369,UI0000154,FAC0005,2022,14346,2745.22,40,6604,840,5738.4,0.3914,537.38,3328.37,I-REC
BANK01,2022,2022-11,1.2433,6.2049,4.9639,UI0000155,FAC0005,2022,15853,3820.37,20,6155,679,3170.6,0.3914,782.02,2246.19,GO
BANK01,2022,2022-12,1.6447,7.5791,6.0633,UI0000156,FAC0005,2022,19364,4320.52,20,8142,1077,3872.8,0.3914,847.23,5380.26,I-REC
BANK01,2023,2023-01,1.7418,7.8706,3.1482,UI0000157,FAC0005,2023,20712,6191.29,60,8623,615,12427.2,0.38,776.52,2596.0,I-REC
BANK01,2023,2023-02,1.6576,6.7644,2.7058,UI0000158,FAC0005,2023,17801,5330.47,60,8206,687,10680.6,0.38,632.24,2174.09,GO
BANK01,2023,2023-03,1.2407,5.6958,3.9871,UI0000159,FAC0005,2023,14989,4658.77,30,6142,752,4496.7,0.38,771.14,3304.86,GO
BANK01,2023,2023-04,1.2144,5.0589,3.5413,UI0000160,FAC0005,2023,13313,2645.13,30,6012,779,3993.9,0.38,834.82,2908.42,GO
BANK01,2023,2023-05,1.4213,5.6396,3.9477,UI0000161,FAC0005,2023,14841,2755.38,30,7036,706,4452.3,0.38,932.28,2584.16,I-REC
BANK01,2023,2023-06,1.6576,6.0333,4.2233,UI0000162,FAC0005,2023,15877,4683.72,30,8206,1109,4763.1,0.38,684.85,3703.91,GO
BANK01,2023,2023-07,1.7915,6.501,3.2505,UI0000163,FAC0005,2023,17108,4553.48,50,8869,547,8554.0,0.38,947.44,2550.99,I-REC
BANK01,2023,2023-08,1.4887,6.3593,3.1797,UI0000164,FAC0005,2023,16735,3381.06,50,7370,865,8367.5,0.38,916.28,3485.76,I-REC
BANK01,2023,2023-09,1.2605,5.4336,2.1734,UI0000165,FAC0005,2023,14299,4279.72,60,6240,659,8579.4,0.38,727.28,2892.89,I-REC
BANK01,2023,2023-10,1.2964,5.7752,2.8876,UI0000166,FAC0005,2023,15198,4126.08,50,6418,803,7599.0,0.38,815.24,3080.26,GO
BANK01,2023,2023-11,1.4126,5.906,2.953,UI0000167,FAC0005,2023,15542,3255.69,50,6993,1019,7771.0,0.38,715.31,4490.19,GO
BANK01,2023,2023-12,1.6219,6.5786,3.9471,UI0000168,FAC0005,2023,17312,3377.13,40,8029,1037,6924.8,0.38,814.34,3420.7,I-REC
BANK01,2024,2024-01,1.8374,6.3093,3.1546,UI0000169,FAC0005,2024,17103,4799.27,50,9096,917,8551.5,0.3689,913.91,2975.88,GO
BANK01,2024,2024-02,1.8976,7.0965,2.8386,UI0000170,FAC0005,2024,19237,5987.34,60,9394,831,11542.2,0.3689,795.52,3279.51,I-REC
BANK01,2024,2024-03,1.2177,4.6909,2.8146,UI0000171,FAC0005,2024,12716,2375.96,40,6028,601,5086.4,0.3689,776.88,2768.96,I-REC
BANK01,2024,2024-04,1.3892,5.0591,1.5177,UI0000172,FAC0005,2024,13714,3973.24,70,6877,774,9599.8,0.3689,896.62,3018.0,GO
BANK01,2024,2024-05,1.3716,5.4999,2.2,UI0000173,FAC0005,2024,14909,4683.35,60,6790,930,8945.4,0.3689,832.49,4404.73,GO
BANK01,2024,2024-06,1.716,5.9231,2.3692,UI0000174,FAC0005,2024,16056,3824.73,60,8495,583,9633.6,0.3689,884.18,2901.44,I-REC
BANK01,2024,2024-07,1.7208,5.8781,1.7634,UI0000175,FAC0005,2024,15934,5003.1,70,8519,632,11153.8,0.3689,1137.38,2807.07,I-REC
BANK01,2024,2024-08,1.6845,6.2189,2.4876,UI0000176,FAC0005,2024,16858,4923.03,60,8339,881,10114.8,0.3689,801.48,2647.82,GO
BANK01,2024,2024-09,1.3922,5.1554,2.5777,UI0000177,FAC0005,2024,13975,2804.68,50,6892,798,6987.5,0.3689,810.67,3763.01,I-REC
BANK01,2024,2024-10,1.2482,5.4258,2.7129,UI0000178,FAC0005,2024,14708,3543.03,50,6179,728,7354.0,0.3689,843.35,3349.21,GO
BANK01,2024,2024-11,1.3647,5.1266,1.538,UI0000179,FAC0005,2024,13897,2588.06,70,6756,828,9727.9,0.3689,630.22,3158.55,GO
BANK01,2024,2024-12,1.8449,7.0729,2.1219,UI0000180,FAC0005,2024,19173,5944.91,70,9133,781,13421.1,0.3689,1223.71,3293.88,I-REC
BANK01,2022,2022-01,1.5469,6.381,3.1905,UI0000181,FAC0006,2022,16303,3538.7,50,7658,936,8151.5,0.3914,1013.96,4403.25,I-REC
BANK01,2022,2022-02,1.6604,7.1712,3.5856,UI0000182,FAC0006,2022,18322,3978.64,50,8220,928,9161.0,0.3914,880.79,2859.25,GO
BANK01,2022,2022-03,1.1926,5.5152,2.7576,UI0000183,FAC0006,2022,14091,2630.61,50,5904,801,7045.5,0.3914,444.73,3689.86,GO
BANK01,2022,2022-04,1.3011,5.0937,4.0749,UI0000184,FAC0006,2022,13014,3256.69,20,6441,1180,2602.8,0.3914,880.37,5415.33,GO
BANK01,2022,2022-05,1.1581,5.1997,4.1598,UI0000185,FAC0006,2022,13285,3314.99,20,5733,942,2657.0,0.3914,634.14,3832.23,GO
BANK01,2022,2022-06,1.5548,6.2467,3.1234,UI0000186,FAC0006,2022,15960,4125.75,50,7697,1120,7980.0,0.3914,715.83,4580.94,I-REC
BANK01,2022,2022-07,1.5271,5.8115,4.0681,UI0000187,FAC0006,2022,14848,4640.31,30,7560,579,4454.4,0.3914,540.15,1887.4,I-REC
BANK01,2022,2022-08,1.4013,6.4902,3.8941,UI0000188,FAC0006,2022,16582,3949.51,40,6937,982,6632.8,0.3914,925.51,3346.84,I-REC
BANK01,2022,2022-09,1.1078,4.7179,2.8308,UI0000189,FAC0006,2022,12054,3853.71,40,5484,1174,4821.6,0.3914,649.36,5022.43,I-REC
BANK01,2022,2022-10,1.1217,4.6291,3.7033,UI0000190,FAC0006,2022,11827,3707.79,20,5553,608,2365.4,0.3914,414.36,2760.73,GO
BANK01,2022,2022-11,1.1494,5.3195,2.6598,UI0000191,FAC0006,2022,13591,3088.61,50,5690,648,6795.5,0.3914,597.63,3026.41,I-REC
BANK01,2022,2022-12,1.6099,6.7904,4.0742,UI0000192,FAC0006,2022,17349,5030.68,40,7970,859,6939.6,0.3914,756.66,2735.11,I-REC
BANK01,2023,2023-01,1.6707,6.0013,3.0007,UI0000193,FAC0006,2023,15793,4446.43,50,8271,904,7896.5,0.38,1106.37,3833.58,GO
BANK01,2023,2023-02,1.6582,7.019,4.2114,UI0000194,FAC0006,2023,18471,3701.84,40,8209,1216,7388.4,0.38,666.77,5630.61,I-REC
BANK01,2023,2023-03,1.1756,4.8458,2.4229,UI0000195,FAC0006,2023,12752,2348.54,50,5820,1169,6376.0,0.38,755.12,5360.25,GO
BANK01,2023,2023-04,1.2532,4.7473,1.8989,UI0000196,FAC0006,2023,12493,2620.16,60,6204,1065,7495.8,0.38,516.86,4552.85,GO
BANK01,2023,2023-05,1.2393,5.0757,3.0454,UI0000197,FAC0006,2023,13357,3964.78,40,6135,570,5342.8,0.38,830.47,2600.07,GO
BANK01,2023,2023-06,1.431,5.9493,2.9746,UI0000198,FAC0006,2023,15656,3254.5,50,7084,748,7828.0,0.38,516.69,2921.55,GO
BANK01,2023,2023-07,1.4013,5.298,2.649,UI0000199,FAC0006,2023,13942,3775.78,50,6937,1213,6971.0,0.38,687.37,5670.82,I-REC
BANK01,2023,2023-08,1.5475,6.4342,4.5039,UI0000200,FAC0006,2023,16932,4457.36,30,7661,583,5079.6,0.38,837.34,1884.83,I-REC
BANK01,2023,2023-09,1.1793,4.462,2.231,UI0000201,FAC0006,2023,11742,2310.42,50,5838,1219,5871.0,0.38,740.01,5573.62,I-REC
BANK01,2023,2023-10,1.1207,4.9453,1.9781,UI0000202,FAC0006,2023,13014,2877.18,60,5548,898,7808.4,0.38,721.83,2792.62,I-REC
BANK01,2023,2023-11,1.2904,4.62,2.31,UI0000203,FAC0006,2023,12158,3576.85,50,6388,619,6079.0,0.38,894.0,2204.47,I-REC
BANK01,2023,2023-12,1.7259,6.8655,3.4327,UI0000204,FAC0006,2023,18067,3442.05,50,8544,1204,9033.5,0.38,782.52,4333.97,I-REC
BANK01,2024,2024-01,1.6913,5.5217,3.313,UI0000205,FAC0006,2024,14968,4516.3,40,8373,752,5987.2,0.3689,1132.02,3162.77,I-REC
BANK01,2024,2024-02,1.5005,6.5336,2.6134,UI0000206,FAC0006,2024,17711,5092.26,60,7428,590,10626.6,0.3689,685.47,1916.0,I-REC
BANK01,2024,2024-03,1.176,4.6485,2.7891,UI0000207,FAC0006,2024,12601,2755.99,40,5822,579,5040.4,0.3689,750.47,2374.14,GO
BANK01,2024,2024-04,1.2403,4.616,1.8464,UI0000208,FAC0006,2024,12513,3840.05,60,6140,1090,7507.8,0.3689,712.57,3488.95,I-REC
BANK01,2024,2024-05,1.2568,4.4903,1.3471,UI0000209,FAC0006,2024,12172,2349.38,70,6222,741,8520.4,0.3689,580.69,3321.3,GO
BANK01,2024,2024-06,1.2995,5.1893,3.1136,UI0000210,FAC0006,2024,14067,2742.45,40,6433,1183,5626.8,0.3689,665.1,4659.18,GO
BANK01,2024,2024-07,1.4261,5.4405,2.7203,UI0000211,FAC0006,2024,14748,2823.97,50,7060,708,7374.0,0.3689,577.41,3042.26,GO
BANK01,2024,2024-08,1.5178,5.6729,3.4038,UI0000212,FAC0006,2024,15378,3780.59,40,7514,964,6151.2,0.3689,909.29,3136.2,I-REC
BANK01,2024,2024-09,1.2316,4.7961,2.398,UI0000213,FAC0006,2024,13001,4141.48,50,6097,1000,6500.5,0.3689,429.05,4045.95,I-REC
BANK01,2024,2024-10,1.2253,4.3707,2.1854,UI0000214,FAC0006,2024,11848,2949.81,50,6066,1065,5924.0,0.3689,525.64,4110.31,I-REC
BANK01,2024,2024-11,1.1312,4.6821,1.8728,UI0000215,FAC0006,2024,12692,2896.28,60,5600,1099,7615.2,0.3689,550.57,4595.51,GO
BANK01,2024,2024-12,1.4772,6.6059,3.9635,UI0000216,FAC0006,2024,17907,4995.46,40,7313,697,7162.8,0.3689,642.45,2934.73,GO
BANK01,2022,2022-01,0.9415,2.9428,1.7657,UI0000217,FAC0007,2022,9852,2726.86,40,4661,1502,3940.8,0.2987,514.4,6952.6,GO
BANK01,2022,2022-02,1.1156,3.3212,2.657,UI0000218,FAC0007,2022,11119,2360.78,20,5523,1119,2223.8,0.2987,483.26,3461.21,I-REC
BANK01,2022,2022-03,0.749,2.2417,1.345,UI0000219,FAC0007,2022,7505,2358.94,40,3708,1921,3002.0,0.2987,408.7,8267.42,GO
BANK01,2022,2022-04,0.8157,2.5581,2.0465,UI0000220,FAC0007,2022,8564,1950.79,20,4038,855,1712.8,0.2987,409.03,2816.35,I-REC
BANK01,2022,2022-05,0.7076,2.524,1.262,UI0000221,FAC0007,2022,8450,1969.03,50,3503,1253,4225.0,0.2987,372.44,4448.31,I-REC
BANK01,2022,2022-06,1.0021,3.0942,1.5471,UI0000222,FAC0007,2022,10359,2376.82,50,4961,1003,5179.5,0.2987,649.38,4730.38,GO
BANK01,2022,2022-07,0.9334,3.0936,1.5468,UI0000223,FAC0007,2022,10357,1935.21,50,4621,1903,5178.5,0.2987,324.46,7473.4,I-REC
BANK01,2022,2022-08,1.008,2.7337,1.3669,UI0000224,FAC0007,2022,9152,2319.11,50,4990,907,4576.0,0.2987,420.5,2921.3,I-REC
BANK01,2022,2022-09,0.732,2.3472,1.8777,UI0000225,FAC0007,2022,7858,1935.05,20,3624,1038,1571.6,0.2987,447.14,3249.55,I-REC
BANK01,2022,2022-10,0.7351,2.4293,1.7005,UI0000226,FAC0007,2022,8133,2247.8,30,3639,1091,2439.9,0.2987,324.94,4313.45,I-REC
BANK01,2022,2022-11,0.7133,2.398,1.6786,UI0000227,FAC0007,2022,8028,1464.31,30,3531,1087,2408.4,0.2987,305.11,4317.35,I-REC
BANK01,2022,2022-12,1.1118,3.085,2.1595,UI0000228,FAC0007,2022,10328,2017.84,30,5504,1411,3098.4,0.2987,663.16,5706.16,I-REC
BANK01,2023,2023-01,0.9542,3.2283,1.6141,UI0000229,FAC0007,2023,11132,3167.01,50,4724,1577,5566.0,0.29,337.39,6519.81,I-REC
BANK01,2023,2023-02,0.9482,3.3495,2.0097,UI0000230,FAC0007,2023,11550,3304.26,40,4694,1157,4620.0,0.29,548.22,4757.49,GO
BANK01,2023,2023-03,0.7947,2.3855,1.4313,UI0000231,FAC0007,2023,8226,2203.36,40,3934,1434,3290.4,0.29,544.55,4311.67,I-REC
BANK01,2023,2023-04,0.724,2.5465,1.0186,UI0000232,FAC0007,2023,8781,2278.78,60,3584,1612,5268.6,0.29,251.25,5459.58,I-REC
BANK01,2023,2023-05,0.7209,2.1501,1.075,UI0000233,FAC0007,2023,7414,2056.97,50,3569,1696,3707.0,0.29,317.77,5764.59,I-REC
BANK01,2023,2023-06,0.9793,2.795,1.3975,UI0000234,FAC0007,2023,9638,1864.5,50,4848,1514,4819.0,0.29,499.49,5136.3,I-REC
BANK01,2023,2023-07,0.8333,2.7054,1.0822,UI0000235,FAC0007,2023,9329,2670.42,60,4125,1216,5597.4,0.29,442.51,4847.34,GO
BANK01,2023,2023-08,0.928,2.8115,1.9681,UI0000236,FAC0007,2023,9695,2512.19,30,4594,1612,2908.5,0.29,365.64,6160.21,GO
BANK01,2023,2023-09,0.745,2.1199,1.4839,UI0000237,FAC0007,2023,7310,1420.82,30,3688,1439,2193.0,0.29,513.68,5895.78,I-REC
BANK01,2023,2023-10,0.708,2.4345,1.2173,UI0000238,FAC0007,2023,8395,1624.94,50,3505,1080,4197.5,0.29,308.27,5223.32,GO
BANK01,2023,2023-11,0.8236,2.2901,0.9161,UI0000239,FAC0007,2023,7897,2408.86,60,4077,1560,4738.2,0.29,312.07,7561.53,GO
BANK01,2023,2023-12,0.9185,3.1796,1.9077,UI0000240,FAC0007,2023,10964,2041.32,40,4547,1120,4385.6,0.29,537.59,4572.01,I-REC
BANK01,2024,2024-01,1.0183,3.0528,0.9158,UI0000241,FAC0007,2024,10841,3191.47,70,5041,847,7588.7,0.2816,429.22,3238.6,I-REC
BANK01,2024,2024-02,0.8993,2.8594,1.1437,UI0000242,FAC0007,2024,10154,1827.85,60,4452,1493,6092.4,0.2816,528.66,7269.88,GO
BANK01,2024,2024-03,0.7432,2.3322,1.3993,UI0000243,FAC0007,2024,8282,2627.87,40,3679,1024,3312.8,0.2816,404.76,4438.63,I-REC
BANK01,2024,2024-04,0.7823,2.0833,1.25,UI0000244,FAC0007,2024,7398,2090.24,40,3873,1102,2959.2,0.2816,324.21,3766.79,GO
BANK01,2024,2024-05,0.7292,2.0565,1.0283,UI0000245,FAC0007,2024,7303,1947.06,50,3610,1581,3651.5,0.2816,260.66,7037.8,I-REC
BANK01,2024,2024-06,0.8743,2.8346,1.1338,UI0000246,FAC0007,2024,10066,2988.24,60,4328,1687,6039.6,0.2816,433.78,7382.03,I-REC
BANK01,2024,2024-07,0.8369,2.894,1.447,UI0000247,FAC0007,2024,10277,2388.73,50,4143,1263,5138.5,0.2816,444.59,5517.89,GO
BANK01,2024,2024-08,0.8278,2.9261,1.4631,UI0000248,FAC0007,2024,10391,1976.89,50,4098,1696,5195.5,0.2816,405.92,6562.23,GO
BANK01,2024,2024-09,0.6858,2.3083,0.9233,UI0000249,FAC0007,2024,8197,2492.66,60,3395,1639,4918.2,0.2816,275.06,8185.88,GO
BANK01,2024,2024-10,0.7448,2.2342,0.6703,UI0000250,FAC0007,2024,7934,1619.32,70,3687,1908,5553.8,0.2816,474.03,7422.41,GO
BANK01,2024,2024-11,0.7504,2.1379,1.2827,UI0000251,FAC0007,2024,7592,1575.17,40,3715,1877,3036.8,0.2816,336.9,8531.18,I-REC
BANK01,2024,2024-12,0.8997,2.9388,1.4694,UI0000252,FAC0007,2024,10436,3194.63,50,4454,1491,5218.0,0.2816,383.41,6561.2,I-REC
BANK01,2022,2022-01,4.2014,20.8362,14.5853,UI0000253,FAC0008,2022,53235,9976.05,30,20799,484,15970.5,0.3914,1717.7,2299.77,I-REC
BANK01,2022,2022-02,4.3173,20.2604,16.2083,UI0000254,FAC0008,2022,51764,11067.62,20,21373,315,10352.8,0.3914,2322.38,1158.64,I-REC
BANK01,2022,2022-03,3.2512,14.4458,10.1121,UI0000255,FAC0008,2022,36908,10922.38,30,16095,426,11072.4,0.3914,1176.24,1695.91,GO
BANK01,2022,2022-04,3.1692,15.3069,12.2455,UI0000256,FAC0008,2022,39108,9875.31,20,15689,607,7821.6,0.3914,1784.45,1907.72,GO
BANK01,2022,2022-05,3.4471,14.9714,8.9829,UI0000257,FAC0008,2022,38251,9353.36,40,17065,586,15300.4,0.3914,2008.44,2921.51,I-REC
BANK01,2022,2022-06,3.7845,16.9554,13.5644,UI0000258,FAC0008,2022,43320,12499.67,20,18735,300,8664.0,0.3914,2217.51,1417.73,GO
BANK01,2022,2022-07,3.8267,18.3062,14.6449,UI0000259,FAC0008,2022,46771,8959.85,20,18944,360,9354.2,0.3914,1578.59,1766.22,GO
BANK01,2022,2022-08,4.4111,16.1163,9.6698,UI0000260,FAC0008,2022,41176,7741.69,40,21837,508,16470.4,0.3914,2492.89,2508.14,GO
BANK01,2022,2022-09,3.176,12.9784,6.4892,UI0000261,FAC0008,2022,33159,9089.05,50,15723,435,16579.5,0.3914,1975.25,1743.5,GO
BANK01,2022,2022-10,3.2734,13.7354,9.6148,UI0000262,FAC0008,2022,35093,9266.26,30,16205,358,10527.9,0.3914,1788.17,1415.37,GO
BANK01,2022,2022-11,3.6956,14.3127,10.0189,UI0000263,FAC0008,2022,36568,10802.55,30,18295,326,10970.4,0.3914,1650.73,1383.32,GO
BANK01,2022,2022-12,4.444,17.368,8.684,UI0000264,FAC0008,2022,44374,10890.44,50,22000,311,22187.0,0.3914,1607.99,963.39,GO
BANK01,2023,2023-01,4.807,18.7788,9.3894,UI0000265,FAC0008,2023,49418,9508.83,50,23797,444,24709.0,0.38,2871.65,1576.27,GO
BANK01,2023,2023-02,4.3535,16.9161,6.7664,UI0000266,FAC0008,2023,44516,8943.19,60,21552,344,26709.6,0.38,1915.08,1188.76,GO
BANK01,2023,2023-03,3.455,13.1552,7.8931,UI0000267,FAC0008,2023,34619,10036.73,40,17104,440,13847.6,0.38,1646.65,1356.85,I-REC
BANK01,2023,2023-04,3.4308,14.2268,8.5361,UI0000268,FAC0008,2023,37439,7999.01,40,16984,316,14975.6,0.38,1904.71,1336.18,GO
BANK01,2023,2023-05,3.25,13.5329,8.1198,UI0000269,FAC0008,2023,35613,7037.39,40,16089,689,14245.2,0.38,1194.61,3172.15,GO
BANK01,2023,2023-06,4.3897,18.1013,12.6709,UI0000270,FAC0008,2023,47635,14510.99,30,21731,395,14290.5,0.38,2913.4,1768.42,GO
BANK01,2023,2023-07,4.2816,15.8787,9.5272,UI0000271,FAC0008,2023,41786,10724.25,40,21196,675,16714.4,0.38,2186.47,3213.61,I-REC
BANK01,2023,2023-08,3.8402,15.8365,9.5019,UI0000272,FAC0008,2023,41675,10583.99,40,19011,578,16670.0,0.38,1416.16,2043.58,GO
BANK01,2023,2023-09,3.0561,12.7004,6.3502,UI0000273,FAC0008,2023,33422,9412.92,50,15129,570,16711.0,0.38,1611.55,2445.51,I-REC
BANK01,2023,2023-10,3.2181,14.0976,9.8683,UI0000274,FAC0008,2023,37099,7938.45,30,15931,413,11129.7,0.38,1583.32,1831.23,I-REC
BANK01,2023,2023-11,3.4978,13.2825,7.9695,UI0000275,FAC0008,2023,34954,6801.1,40,17316,504,13981.6,0.38,2376.69,1765.86,GO
BANK01,2023,2023-12,4.0527,18.0511,7.2205,UI0000276,FAC0008,2023,47503,9592.47,60,20063,449,28501.8,0.38,2733.18,1682.55,GO
BANK01,2024,2024-01,4.7001,16.5802,8.2901,UI0000277,FAC0008,2024,44945,12627.63,50,23268,369,22472.5,0.3689,2229.85,1508.08,I-REC
BANK01,2024,2024-02,4.1036,16.2213,9.7328,UI0000278,FAC0008,2024,43972,12031.31,40,20315,636,17588.8,0.3689,2090.17,2299.43,I-REC
BANK01,2024,2024-03,3.5182,13.7367,8.242,UI0000279,FAC0008,2024,37237,10727.43,40,17417,498,14894.8,0.3689,2110.15,1860.9,I-REC
BANK01,2024,2024-04,3.2807,13.1244,5.2497,UI0000280,FAC0008,2024,35577,8055.24,60,16241,366,21346.2,0.3689,2242.45,1438.88,I-REC
BANK01,2024,2024-05,2.9924,13.8397,8.3038,UI0000281,FAC0008,2024,37516,8274.43,40,14814,567,15006.4,0.3689,1699.69,2827.2,GO
BANK01,2024,2024-06,3.7721,15.2009,6.0804,UI0000282,FAC0008,2024,41206,8538.13,60,18674,381,24723.6,0.3689,1995.03,1590.39,I-REC
BANK01,2024,2024-07,3.7061,17.0793,8.5397,UI0000283,FAC0008,2024,46298,13557.57,50,18347,583,23149.0,0.3689,1399.95,2578.38,I-REC
BANK01,2024,2024-08,3.982,15.7192,9.4315,UI0000284,FAC0008,2024,42611,10917.49,40,19713,642,17044.4,0.3689,2216.77,2181.03,I-REC
BANK01,2024,2024-09,3.3659,13.221,6.6105,UI0000285,FAC0008,2024,35839,7126.91,50,16663,374,17919.5,0.3689,1917.61,1869.58,GO
BANK01,2024,2024-10,3.2189,11.7827,7.0696,UI0000286,FAC0008,2024,31940,10024.99,40,15935,309,12776.0,0.3689,2139.58,1305.14,I-REC
BANK01,2024,2024-11,3.4496,12.9912,3.8974,UI0000287,FAC0008,2024,35216,6808.77,70,17077,425,24651.2,0.3689,2343.85,2004.62,I-REC
BANK01,2024,2024-12,4.566,18.2701,10.9621,UI0000288,FAC0008,2024,49526,8988.68,40,22604,502,19810.4,0.3689,1874.73,2329.63,GO
BANK01,2022,2022-01,8.6884,31.6926,15.8463,UI0000289,FAC0009,2022,113107,22133.01,50,43012,125,56553.5,0.2802,3395.95,524.3,I-REC
BANK01,2022,2022-02,9.1009,31.272,15.636,UI0000290,FAC0009,2022,111606,30039.5,50,45054,165,55803.0,0.2802,4722.32,735.66,GO
BANK01,2022,2022-03,7.3316,23.0162,11.5081,UI0000291,FAC0009,2022,82142,25327.18,50,36295,250,41071.0,0.2802,4782.22,1090.06,GO
BANK01,2022,2022-04,7.3512,21.1512,16.9209,UI0000292,FAC0009,2022,75486,14393.31,20,36392,160,15097.2,0.2802,4085.31,738.72,GO
BANK01,2022,2022-05,7.3938,23.2227,18.5782,UI0000293,FAC0009,2022,82879,21174.93,20,36603,193,16575.8,0.2802,3140.87,732.24,GO
BANK01,2022,2022-06,9.3863,26.3038,13.1519,UI0000294,FAC0009,2022,93875,19456.42,50,46467,195,46937.5,0.2802,5903.46,646.49,GO
BANK01,2022,2022-07,8.9712,24.9204,17.4443,UI0000295,FAC0009,2022,88938,21628.02,30,44412,131,26681.4,0.2802,4150.9,502.59,I-REC
BANK01,2022,2022-08,9.5546,24.2687,14.5612,UI0000296,FAC0009,2022,86612,17167.13,40,47300,211,34644.8,0.2802,5086.04,1029.96,I-REC
BANK01,2022,2022-09,7.0017,19.6426,11.7855,UI0000297,FAC0009,2022,70102,14950.71,40,34662,113,28040.8,0.2802,4696.41,435.88,I-REC
BANK01,2022,2022-10,7.5441,23.6354,18.9083,UI0000298,FAC0009,2022,84352,16559.29,20,37347,185,16870.4,0.2802,2950.98,843.71,GO
BANK01,2022,2022-11,6.5347,19.535,15.628,UI0000299,FAC0009,2022,69718,17627.21,20,32350,138,13943.6,0.2802,2724.61,521.8,I-REC
BANK01,2022,2022-12,8.8015,31.0425,24.834,UI0000300,FAC0009,2022,110787,25933.0,20,43572,237,22157.4,0.2802,5139.04,745.45,GO
BANK01,2023,2023-01,8.8595,29.8373,17.9024,UI0000301,FAC0009,2023,109696,23646.48,40,43859,249,43878.4,0.272,4115.61,772.92,I-REC
BANK01,2023,2023-02,9.4938,27.0373,18.9261,UI0000302,FAC0009,2023,99402,24647.13,30,46999,173,29820.6,0.272,6077.92,665.87,I-REC
BANK01,2023,2023-03,7.6168,20.8194,10.4097,UI0000303,FAC0009,2023,76542,16889.46,50,37707,200,38271.0,0.272,5181.66,646.33,GO
BANK01,2023,2023-04,7.1264,19.7608,7.9043,UI0000304,FAC0009,2023,72650,21012.85,60,35279,225,43590.0,0.272,3315.61,781.84,GO
BANK01,2023,2023-05,7.6314,22.0595,13.2357,UI0000305,FAC0009,2023,81101,19224.51,40,37779,217,32440.4,0.272,3205.07,930.99,I-REC
BANK01,2023,2023-06,7.9683,25.713,12.8565,UI0000306,FAC0009,2023,94533,22991.82,50,39447,124,47266.5,0.272,4677.53,522.21,I-REC
BANK01,2023,2023-07,8.3891,22.8624,16.0037,UI0000307,FAC0009,2023,84053,24582.15,30,41530,192,25215.9,0.272,3737.85,645.8,I-REC
BANK01,2023,2023-08,9.4698,22.7028,13.6217,UI0000308,FAC0009,2023,83466,19731.34,40,46880,254,33386.4,0.272,5243.51,1052.98,GO
BANK01,2023,2023-09,6.9377,22.3875,8.955,UI0000309,FAC0009,2023,82307,24835.41,60,34345,201,49384.2,0.272,3983.13,936.77,I-REC
BANK01,2023,2023-10,7.4154,21.1499,8.46,UI0000310,FAC0009,2023,77757,14972.24,60,36710,218,46654.2,0.272,3911.63,717.3,GO
BANK01,2023,2023-11,7.1613,21.7331,13.0398,UI0000311,FAC0009,2023,79901,16025.78,40,35452,202,31960.4,0.272,3884.61,724.94,GO
BANK01,2023,2023-12,10.1275,28.916,17.3496,UI0000312,FAC0009,2023,106309,33323.66,40,50136,193,42523.6,0.272,6634.89,620.82,I-REC
BANK01,2024,2024-01,9.777,27.8636,13.9318,UI0000313,FAC0009,2024,105504,30456.64,50,48401,142,52752.0,0.2641,4844.52,586.15,GO
BANK01,2024,2024-02,8.3911,28.4974,17.0985,UI0000314,FAC0009,2024,107904,34378.56,40,41540,200,43161.6,0.2641,4283.12,759.2,I-REC
BANK01,2024,2024-03,7.273,18.0739,10.8444,UI0000315,FAC0009,2024,68436,18468.89,40,36005,251,27374.4,0.2641,2958.68,861.39,I-REC
BANK01,2024,2024-04,7.592,19.8115,9.9057,UI0000316,FAC0009,2024,75015,16924.05,50,37584,143,37507.5,0.2641,4373.95,688.65,I-REC
BANK01,2024,2024-05,7.4591,20.158,12.0948,UI0000317,FAC0009,2024,76327,22671.86,40,36926,185,30530.8,0.2641,5120.36,861.37,I-REC
BANK01,2024,2024-06,9.2207,25.8195,15.4917,UI0000318,FAC0009,2024,97764,31032.61,40,45647,239,39105.6,0.2641,6078.24,987.68,I-REC
BANK01,2024,2024-07,7.6499,23.6039,11.802,UI0000319,FAC0009,2024,89375,21170.46,50,37871,227,44687.5,0.2641,4673.94,928.2,I-REC
BANK01,2024,2024-08,8.7155,22.2285,6.6686,UI0000320,FAC0009,2024,84167,21900.91,70,43146,123,58916.9,0.2641,4061.34,524.07,I-REC
BANK01,2024,2024-09,6.5169,21.2276,6.3683,UI0000321,FAC0009,2024,80377,15573.48,70,32262,192,56263.9,0.2641,4134.15,914.8,I-REC
BANK01,2024,2024-10,7.333,20.6133,8.2453,UI0000322,FAC0009,2024,78051,24762.96,60,36302,155,46830.6,0.2641,4448.07,543.1,GO
BANK01,2024,2024-11,6.5866,18.3647,9.1824,UI0000323,FAC0009,2024,69537,18237.16,50,32607,189,34768.5,0.2641,4047.19,888.21,I-REC
BANK01,2024,2024-12,9.9465,24.903,12.4515,UI0000324,FAC0009,2024,94294,23288.58,50,49240,234,47147.0,0.2641,4217.97,705.05,I-REC
BANK01,2022,2022-01,6.3404,28.8724,14.4362,UI0000325,FAC0010,2022,73767,13924.61,50,31388,910,36883.5,0.3914,2318.34,4247.35,I-REC
BANK01,2022,2022-02,6.4299,28.3925,19.8748,UI0000326,FAC0010,2022,72541,21327.34,30,31831,658,21762.3,0.3914,2974.25,3249.85,I-REC
BANK01,2022,2022-03,4.383,21.6636,17.3309,UI0000327,FAC0010,2022,55349,14705.65,20,21698,651,11069.8,0.3914,1943.0,2334.53,GO
BANK01,2022,2022-04,5.1635,20.6604,10.3302,UI0000328,FAC0010,2022,52786,12515.07,50,25562,855,26393.0,0.3914,2106.39,3641.51,I-REC
BANK01,2022,2022-05,4.8981,18.9989,9.4995,UI0000329,FAC0010,2022,48541,12998.16,50,24248,952,24270.5,0.3914,1782.74,3557.36,GO
BANK01,2022,2022-06,5.6186,25.4046,12.7023,UI0000330,FAC0010,2022,64907,15706.02,50,27815,1313,32453.5,0.3914,2495.15,4365.23,GO
BANK01,2022,2022-07,5.8293,25.7846,12.8923,UI0000331,FAC0010,2022,65878,18894.82,50,28858,710,32939.0,0.3914,2851.61,2314.64,GO
BANK01,2022,2022-08,5.3233,22.931,11.4655,UI0000332,FAC0010,2022,58587,16492.14,50,26353,1236,29293.5,0.3914,3368.45,5989.23,GO
BANK01,2022,2022-09,5.2831,21.9411,17.5529,UI0000333,FAC0010,2022,56058,16126.53,20,26154,1050,11211.6,0.3914,2313.27,3984.29,I-REC
BANK01,2022,2022-10,4.8508,20.3266,14.2286,UI0000334,FAC0010,2022,51933,10790.72,30,24014,652,15579.9,0.3914,2443.92,2072.3,GO
BANK01,2022,2022-11,5.2344,18.7434,13.1204,UI0000335,FAC0010,2022,47888,9978.26,30,25913,884,14366.4,0.3914,3475.12,3361.52,I-REC
BANK01,2022,2022-12,6.9736,26.7956,18.7569,UI0000336,FAC0010,2022,68461,20465.48,30,34523,969,20538.3,0.3914,4589.42,3225.36,I-REC
BANK01,2023,2023-01,6.426,23.6185,16.533,UI0000337,FAC0010,2023,62154,13092.24,30,31812,599,18646.2,0.38,3166.34,2785.55,I-REC
BANK01,2023,2023-02,6.0669,28.1246,14.0623,UI0000338,FAC0010,2023,74012,17217.96,50,30034,972,37006.0,0.38,2502.65,3785.92,I-REC
BANK01,2023,2023-03,4.765,20.7541,14.5279,UI0000339,FAC0010,2023,54616,15381.95,30,23589,844,16384.8,0.38,1929.78,3509.03,GO
BANK01,2023,2023-04,5.0662,17.5066,12.2546,UI0000340,FAC0010,2023,46070,14568.76,30,25080,833,13821.0,0.38,1921.53,2957.8,GO
BANK01,2023,2023-05,4.4733,21.1527,10.5763,UI0000341,FAC0010,2023,55665,16503.56,50,22145,762,27832.5,0.38,2167.67,3100.09,GO
BANK01,2023,2023-06,6.2392,25.5368,10.2147,UI0000342,FAC0010,2023,67202,18374.28,60,30887,1190,40321.2,0.38,2530.33,4014.22,I-REC
BANK01,2023,2023-07,5.3809,21.2382,8.4953,UI0000343,FAC0010,2023,55890,17057.48,60,26638,672,33534.0,0.38,2962.93,3127.92,GO
BANK01,2023,2023-08,5.4176,21.6535,8.6614,UI0000344,FAC0010,2023,56983,11626.06,60,26820,1013,34189.8,0.38,2902.7,4527.19,I-REC
BANK01,2023,2023-09,4.9407,19.2139,11.5284,UI0000345,FAC0010,2023,50563,14466.23,40,24459,1082,20225.2,0.38,3195.83,3747.24,GO
BANK01,2023,2023-10,4.4796,20.4888,12.2933,UI0000346,FAC0010,2023,53918,13807.95,40,22176,690,21567.2,0.38,3098.3,2633.63,GO
BANK01,2023,2023-11,4.7906,18.6257,13.038,UI0000347,FAC0010,2023,49015,12204.52,30,23716,957,14704.5,0.38,2826.88,3913.36,GO
BANK01,2023,2023-12,6.1739,26.3644,18.4551,UI0000348,FAC0010,2023,69380,16894.05,30,30564,1338,20814.0,0.38,3637.35,5091.52,I-REC
BANK01,2024,2024-01,5.8445,26.5549,13.2774,UI0000349,FAC0010,2024,71984,21625.01,50,28933,922,35992.0,0.3689,2056.62,4175.8,I-REC
BANK01,2024,2024-02,5.7305,23.8103,11.9051,UI0000350,FAC0010,2024,64544,13248.49,50,28369,1124,32272.0,0.3689,3235.26,4109.1,GO
BANK01,2024,2024-03,5.0833,17.0635,6.8254,UI0000351,FAC0010,2024,46255,8421.95,60,25165,1140,27753.0,0.3689,2351.76,5674.63,I-REC
BANK01,2024,2024-04,4.8007,19.9121,9.9561,UI0000352,FAC0010,2024,53977,15251.12,50,23766,922,26988.5,0.3689,2533.42,4186.05,GO
BANK01,2024,2024-05,5.0736,17.1184,5.1355,UI0000353,FAC0010,2024,46404,14647.34,70,25117,709,32482.8,0.3689,3085.56,3481.04,I-REC
BANK01,2024,2024-06,5.695,22.6383,11.3191,UI0000354,FAC0010,2024,61367,14740.02,50,28193,1143,30683.5,0.3689,3175.3,4089.21,I-REC
BANK01,2024,2024-07,5.1088,22.59,13.554,UI0000355,FAC0010,2024,61236,18317.04,40,25291,725,24494.4,0.3689,3183.81,3554.53,GO
BANK01,2024,2024-08,5.3506,23.2392,6.9718,UI0000356,FAC0010,2024,62996,19938.32,70,26488,1270,44097.2,0.3689,2963.36,5566.17,I-REC
BANK01,2024,2024-09,4.4351,18.3384,7.3354,UI0000357,FAC0010,2024,49711,14836.69,60,21956,702,29826.6,0.3689,2474.03,2883.17,I-REC
BANK01,2024,2024-10,4.2428,16.7222,5.0167,UI0000358,FAC0010,2024,45330,14267.17,70,21004,875,31731.0,0.3689,2574.72,2687.65,GO
BANK01,2024,2024-11,4.2499,18.8785,9.4392,UI0000359,FAC0010,2024,51175,15625.13,50,21039,1336,25587.5,0.3689,2064.26,5051.41,I-REC
BANK01,2024,2024-12,6.5026,22.9308,13.7585,UI0000360,FAC0010,2024,62160,19316.01,40,32191,1123,24864.0,0.3689,3271.91,4223.49,I-REC
BANK01,2022,2022-01,2.8496,7.0457,3.5229,UI0000361,FAC0011,2022,27362,6820.96,50,14107,276,13681.0,0.2575,1513.03,1040.23,I-REC
BANK01,2022,2022-02,2.8551,7.1564,3.5782,UI0000362,FAC0011,2022,27792,7798.31,50,14134,313,13896.0,0.2575,1141.66,1461.14,GO
BANK01,2022,2022-03,2.1218,5.5638,4.451,UI0000363,FAC0011,2022,21607,6280.59,20,10504,234,4321.4,0.2575,1126.55,1020.97,I-REC
BANK01,2022,2022-04,2.1497,5.1951,3.6365,UI0000364,FAC0011,2022,20175,4672.84,30,10642,269,6052.5,0.2575,1263.05,1282.07,I-REC
BANK01,2022,2022-05,2.2434,5.9604,2.9802,UI0000365,FAC0011,2022,23147,5400.92,50,11106,283,11573.5,0.2575,1259.06,1237.06,I-REC
BANK01,2022,2022-06,2.3143,7.1515,4.2909,UI0000366,FAC0011,2022,27773,8497.63,40,11457,164,11109.2,0.2575,943.07,736.84,I-REC
BANK01,2022,2022-07,2.4357,7.5512,3.7756,UI0000367,FAC0011,2022,29325,7169.85,50,12058,175,14662.5,0.2575,1176.68,574.12,I-REC
BANK01,2022,2022-08,2.6109,7.5146,5.2602,UI0000368,FAC0011,2022,29183,7843.01,30,12925,176,8754.9,0.2575,1025.17,715.51,GO
BANK01,2022,2022-09,1.9931,5.8592,4.1014,UI0000369,FAC0011,2022,22754,6855.35,30,9867,215,6826.2,0.2575,825.08,1058.0,GO
BANK01,2022,2022-10,2.2713,6.2606,4.3824,UI0000370,FAC0011,2022,24313,5263.81,30,11244,205,7293.9,0.2575,1325.81,990.56,GO
BANK01,2022,2022-11,2.199,5.4096,2.7048,UI0000371,FAC0011,2022,21008,4304.66,50,10886,277,10504.0,0.2575,1482.15,1046.55,I-REC
BANK01,2022,2022-12,2.6034,8.4164,5.8915,UI0000372,FAC0011,2022,32685,9856.71,30,12888,319,9805.5,0.2575,1102.68,1294.97,GO
BANK01,2023,2023-01,2.6595,7.7343,5.414,UI0000373,FAC0011,2023,30937,7993.83,30,13166,183,9281.1,0.25,1282.18,682.88,I-REC
BANK01,2023,2023-02,2.7248,7.983,3.1932,UI0000374,FAC0011,2023,31932,9992.83,60,13489,190,19159.2,0.25,1471.76,575.94,I-REC
BANK01,2023,2023-03,2.0428,5.294,2.647,UI0000375,FAC0011,2023,21176,4476.37,50,10113,269,10588.0,0.25,845.36,1144.93,GO
BANK01,2023,2023-04,2.1196,5.074,3.5518,UI0000376,FAC0011,2023,20296,6285.36,30,10493,237,6088.8,0.25,817.65,939.1,GO
BANK01,2023,2023-05,1.8622,5.474,2.737,UI0000377,FAC0011,2023,21896,5725.3,50,9219,239,10948.0,0.25,819.01,735.02,GO
BANK01,2023,2023-06,2.3577,7.166,3.583,UI0000378,FAC0011,2023,28664,6337.93,50,11672,199,14332.0,0.25,904.89,926.38,I-REC
BANK01,2023,2023-07,2.361,6.312,3.7872,UI0000379,FAC0011,2023,25248,7434.41,40,11688,174,10099.2,0.25,1207.49,816.36,GO
BANK01,2023,2023-08,2.3719,6.7445,3.3723,UI0000380,FAC0011,2023,26978,5028.99,50,11742,221,13489.0,0.25,1610.84,780.46,GO
BANK01,2023,2023-09,2.1285,5.872,4.1104,UI0000381,FAC0011,2023,23488,5160.01,30,10537,262,7046.4,0.25,1305.36,831.66,GO
BANK01,2023,2023-10,1.9156,5.7947,4.0563,UI0000382,FAC0011,2023,23179,6431.04,30,9483,213,6953.7,0.25,1011.46,878.19,GO
BANK01,2023,2023-11,2.185,5.6067,3.9247,UI0000383,FAC0011,2023,22427,4889.88,30,10817,283,6728.1,0.25,855.46,1327.1,GO
BANK01,2023,2023-12,2.9252,7.361,4.4166,UI0000384,FAC0011,2023,29444,8969.41,40,14481,206,11777.6,0.25,1961.63,847.65,I-REC
BANK01,2024,2024-01,2.8234,7.5409,3.0164,UI0000385,FAC0011,2024,31071,9351.28,60,13977,219,18642.6,0.2427,1549.35,838.99,GO
BANK01,2024,2024-02,2.6967,7.3201,3.66,UI0000386,FAC0011,2024,30161,6012.62,50,13350,194,15080.5,0.2427,1594.35,779.96,GO
BANK01,2024,2024-03,2.1646,5.7292,2.2917,UI0000387,FAC0011,2024,23606,6671.16,60,10716,194,14163.6,0.2427,1066.64,723.12,I-REC
BANK01,2024,2024-04,2.1222,5.6076,2.243,UI0000388,FAC0011,2024,23105,4733.95,60,10506,299,13863.0,0.2427,830.21,1469.89,GO
BANK01,2024,2024-05,2.1945,5.6532,1.696,UI0000389,FAC0011,2024,23293,7406.1,70,10864,294,16305.1,0.2427,779.79,1430.35,I-REC
BANK01,2024,2024-06,2.2268,5.7547,2.3019,UI0000390,FAC0011,2024,23711,5504.52,60,11024,170,14226.6,0.2427,948.84,730.1,GO
BANK01,2024,2024-07,2.6777,6.0432,3.6259,UI0000391,FAC0011,2024,24900,7268.4,40,13256,166,9960.0,0.2427,1733.8,520.99,GO
BANK01,2024,2024-08,2.3743,5.7539,2.877,UI0000392,FAC0011,2024,23708,6369.83,50,11754,147,11854.0,0.2427,1173.02,658.02,I-REC
BANK01,2024,2024-09,1.9202,5.4144,1.6243,UI0000393,FAC0011,2024,22309,5220.65,70,9506,194,15616.3,0.2427,1077.96,860.09,I-REC
BANK01,2024,2024-10,2.1927,4.8523,2.4262,UI0000394,FAC0011,2024,19993,4782.93,50,10855,271,9996.5,0.2427,1442.86,1240.54,I-REC
BANK01,2024,2024-11,1.9236,5.4535,3.2721,UI0000395,FAC0011,2024,22470,4452.73,40,9523,219,8988.0,0.2427,1230.54,1088.34,I-REC
BANK01,2024,2024-12,2.9001,7.2494,4.3497,UI0000396,FAC0011,2024,29870,7575.51,40,14357,195,11948.0,0.2427,1814.39,652.42,GO
BANK01,2022,2022-01,7.3938,29.4466,20.6126,UI0000397,FAC0012,2022,75234,22351.07,30,36603,684,22570.2,0.3914,2885.81,2881.8,GO
BANK01,2022,2022-02,7.1556,31.4044,25.1235,UI0000398,FAC0012,2022,80236,15105.06,20,35424,633,16047.2,0.3914,4310.42,3020.02,GO
BANK01,2022,2022-03,5.1272,21.981,15.3867,UI0000399,FAC0012,2022,56160,15750.42,30,25382,570,16848.0,0.3914,2599.7,1737.62,I-REC
BANK01,2022,2022-04,5.1857,20.4283,16.3427,UI0000400,FAC0012,2022,52193,14255.06,20,25672,584,10438.6,0.3914,2115.01,1963.02,I-REC
BANK01,2022,2022-05,5.1781,21.2385,12.7431,UI0000401,FAC0012,2022,54263,14037.07,40,25634,465,21705.2,0.3914,2271.02,1521.17,I-REC
BANK01,2022,2022-06,6.4652,24.913,17.4391,UI0000402,FAC0012,2022,63651,16969.71,30,32006,360,19095.3,0.3914,3385.11,1638.37,I-REC
BANK01,2022,2022-07,6.3151,27.6696,19.3687,UI0000403,FAC0012,2022,70694,19945.45,30,31263,759,21208.2,0.3914,3047.35,3110.95,I-REC
BANK01,2022,2022-08,6.2974,25.057,12.5285,UI0000404,FAC0012,2022,64019,13096.81,50,31175,401,32009.5,0.3914,3179.9,1375.48,GO
BANK01,2022,2022-09,5.4419,21.6452,15.1516,UI0000405,FAC0012,2022,55302,17361.33,30,26940,445,16590.6,0.3914,3632.22,1624.98,I-REC
BANK01,2022,2022-10,5.2954,20.4612,14.3229,UI0000406,FAC0012,2022,52277,14833.04,30,26215,606,15683.1,0.3914,3452.75,2975.87,I-REC
BANK01,2022,2022-11,5.5277,22.9145,18.3316,UI0000407,FAC0012,2022,58545,15786.66,20,27365,647,11709.0,0.3914,2368.14,2653.55,GO
BANK01,2022,2022-12,6.4901,27.6548,19.3583,UI0000408,FAC0012,2022,70656,20526.22,30,32129,646,21196.8,0.3914,4173.52,2635.89,I-REC
BANK01,2023,2023-01,7.414,26.7775,18.7442,UI0000409,FAC0012,2023,70467,17509.25,30,36703,468,21140.1,0.38,4225.34,2093.94,I-REC
BANK01,2023,2023-02,6.4317,29.9014,14.9507,UI0000410,FAC0012,2023,78688,16886.36,50,31840,717,39344.0,0.38,2272.4,2627.98,GO
BANK01,2023,2023-03,5.1904,22.355,8.942,UI0000411,FAC0012,2023,58829,15623.21,60,25695,783,35297.4,0.38,3102.72,2631.6,I-REC
BANK01,2023,2023-04,5.4431,20.6108,8.2443,UI0000412,FAC0012,2023,54239,9783.43,60,26946,741,32543.4,0.38,2963.33,2875.29,GO
BANK01,2023,2023-05,4.9385,19.4245,7.7698,UI0000413,FAC0012,2023,51117,14638.09,60,24448,652,30670.2,0.38,3269.83,2893.27,GO
BANK01,2023,2023-06,6.5066,24.0065,14.4039,UI0000414,FAC0012,2023,63175,16497.58,40,32211,721,25270.0,0.38,3513.64,3482.4,GO
BANK01,2023,2023-07,5.8087,24.1532,16.9072,UI0000415,FAC0012,2023,63561,12639.76,30,28756,719,19068.3,0.38,2746.24,3205.59,I-REC
BANK01,2023,2023-08,5.6899,26.6133,18.6293,UI0000416,FAC0012,2023,70035,21267.67,30,28168,432,21010.5,0.38,2494.89,1774.84,I-REC
BANK01,2023,2023-09,5.5607,21.2762,8.5105,UI0000417,FAC0012,2023,55990,12816.32,60,27528,752,33594.0,0.38,2332.75,3368.93,I-REC
BANK01,2023,2023-10,4.9805,21.6862,13.0117,UI0000418,FAC0012,2023,57069,12164.34,40,24656,582,22827.6,0.38,2649.27,2821.89,GO
BANK01,2023,2023-11,5.5431,22.0769,15.4538,UI0000419,FAC0012,2023,58097,12100.4,30,27441,709,17429.1,0.38,2455.12,2555.38,GO
BANK01,2023,2023-12,7.013,30.1237,15.0619,UI0000420,FAC0012,2023,79273,15484.18,50,34718,720,39636.5,0.38,2591.65,3362.67,GO
BANK01,2024,2024-01,6.2913,24.6447,14.7868,UI0000421,FAC0012,2024,66806,12238.7,40,31145,680,26722.4,0.3689,2505.46,2824.98,I-REC
BANK01,2024,2024-02,6.9854,27.9014,11.1606,UI0000422,FAC0012,2024,75634,20645.15,60,34581,615,45380.4,0.3689,2644.52,2089.57,I-REC
BANK01,2024,2024-03,5.3774,18.936,11.3616,UI0000423,FAC0012,2024,51331,13638.2,40,26621,580,20532.4,0.3689,2229.33,1745.7,GO
BANK01,2024,2024-04,4.9789,19.4846,5.8454,UI0000424,FAC0012,2024,52818,10194.41,70,24648,442,36972.6,0.3689,3394.5,1454.34,GO
BANK01,2024,2024-05,4.6591,18.0292,9.0146,UI0000425,FAC0012,2024,48873,9874.14,50,23065,415,24436.5,0.3689,3013.93,2011.91,I-REC
BANK01,2024,2024-06,6.0119,26.4527,13.2264,UI0000426,FAC0012,2024,71707,13444.38,50,29762,691,35853.5,0.3689,3345.51,3104.0,GO
BANK01,2024,2024-07,5.6477,22.2336,11.1168,UI0000427,FAC0012,2024,60270,18554.72,50,27959,530,30135.0,0.3689,2039.04,2244.56,GO
BANK01,2024,2024-08,5.6762,21.9558,6.5867,UI0000428,FAC0012,2024,59517,18482.19,70,28100,503,41661.9,0.3689,2356.37,2135.71,GO
BANK01,2024,2024-09,4.545,20.7296,6.2189,UI0000429,FAC0012,2024,56193,13106.44,70,22500,608,39335.1,0.3689,1903.23,1840.31,I-REC
BANK01,2024,2024-10,5.1597,18.5461,7.4184,UI0000430,FAC0012,2024,50274,14515.65,60,25543,651,30164.4,0.3689,1973.3,2948.2,GO
BANK01,2024,2024-11,4.6086,18.9552,5.6866,UI0000431,FAC0012,2024,51383,13747.46,70,22815,476,35968.1,0.3689,1821.61,1748.97,I-REC
BANK01,2024,2024-12,6.8987,23.8295,11.9147,UI0000432,FAC0012,2024,64596,17020.09,50,34152,797,32298.0,0.3689,3288.51,2418.28,GO
BANK01,2022,2022-01,9.639,45.894,27.5364,UI0000433,FAC0013,2022,117256,32951.33,40,47718,1143,46902.4,0.3914,6144.9,3579.92,GO
BANK01,2022,2022-02,10.5866,45.1946,31.6362,UI0000434,FAC0013,2022,115469,32353.75,30,52409,1114,34640.7,0.3914,5755.6,4111.19,GO
BANK01,2022,2022-03,7.8295,34.136,27.3088,UI0000435,FAC0013,2022,87215,18493.14,20,38760,1127,17443.0,0.3914,3944.27,3700.8,I-REC
BANK01,2022,2022-04,8.3713,30.3308,18.1985,UI0000436,FAC0013,2022,77493,18151.31,40,41442,931,30997.2,0.3914,5113.12,3035.68,I-REC
BANK01,2022,2022-05,7.3304,34.57,24.199,UI0000437,FAC0013,2022,88324,16215.44,30,36289,591,26497.2,0.3914,5055.31,2872.48,I-REC
BANK01,2022,2022-06,9.1522,38.902,27.2314,UI0000438,FAC0013,2022,99392,25648.5,30,45308,653,29817.6,0.3914,4053.03,2176.26,I-REC
BANK01,2022,2022-07,9.3053,40.4586,32.3669,UI0000439,FAC0013,2022,103369,24846.92,20,46066,1054,20673.8,0.3914,6004.13,3209.18,I-REC
BANK01,2022,2022-08,8.7092,37.367,29.8936,UI0000440,FAC0013,2022,95470,21760.92,20,43115,738,19094.0,0.3914,3805.95,3489.35,I-REC
BANK01,2022,2022-09,7.9851,34.4499,24.1149,UI0000441,FAC0013,2022,88017,24483.53,30,39530,997,26405.1,0.3914,5164.67,3055.57,I-REC
BANK01,2022,2022-10,6.9569,29.4767,14.7384,UI0000442,FAC0013,2022,75311,23641.82,50,34440,797,37655.5,0.3914,3771.52,3615.85,GO
BANK01,2022,2022-11,7.5827,32.0165,25.6132,UI0000443,FAC0013,2022,81800,18971.41,20,37538,1100,16360.0,0.3914,4178.3,5012.44,GO
BANK01,2022,2022-12,9.8267,41.7972,29.2581,UI0000444,FAC0013,2022,106789,22978.79,30,48647,1141,32036.7,0.3914,6271.11,3735.31,I-REC
BANK01,2023,2023-01,9.9857,43.5583,30.4908,UI0000445,FAC0013,2023,114627,29538.44,30,49434,539,34388.1,0.38,6121.96,2476.45,GO
BANK01,2023,2023-02,9.1344,41.1308,16.4523,UI0000446,FAC0013,2023,108239,27875.66,60,45220,556,64943.4,0.38,3483.13,2111.29,GO
BANK01,2023,2023-03,6.9282,32.3817,22.6672,UI0000447,FAC0013,2023,85215,21833.12,30,34298,653,25564.5,0.38,3641.75,3019.91,GO
BANK01,2023,2023-04,7.4681,31.8079,22.2655,UI0000448,FAC0013,2023,83705,25243.8,30,36971,643,25111.5,0.38,2867.94,2369.74,I-REC
BANK01,2023,2023-05,6.9197,28.0588,11.2235,UI0000449,FAC0013,2023,73839,17973.51,60,34256,901,44303.4,0.38,2989.01,3535.43,I-REC
BANK01,2023,2023-06,8.4489,35.5604,17.7802,UI0000450,FAC0013,2023,93580,21575.52,50,41826,571,46790.0,0.38,4481.6,2027.68,GO
BANK01,2023,2023-07,9.7794,36.0947,21.6568,UI0000451,FAC0013,2023,94986,17427.14,40,48413,662,37994.4,0.38,5304.09,2226.61,GO
BANK01,2023,2023-08,9.276,37.8351,15.134,UI0000452,FAC0013,2023,99566,27726.85,60,45921,791,59739.6,0.38,5130.81,3157.95,I-REC
BANK01,2023,2023-09,7.6394,28.9435,17.3661,UI0000453,FAC0013,2023,76167,20182.33,40,37819,776,30466.8,0.38,3061.86,3584.91,GO
BANK01,2023,2023-10,8.184,33.4601,13.3841,UI0000454,FAC0013,2023,88053,21234.27,60,40515,1137,52831.8,0.38,3258.38,4214.25,GO
BANK01,2023,2023-11,7.1554,28.079,11.2316,UI0000455,FAC0013,2023,73892,13496.91,60,35423,636,44335.2,0.38,2622.39,2246.36,I-REC
BANK01,2023,2023-12,9.2581,40.3157,28.221,UI0000456,FAC0013,2023,106094,30312.48,30,45832,1228,31828.2,0.38,5759.12,3808.22,GO
BANK01,2024,2024-01,10.1899,39.711,15.8844,UI0000457,FAC0013,2024,107647,19939.36,60,50445,626,64588.2,0.3689,6176.06,2206.89,GO
BANK01,2024,2024-02,10.3905,36.9597,14.7839,UI0000458,FAC0013,2024,100189,26087.58,60,51438,932,60113.4,0.3689,4735.04,4040.61,GO
BANK01,2024,2024-03,7.1249,30.4811,12.1924,UI0000459,FAC0013,2024,82627,21935.67,60,35272,660,49576.2,0.3689,3708.09,3046.34,I-REC
BANK01,2024,2024-04,7.8845,28.0807,8.4242,UI0000460,FAC0013,2024,76120,22049.35,70,39032,1125,53284.0,0.3689,4178.11,4483.85,GO
BANK01,2024,2024-05,6.7529,27.6479,8.2944,UI0000461,FAC0013,2024,74947,20679.51,70,33430,869,52462.9,0.3689,4244.16,3271.3,GO
BANK01,2024,2024-06,8.6648,36.1732,10.852,UI0000462,FAC0013,2024,98057,30766.69,70,42895,831,68639.9,0.3689,3448.36,3299.0,I-REC
BANK01,2024,2024-07,9.0126,39.006,19.503,UI0000463,FAC0013,2024,105736,22486.01,50,44617,946,52868.0,0.3689,3667.24,3447.83,I-REC
BANK01,2024,2024-08,9.4681,33.5009,13.4004,UI0000464,FAC0013,2024,90813,23756.77,60,46872,1229,54487.8,0.3689,6273.25,6134.36,I-REC
BANK01,2024,2024-09,6.6781,28.9494,11.5798,UI0000465,FAC0013,2024,78475,15939.84,60,33060,1046,47085.0,0.3689,3311.13,5204.99,I-REC
BANK01,2024,2024-10,6.6955,30.2037,9.0611,UI0000466,FAC0013,2024,81875,24134.61,70,33146,872,57312.5,0.3689,3574.42,2915.15,GO
BANK01,2024,2024-11,6.7377,26.8596,16.1158,UI0000467,FAC0013,2024,72810,19536.05,40,33355,650,29124.0,0.3689,3876.88,2287.34,GO
BANK01,2024,2024-12,10.6541,41.7488,25.0493,UI0000468,FAC0013,2024,113171,24097.44,40,52743,928,45268.4,0.3689,6218.62,4177.72,GO
BANK01,2022,2022-01,3.8327,11.4652,5.7326,UI0000469,FAC0014,2022,40918,12525.68,50,18974,2070,20459.0,0.2802,2520.15,6555.69,GO
BANK01,2022,2022-02,3.4017,11.1777,6.7066,UI0000470,FAC0014,2022,39892,12362.23,40,16840,2008,15956.8,0.2802,1777.89,9298.32,I-REC
BANK01,2022,2022-03,3.0862,9.0734,5.4441,UI0000471,FAC0014,2022,32382,7207.46,40,15278,2124,12952.8,0.2802,1217.3,9591.27,I-REC
BANK01,2022,2022-04,3.0353,8.3948,5.8764,UI0000472,FAC0014,2022,29960,7788.17,30,15026,1400,8988.0,0.2802,1514.99,5619.17,GO
BANK01,2022,2022-05,2.5452,8.3718,6.6975,UI0000473,FAC0014,2022,29878,6463.51,20,12600,1168,5975.6,0.2802,923.3,4611.98,GO
BANK01,2022,2022-06,3.1674,10.306,7.2142,UI0000474,FAC0014,2022,36781,8578.62,30,15680,2016,11034.3,0.2802,1191.04,8449.78,GO
BANK01,2022,2022-07,3.5495,9.5148,6.6603,UI0000475,FAC0014,2022,33957,8541.06,30,17572,1056,10187.1,0.2802,1844.67,4893.8,GO
BANK01,2022,2022-08,3.2169,9.8857,6.92,UI0000476,FAC0014,2022,35281,8639.27,30,15925,1798,10584.3,0.2802,1953.22,7474.63,GO
BANK01,2022,2022-09,3.0633,9.3237,7.4589,UI0000477,FAC0014,2022,33275,7233.95,20,15165,1554,6655.0,0.2802,1686.63,5374.78,I-REC
BANK01,2022,2022-10,3.049,7.8296,3.9148,UI0000478,FAC0014,2022,27943,5469.81,50,15094,1061,13971.5,0.2802,1507.9,4232.02,GO
BANK01,2022,2022-11,2.6785,8.5654,5.9958,UI0000479,FAC0014,2022,30569,6928.86,30,13260,1567,9170.7,0.2802,1278.49,5036.37,GO
BANK01,2022,2022-12,3.8218,12.2778,6.1389,UI0000480,FAC0014,2022,43818,9002.04,50,18920,2037,21909.0,0.2802,2172.01,9715.54,I-REC
BANK01,2023,2023-01,3.8346,11.6699,4.668,UI0000481,FAC0014,2023,42904,10027.62,60,18983,1308,25742.4,0.272,1659.23,4616.8,I-REC
BANK01,2023,2023-02,3.336,10.9934,5.4967,UI0000482,FAC0014,2023,40417,8133.38,50,16515,1523,20208.5,0.272,1669.27,5034.88,GO
BANK01,2023,2023-03,2.7011,7.8037,3.9018,UI0000483,FAC0014,2023,28690,7493.82,50,13372,1152,14345.0,0.272,1163.65,4908.25,GO
BANK01,2023,2023-04,2.7902,7.7022,4.6213,UI0000484,FAC0014,2023,28317,6151.26,40,13813,950,11326.8,0.272,1353.8,4173.71,I-REC
BANK01,2023,2023-05,2.5107,7.6261,3.813,UI0000485,FAC0014,2023,28037,6597.85,50,12429,1501,14018.5,0.272,1001.7,7467.54,I-REC
BANK01,2023,2023-06,3.4475,9.9106,6.9374,UI0000486,FAC0014,2023,36436,9737.65,30,17067,1036,10930.8,0.272,1270.45,3729.39,GO
BANK01,2023,2023-07,3.6015,9.294,5.5764,UI0000487,FAC0014,2023,34169,7861.76,40,17829,1692,13667.6,0.272,2190.91,7105.35,I-REC
BANK01,2023,2023-08,3.7156,10.4777,4.1911,UI0000488,FAC0014,2023,38521,7516.0,60,18394,2055,23112.6,0.272,1562.28,9123.03,I-REC
BANK01,2023,2023-09,2.6767,8.701,6.0907,UI0000489,FAC0014,2023,31989,9870.82,30,13251,2191,9596.7,0.272,1225.52,8812.39,GO
BANK01,2023,2023-10,2.9189,7.9046,4.7428,UI0000490,FAC0014,2023,29061,6696.94,40,14450,1836,11624.4,0.272,1978.64,8263.75,I-REC
BANK01,2023,2023-11,2.6329,8.0577,3.2231,UI0000491,FAC0014,2023,29624,6650.7,60,13034,1730,17774.4,0.272,941.18,5858.64,I-REC
BANK01,2023,2023-12,3.338,10.2996,4.1198,UI0000492,FAC0014,2023,37866,11296.11,60,16525,1668,22719.6,0.272,1700.48,7473.76,GO
BANK01,2024,2024-01,3.9236,11.0436,5.5218,UI0000493,FAC0014,2024,41816,11625.99,50,19424,1032,20908.0,0.2641,2168.07,4279.16,GO
BANK01,2024,2024-02,3.2811,10.3274,6.1964,UI0000494,FAC0014,2024,39104,11781.32,40,16243,1634,15641.6,0.2641,1662.0,6703.17,I-REC
BANK01,2024,2024-03,2.4812,7.0554,4.2333,UI0000495,FAC0014,2024,26715,7753.19,40,12283,1292,10686.0,0.2641,1581.82,5484.66,I-REC
BANK01,2024,2024-04,2.7777,8.3173,2.4952,UI0000496,FAC0014,2024,31493,8386.76,70,13751,2149,22045.1,0.2641,1480.82,9905.89,I-REC
BANK01,2024,2024-05,2.9666,7.2886,2.1866,UI0000497,FAC0014,2024,27598,6171.64,70,14686,1451,19318.6,0.2641,1548.94,5999.08,I-REC
BANK01,2024,2024-06,3.5538,9.7331,3.8933,UI0000498,FAC0014,2024,36854,11684.39,60,17593,1364,22112.4,0.2641,2221.13,4226.49,I-REC
BANK01,2024,2024-07,3.0692,8.6741,4.3371,UI0000499,FAC0014,2024,32844,6181.32,50,15194,1708,16422.0,0.2641,1794.74,6756.02,I-REC
BANK01,2024,2024-08,3.4415,9.1191,5.4715,UI0000500,FAC0014,2024,34529,7913.24,40,17037,1432,13811.6,0.2641,1276.53,4521.13,GO
BANK01,2024,2024-09,2.4717,7.9544,2.3863,UI0000501,FAC0014,2024,30119,6294.87,70,12236,2003,21083.3,0.2641,1125.8,7654.62,GO
BANK01,2024,2024-10,2.5062,7.9954,3.1981,UI0000502,FAC0014,2024,30274,6838.03,60,12407,1601,18164.4,0.2641,1389.14,6016.5,GO
BANK01,2024,2024-11,2.4515,6.9184,2.7673,UI0000503,FAC0014,2024,26196,7674.88,60,12136,1780,15717.6,0.2641,1103.28,8797.74,I-REC
BANK01,2024,2024-12,3.2847,9.7207,2.9162,UI0000504,FAC0014,2024,36807,10141.7,70,16261,2115,25764.9,0.2641,1450.12,10164.82,GO
BANK01,2022,2022-01,19.9756,87.9319,43.966,UI0000505,FAC0015,2022,224660,42011.49,50,98889,2228,112330.0,0.3914,12385.1,7852.05,GO
BANK01,2022,2022-02,20.6676,74.0372,37.0186,UI0000506,FAC0015,2022,189160,56960.8,50,102315,2001,94580.0,0.3914,10671.66,7776.27,GO
BANK01,2022,2022-03,13.2702,61.9629,37.1778,UI0000507,FAC0015,2022,158311,45517.7,40,65694,2264,63324.4,0.3914,9035.1,7662.68,GO
BANK01,2022,2022-04,14.9678,61.5805,43.1064,UI0000508,FAC0015,2022,157334,47197.88,30,74098,2216,47200.2,0.3914,7103.56,10188.86,GO
BANK01,2022,2022-05,15.4795,66.1251,46.2876,UI0000509,FAC0015,2022,168945,48632.42,30,76631,3026,50683.5,0.3914,7169.25,10828.18,I-REC
BANK01,2022,2022-06,18.38,69.2813,41.5688,UI0000510,FAC0015,2022,177009,37534.1,40,90990,2553,70803.6,0.3914,6711.33,11206.61,GO
BANK01,2022,2022-07,16.6884,77.8033,54.4623,UI0000511,FAC0015,2022,198782,40015.18,30,82616,1767,59634.6,0.3914,6830.12,7994.04,I-REC
BANK01,2022,2022-08,19.5677,74.4458,37.2229,UI0000512,FAC0015,2022,190204,42507.98,50,96870,2317,95102.0,0.3914,7691.82,8415.37,GO
BANK01,2022,2022-09,13.2659,56.1796,33.7078,UI0000513,FAC0015,2022,143535,40086.42,40,65673,1564,57414.0,0.3914,5056.43,5857.21,GO
BANK01,2022,2022-10,14.6593,67.3122,33.6561,UI0000514,FAC0015,2022,171978,54873.41,50,72571,3219,85989.0,0.3914,5111.06,15479.77,GO
BANK01,2022,2022-11,13.5021,61.9547,30.9774,UI0000515,FAC0015,2022,158290,39155.89,50,66842,2525,79145.0,0.3914,6992.84,10397.09,I-REC
BANK01,2022,2022-12,17.8885,77.0142,46.2085,UI0000516,FAC0015,2022,196766,47651.29,40,88557,2504,78706.4,0.3914,11068.88,7580.21,GO
BANK01,2023,2023-01,18.9357,82.7325,33.093,UI0000517,FAC0015,2023,217717,63345.62,60,93741,3290,130630.2,0.38,12157.45,14071.95,GO
BANK01,2023,2023-02,17.7918,76.8508,46.1105,UI0000518,FAC0015,2023,202239,37916.98,40,88078,1624,80895.6,0.38,9425.52,5615.17,I-REC
BANK01,2023,2023-03,14.2955,61.5554,30.7777,UI0000519,FAC0015,2023,161988,44951.8,50,70770,1844,80994.0,0.38,8567.75,8727.28,GO
BANK01,2023,2023-04,14.2452,58.8939,35.3364,UI0000520,FAC0015,2023,154984,35892.65,40,70521,2075,61993.6,0.38,6243.29,8358.33,GO
BANK01,2023,2023-05,13.2752,56.2894,33.7736,UI0000521,FAC0015,2023,148130,37104.31,40,65719,2466,59252.0,0.38,8642.41,9183.53,I-REC
BANK01,2023,2023-06,19.1262,75.1302,30.0521,UI0000522,FAC0015,2023,197711,42631.45,60,94684,1503,118626.6,0.38,10954.7,5366.33,GO
BANK01,2023,2023-07,18.3883,71.0505,49.7353,UI0000523,FAC0015,2023,186975,36571.66,30,91031,3055,56092.5,0.38,12390.46,10106.94,I-REC
BANK01,2023,2023-08,17.3625,74.5651,29.826,UI0000524,FAC0015,2023,196224,54060.52,60,85953,2866,117734.4,0.38,9751.82,13273.01,GO
BANK01,2023,2023-09,14.1796,53.6575,32.1945,UI0000525,FAC0015,2023,141204,30218.43,40,70196,2873,56481.6,0.38,6355.75,12305.15,GO
BANK01,2023,2023-10,14.3258,61.351,24.5404,UI0000526,FAC0015,2023,161450,44545.93,60,70920,1472,96870.0,0.38,9033.46,7058.94,I-REC
BANK01,2023,2023-11,12.9571,56.8028,39.7619,UI0000527,FAC0015,2023,149481,39604.05,30,64144,2438,44844.3,0.38,6227.85,8518.07,I-REC
BANK01,2023,2023-12,18.4872,70.87,49.609,UI0000528,FAC0015,2023,186500,43664.47,30,91521,2613,55950.0,0.38,12776.62,12954.53,GO
BANK01,2024,2024-01,18.9292,71.6293,28.6517,UI0000529,FAC0015,2024,194170,51916.8,60,93709,2979,116502.0,0.3689,8064.65,13988.02,I-REC
BANK01,2024,2024-02,16.9276,79.8849,47.931,UI0000530,FAC0015,2024,216549,54582.98,40,83800,3032,86619.6,0.3689,10061.1,11499.4,GO
BANK01,2024,2024-03,13.469,55.383,16.6149,UI0000531,FAC0015,2024,150130,34281.83,70,66678,3121,105091.0,0.3689,5471.43,10949.11,GO
BANK01,2024,2024-04,15.3512,60.3111,18.0933,UI0000532,FAC0015,2024,163489,30652.26,70,75996,1908,114442.3,0.3689,8148.41,8851.02,I-REC
BANK01,2024,2024-05,14.5996,59.8905,29.9453,UI0000533,FAC0015,2024,162349,39458.45,50,72275,2311,81174.5,0.3689,9027.11,7428.26,I-REC
BANK01,2024,2024-06,17.715,69.9711,27.9884,UI0000534,FAC0015,2024,189675,40539.1,60,87698,3131,113805.0,0.3689,9796.13,10314.04,I-REC
BANK01,2024,2024-07,17.2039,67.4497,20.2349,UI0000535,FAC0015,2024,182840,53489.24,70,85168,2661,127988.0,0.3689,9347.43,10247.96,I-REC
BANK01,2024,2024-08,17.2458,69.2163,41.5298,UI0000536,FAC0015,2024,187629,41813.22,40,85375,1707,75051.6,0.3689,11864.55,6763.96,I-REC
BANK01,2024,2024-09,15.0191,57.9317,17.3795,UI0000537,FAC0015,2024,157039,43239.64,70,74352,1612,109927.3,0.3689,6525.54,5585.75,GO
BANK01,2024,2024-10,15.0876,59.1247,17.7374,UI0000538,FAC0015,2024,160273,44790.88,70,74691,3275,112191.1,0.3689,6143.49,10690.92,I-REC
BANK01,2024,2024-11,14.2291,52.372,15.7116,UI0000539,FAC0015,2024,141968,28788.66,70,70441,1841,99377.6,0.3689,6091.92,7614.42,GO
BANK01,2024,2024-12,20.5442,68.3369,20.5011,UI0000540,FAC0015,2024,185245,34124.3,70,101704,3273,129671.5,0.3689,13668.67,10847.48,I-REC
BANK01,2022,2022-01,9.1843,31.5382,25.2306,UI0000541,FAC0016,2022,112556,31474.79,20,45467,1592,22511.2,0.2802,4955.59,5451.3,GO
BANK01,2022,2022-02,8.8621,27.2259,19.0581,UI0000542,FAC0016,2022,97166,20618.89,30,43872,1496,29149.8,0.2802,5801.08,4536.7,GO
BANK01,2022,2022-03,7.1455,22.8189,18.2551,UI0000543,FAC0016,2022,81438,15175.43,20,35374,2044,16287.6,0.2802,2549.97,9571.13,I-REC
BANK01,2022,2022-04,7.8501,22.4023,11.2011,UI0000544,FAC0016,2022,79951,22392.77,50,38862,2882,39975.5,0.2802,3051.41,11803.18,GO
BANK01,2022,2022-05,6.8579,23.3737,18.699,UI0000545,FAC0016,2022,83418,18387.57,20,33950,1957,16683.6,0.2802,4556.39,6791.7,GO
BANK01,2022,2022-06,9.7033,27.1452,21.7162,UI0000546,FAC0016,2022,96878,25435.18,20,48036,2416,19375.6,0.2802,5901.62,11046.77,GO
BANK01,2022,2022-07,9.4431,25.659,17.9613,UI0000547,FAC0016,2022,91574,18983.13,30,46748,2617,27472.2,0.2802,4284.6,12385.5,GO
BANK01,2022,2022-08,9.5308,27.3369,21.8695,UI0000548,FAC0016,2022,97562,17611.01,20,47182,2658,19512.4,0.2802,5724.76,13261.21,I-REC
BANK01,2022,2022-09,7.6802,21.7878,17.4302,UI0000549,FAC0016,2022,77758,18024.94,20,38021,2876,15551.6,0.2802,4832.11,14054.77,I-REC
BANK01,2022,2022-10,7.4415,23.9655,19.1724,UI0000550,FAC0016,2022,85530,19363.74,20,36839,2050,17106.0,0.2802,4907.17,6338.92,GO
BANK01,2022,2022-11,7.8927,21.6816,13.009,UI0000551,FAC0016,2022,77379,14925.16,40,39073,1968,30951.6,0.2802,2770.78,8451.79,I-REC
BANK01,2022,2022-12,9.3579,31.7411,25.3928,UI0000552,FAC0016,2022,113280,31556.54,20,46326,1444,22656.0,0.2802,6134.8,7054.22,GO
BANK01,2023,2023-01,8.6022,30.5897,15.2948,UI0000553,FAC0016,2023,112462,21826.63,50,42585,2066,56231.0,0.272,4811.61,10009.34,I-REC
BANK01,2023,2023-02,10.0754,28.3856,19.87,UI0000554,FAC0016,2023,104359,24150.74,30,49878,2105,31307.7,0.272,5452.61,7134.47,I-REC
BANK01,2023,2023-03,6.7393,20.5711,8.2284,UI0000555,FAC0016,2023,75629,19270.38,60,33363,2251,45377.4,0.272,3660.68,9552.48,GO
BANK01,2023,2023-04,7.3193,19.4823,11.6894,UI0000556,FAC0016,2023,71626,18306.96,40,36234,2649,28650.4,0.272,3951.76,10702.17,GO
BANK01,2023,2023-05,6.6189,21.4725,8.589,UI0000557,FAC0016,2023,78943,22847.88,60,32767,2208,47365.8,0.272,2460.32,6759.28,GO
BANK01,2023,2023-06,8.6337,27.1004,18.9703,UI0000558,FAC0016,2023,99634,25875.84,30,42741,1921,29890.2,0.272,5674.96,5852.8,I-REC
BANK01,2023,2023-07,8.1042,26.0367,15.622,UI0000559,FAC0016,2023,95723,23014.28,40,40120,2923,38289.2,0.272,4778.61,14546.32,GO
BANK01,2023,2023-08,9.5702,25.3205,15.1923,UI0000560,FAC0016,2023,93090,21710.42,40,47377,2195,37236.0,0.272,4320.35,6930.31,I-REC
BANK01,2023,2023-09,7.5403,22.3902,11.1951,UI0000561,FAC0016,2023,82317,25586.87,50,37328,2987,41158.5,0.272,5071.09,13644.41,I-REC
BANK01,2023,2023-10,7.1811,20.3266,14.2286,UI0000562,FAC0016,2023,74730,18269.98,30,35550,2971,22419.0,0.272,3625.54,13108.45,GO
BANK01,2023,2023-11,6.6472,21.6216,12.9729,UI0000563,FAC0016,2023,79491,23033.96,40,32907,1807,31796.4,0.272,2525.94,7853.13,I-REC
BANK01,2023,2023-12,9.653,29.7421,11.8968,UI0000564,FAC0016,2023,109346,34071.68,60,47787,1778,65607.6,0.272,4802.69,5963.51,I-REC
BANK01,2024,2024-01,10.1933,24.6199,14.772,UI0000565,FAC0016,2024,93222,22643.54,40,50462,1871,37288.8,0.2641,6397.64,8912.1,I-REC
BANK01,2024,2024-02,8.9223,28.718,11.4872,UI0000566,FAC0016,2024,108739,33521.48,60,44170,2557,65243.4,0.2641,3417.28,10501.87,GO
BANK01,2024,2024-03,6.8442,20.6138,12.3683,UI0000567,FAC0016,2024,78053,17534.95,40,33882,2733,31221.2,0.2641,4220.52,8890.01,GO
BANK01,2024,2024-04,6.5191,21.2659,8.5063,UI0000568,FAC0016,2024,80522,20096.06,60,32273,2752,48313.2,0.2641,2259.25,11418.17,I-REC
BANK01,2024,2024-05,6.3903,21.6367,10.8183,UI0000569,FAC0016,2024,81926,25360.01,50,31635,2386,40963.0,0.2641,4204.08,9114.56,I-REC
BANK01,2024,2024-06,8.5135,26.5059,13.2529,UI0000570,FAC0016,2024,100363,21977.74,50,42146,1659,50181.5,0.2641,5500.73,8268.06,GO
BANK01,2024,2024-07,9.3035,24.3294,9.7318,UI0000571,FAC0016,2024,92122,16647.18,60,46057,2349,55273.2,0.2641,3510.79,9490.76,GO
BANK01,2024,2024-08,9.1272,26.48,10.592,UI0000572,FAC0016,2024,100265,28113.38,60,45184,1610,60159.0,0.2641,3923.14,5268.72,GO
BANK01,2024,2024-09,6.8674,19.574,7.8296,UI0000573,FAC0016,2024,74116,13405.7,60,33997,2907,44469.6,0.2641,2536.64,13292.56,GO
BANK01,2024,2024-10,7.2215,21.6559,12.9936,UI0000574,FAC0016,2024,81999,15809.85,40,35750,2594,32799.6,0.2641,3939.84,12838.87,GO
BANK01,2024,2024-11,7.5057,20.3328,12.1997,UI0000575,FAC0016,2024,76989,24432.28,40,37157,2824,30795.6,0.2641,4309.68,10251.03,I-REC
BANK01,2024,2024-12,9.8271,26.1396,10.4558,UI0000576,FAC0016,2024,98976,20966.86,60,48649,1370,59385.6,0.2641,6187.46,6285.41,I-REC
BANK01,2022,2022-01,1.1938,4.5015,3.6012,UI0000577,FAC0017,2022,11501,2814.67,20,5910,1255,2300.2,0.3914,748.66,5255.06,GO
BANK01,2022,2022-02,1.0607,5.1215,4.0972,UI0000578,FAC0017,2022,13085,3962.35,20,5251,1631,2617.0,0.3914,578.56,5911.59,I-REC
BANK01,2022,2022-03,0.9183,3.8643,2.705,UI0000579,FAC0017,2022,9873,2879.39,30,4546,1292,2961.9,0.3914,484.3,4943.72,I-REC
BANK01,2022,2022-04,0.8324,3.7484,2.2491,UI0000580,FAC0017,2022,9577,1900.18,40,4121,2125,3830.8,0.3914,362.63,10440.34,I-REC
BANK01,2022,2022-05,0.8678,3.9046,2.7332,UI0000581,FAC0017,2022,9976,3160.76,30,4296,1960,2992.8,0.3914,361.52,7098.55,GO
BANK01,2022,2022-06,1.0175,4.5661,3.6529,UI0000582,FAC0017,2022,11666,2157.9,20,5037,2010,2333.2,0.3914,469.75,6647.99,I-REC
BANK01,2022,2022-07,1.1146,4.7802,3.3461,UI0000583,FAC0017,2022,12213,2315.84,30,5518,1525,3663.9,0.3914,730.96,5225.67,I-REC
BANK01,2022,2022-08,1.1421,4.8772,2.9263,UI0000584,FAC0017,2022,12461,3157.15,40,5654,1467,4984.4,0.3914,744.58,5110.9,I-REC
BANK01,2022,2022-09,0.8215,3.9829,1.9914,UI0000585,FAC0017,2022,10176,3059.78,50,4067,1692,5088.0,0.3914,563.41,6549.47,GO
BANK01,2022,2022-10,0.8739,3.8893,2.7225,UI0000586,FAC0017,2022,9937,3165.55,30,4326,1769,2981.1,0.3914,604.57,8459.34,GO
BANK01,2022,2022-11,0.8838,4.0271,2.819,UI0000587,FAC0017,2022,10289,2309.97,30,4375,1715,3086.7,0.3914,376.03,8304.5,I-REC
BANK01,2022,2022-12,1.2082,5.2377,2.6189,UI0000588,FAC0017,2022,13382,4123.0,50,5981,2115,6691.0,0.3914,644.83,7744.49,I-REC
BANK01,2023,2023-01,1.2269,4.283,2.9981,UI0000589,FAC0017,2023,11271,2649.66,30,6074,2217,3381.3,0.38,616.08,8138.89,I-REC
BANK01,2023,2023-02,1.2603,4.3081,2.5848,UI0000590,FAC0017,2023,11337,3198.01,40,6239,1202,4534.8,0.38,440.98,3687.77,I-REC
BANK01,2023,2023-03,0.9351,3.8357,2.685,UI0000591,FAC0017,2023,10094,2514.15,30,4629,1421,3028.2,0.38,550.8,6339.42,I-REC
BANK01,2023,2023-04,0.8827,3.6446,2.5512,UI0000592,FAC0017,2023,9591,3003.38,30,4370,2167,2877.3,0.38,610.82,8506.34,I-REC
BANK01,2023,2023-05,0.846,3.5329,2.473,UI0000593,FAC0017,2023,9297,1858.71,30,4188,1786,2789.1,0.38,529.28,7873.26,GO
BANK01,2023,2023-06,1.0342,4.264,2.5584,UI0000594,FAC0017,2023,11221,2284.0,40,5120,1899,4488.4,0.38,366.93,8420.5,GO
BANK01,2023,2023-07,1.0015,4.2001,2.1001,UI0000595,FAC0017,2023,11053,3070.62,50,4958,2072,5526.5,0.38,375.92,6950.01,I-REC
BANK01,2023,2023-08,0.9694,3.8806,1.5522,UI0000596,FAC0017,2023,10212,3126.47,60,4799,1170,6127.2,0.38,599.61,5616.23,GO
BANK01,2023,2023-09,0.9454,3.4268,1.3707,UI0000597,FAC0017,2023,9018,2582.18,60,4680,1005,5410.8,0.38,556.8,3117.06,I-REC
BANK01,2023,2023-10,0.8373,3.4002,2.0401,UI0000598,FAC0017,2023,8948,2746.24,40,4145,2132,3579.2,0.38,390.84,9798.45,GO
BANK01,2023,2023-11,0.8807,3.659,1.8295,UI0000599,FAC0017,2023,9629,1776.35,50,4360,1573,4814.5,0.38,391.42,7726.14,I-REC
BANK01,2023,2023-12,1.215,4.696,2.8176,UI0000600,FAC0017,2023,12358,3026.69,40,6015,1922,4943.2,0.38,652.94,9343.8,GO
BANK01,2024,2024-01,1.1512,4.6611,2.7966,UI0000601,FAC0017,2024,12635,3890.11,40,5699,1476,5054.0,0.3689,664.79,6875.9,I-REC
BANK01,2024,2024-02,1.2399,4.0701,2.035,UI0000602,FAC0017,2024,11033,3483.97,50,6138,1372,5516.5,0.3689,761.73,4149.49,I-REC
BANK01,2024,2024-03,0.8615,3.4835,1.3934,UI0000603,FAC0017,2024,9443,1866.39,60,4265,995,5665.8,0.3689,307.93,3411.88,I-REC
BANK01,2024,2024-04,0.867,3.0508,1.2203,UI0000604,FAC0017,2024,8270,1563.17,60,4292,2277,4962.0,0.3689,463.51,9685.72,GO
BANK01,2024,2024-05,0.9254,3.6311,1.4524,UI0000605,FAC0017,2024,9843,2985.09,60,4581,2301,5905.8,0.3689,518.39,7704.96,I-REC
BANK01,2024,2024-06,1.0047,4.1391,1.6556,UI0000606,FAC0017,2024,11220,3097.21,60,4974,1983,6732.0,0.3689,466.72,6130.26,I-REC
BANK01,2024,2024-07,0.9399,4.0096,1.2029,UI0000607,FAC0017,2024,10869,2822.84,70,4653,1530,7608.3,0.3689,513.84,6561.02,I-REC
BANK01,2024,2024-08,1.0217,4.0177,2.4106,UI0000608,FAC0017,2024,10891,2072.73,40,5058,2200,4356.4,0.3689,491.03,8532.62,I-REC
BANK01,2024,2024-09,0.8953,3.1965,0.959,UI0000609,FAC0017,2024,8665,2167.41,70,4432,2175,6065.5,0.3689,525.67,7070.08,GO
BANK01,2024,2024-10,0.8003,3.6174,1.447,UI0000610,FAC0017,2024,9806,2186.21,60,3962,1248,5883.6,0.3689,471.17,6206.43,I-REC
BANK01,2024,2024-11,0.7668,3.5986,1.0796,UI0000611,FAC0017,2024,9755,2270.74,70,3796,1511,6828.5,0.3689,491.07,5007.98,GO
BANK01,2024,2024-12,1.067,4.3206,2.5923,UI0000612,FAC0017,2024,11712,2227.66,40,5282,1828,4684.8,0.3689,448.32,6871.39,GO
BANK01,2022,2022-01,2.3824,8.8092,7.0474,UI0000613,FAC0018,2022,22507,5498.75,20,11794,1255,4501.4,0.3914,1035.91,5226.1,I-REC
BANK01,2022,2022-02,2.2778,9.4997,6.6498,UI0000614,FAC0018,2022,24271,5112.37,30,11276,1778,7281.3,0.3914,964.01,6511.14,I-REC
BANK01,2022,2022-03,1.4944,6.3849,5.1079,UI0000615,FAC0018,2022,16313,4405.18,20,7398,2066,3262.6,0.3914,979.97,9664.46,GO
BANK01,2022,2022-04,1.5701,6.3172,3.1586,UI0000616,FAC0018,2022,16140,4058.58,50,7773,1864,8070.0,0.3914,676.32,6156.67,I-REC
BANK01,2022,2022-05,1.5186,7.5071,5.2549,UI0000617,FAC0018,2022,19180,5586.0,30,7518,1536,5754.0,0.3914,850.58,4627.95,GO
BANK01,2022,2022-06,1.9556,9.1642,4.5821,UI0000618,FAC0018,2022,23414,5309.63,50,9681,2319,11707.0,0.3914,1271.62,9566.21,I-REC
BANK01,2022,2022-07,2.04,8.9834,6.2884,UI0000619,FAC0018,2022,22952,4413.25,30,10099,1442,6885.6,0.3914,1126.44,6037.93,GO
BANK01,2022,2022-08,1.8881,8.3611,5.8528,UI0000620,FAC0018,2022,21362,5098.49,30,9347,1070,6408.6,0.3914,1180.41,3593.45,I-REC
BANK01,2022,2022-09,1.719,6.2644,3.7586,UI0000621,FAC0018,2022,16005,4047.54,40,8510,1623,6402.0,0.3914,642.01,6368.47,GO
BANK01,2022,2022-10,1.4974,6.8965,5.5172,UI0000622,FAC0018,2022,17620,5409.8,20,7413,1809,3524.0,0.3914,578.34,8325.57,I-REC
BANK01,2022,2022-11,1.5641,7.4221,5.9377,UI0000623,FAC0018,2022,18963,3893.68,20,7743,2019,3792.6,0.3914,775.86,9923.12,I-REC
BANK01,2022,2022-12,2.3367,8.52,5.964,UI0000624,FAC0018,2022,21768,4124.02,30,11568,1983,6530.4,0.3914,1544.13,8028.9,I-REC
BANK01,2023,2023-01,2.1939,8.1514,5.706,UI0000625,FAC0018,2023,21451,5922.52,30,10861,1665,6435.3,0.38,1190.24,6439.34,I-REC
BANK01,2023,2023-02,2.1636,9.2944,4.6472,UI0000626,FAC0018,2023,24459,5540.56,50,10711,1292,12229.5,0.38,1162.59,5763.17,GO
BANK01,2023,2023-03,1.6441,7.1132,2.8453,UI0000627,FAC0018,2023,18719,3808.33,60,8139,1631,11231.4,0.38,963.26,6138.17,I-REC
BANK01,2023,2023-04,1.6895,6.6321,3.3161,UI0000628,FAC0018,2023,17453,5382.57,50,8364,2017,8726.5,0.38,865.78,9139.38,I-REC
BANK01,2023,2023-05,1.7378,6.8734,2.7494,UI0000629,FAC0018,2023,18088,4797.15,60,8603,1098,10852.8,0.38,695.3,5289.32,GO
BANK01,2023,2023-06,1.8523,8.0461,4.0231,UI0000630,FAC0018,2023,21174,6661.39,50,9170,1692,10587.0,0.38,841.53,5256.77,GO
BANK01,2023,2023-07,1.9877,7.426,2.9704,UI0000631,FAC0018,2023,19542,3962.18,60,9840,1234,11725.2,0.38,725.98,5062.36,I-REC
BANK01,2023,2023-08,1.9966,8.265,4.959,UI0000632,FAC0018,2023,21750,4326.9,40,9884,1848,8700.0,0.38,1346.06,5762.65,I-REC
BANK01,2023,2023-09,1.5499,6.0663,3.6398,UI0000633,FAC0018,2023,15964,4507.59,40,7673,2335,6385.6,0.38,1033.7,11022.39,I-REC
BANK01,2023,2023-10,1.4811,6.9377,3.4688,UI0000634,FAC0018,2023,18257,4761.76,50,7332,2317,9128.5,0.38,877.92,10199.9,I-REC
BANK01,2023,2023-11,1.6982,6.8389,4.1033,UI0000635,FAC0018,2023,17997,3330.46,40,8407,1996,7198.8,0.38,710.81,6190.43,GO
BANK01,2023,2023-12,2.247,9.584,5.7504,UI0000636,FAC0018,2023,25221,5000.87,40,11124,1302,10088.4,0.38,1120.45,4841.29,I-REC
BANK01,2024,2024-01,2.202,9.1067,3.6427,UI0000637,FAC0018,2024,24686,6924.41,60,10901,1147,14811.6,0.3689,794.68,5223.08,I-REC
BANK01,2024,2024-02,1.9469,7.7653,4.6592,UI0000638,FAC0018,2024,21050,4988.89,40,9638,1459,8420.0,0.3689,941.74,4385.42,I-REC
BANK01,2024,2024-03,1.4485,6.8977,3.4488,UI0000639,FAC0018,2024,18698,5812.95,50,7171,1969,9349.0,0.3689,722.82,7716.9,GO
BANK01,2024,2024-04,1.6162,6.1603,3.0801,UI0000640,FAC0018,2024,16699,3314.46,50,8001,1829,8349.5,0.3689,599.86,5570.83,I-REC
BANK01,2024,2024-05,1.6204,5.8633,3.518,UI0000641,FAC0018,2024,15894,3906.03,40,8022,1567,6357.6,0.3689,773.87,6606.84,GO
BANK01,2024,2024-06,1.8101,8.2405,4.1202,UI0000642,FAC0018,2024,22338,4394.03,50,8961,2015,11169.0,0.3689,1119.78,7107.59,I-REC
BANK01,2024,2024-07,2.0364,8.2121,4.9272,UI0000643,FAC0018,2024,22261,5939.51,40,10081,2112,8904.4,0.3689,982.21,6973.13,I-REC
BANK01,2024,2024-08,2.0856,7.0423,2.1127,UI0000644,FAC0018,2024,19090,4737.35,70,10325,2270,13363.0,0.3689,1084.91,8475.69,I-REC
BANK01,2024,2024-09,1.5475,6.3606,1.9082,UI0000645,FAC0018,2024,17242,4215.16,70,7661,2139,12069.4,0.3689,940.16,10228.38,GO
BANK01,2024,2024-10,1.653,6.1418,3.6851,UI0000646,FAC0018,2024,16649,4326.17,40,8183,2258,6659.6,0.3689,1033.45,8409.02,I-REC
BANK01,2024,2024-11,1.6152,5.7357,2.2943,UI0000647,FAC0018,2024,15548,3452.75,60,7996,2055,9328.8,0.3689,579.97,10132.43,GO
BANK01,2024,2024-12,1.9903,8.2029,4.1014,UI0000648,FAC0018,2024,22236,6235.4,50,9853,1419,11118.0,0.3689,1081.16,5232.68,GO
BANK01,2022,2022-01,4.4125,17.4283,12.1998,UI0000649,FAC0019,2022,44528,8822.18,30,21844,1809,13358.4,0.3914,1787.41,5914.31,I-REC
BANK01,2022,2022-02,3.9915,19.532,13.6724,UI0000650,FAC0019,2022,49903,10769.15,30,19760,2062,14970.9,0.3914,2470.16,8930.38,GO
BANK01,2022,2022-03,3.3964,14.7515,8.8509,UI0000651,FAC0019,2022,37689,8190.49,40,16814,3334,15075.6,0.3914,1355.06,14530.76,I-REC
BANK01,2022,2022-04,3.33,14.562,7.281,UI0000652,FAC0019,2022,37205,11640.7,50,16485,3362,18602.5,0.3914,1839.53,14707.02,GO
BANK01,2022,2022-05,3.3213,12.5154,8.7608,UI0000653,FAC0019,2022,31976,8998.36,30,16442,2283,9592.8,0.3914,2195.35,10096.41,GO
BANK01,2022,2022-06,4.0182,17.159,12.0113,UI0000654,FAC0019,2022,43840,9124.94,30,19892,2229,13152.0,0.3914,1864.25,7754.34,GO
BANK01,2022,2022-07,4.3311,15.4157,7.7078,UI0000655,FAC0019,2022,39386,12460.75,50,21441,3430,19693.0,0.3914,1781.02,12798.24,I-REC
BANK01,2022,2022-08,3.9871,15.1617,9.097,UI0000656,FAC0019,2022,38737,12120.53,40,19738,1923,15494.8,0.3914,2693.36,5902.59,GO
BANK01,2022,2022-09,2.9678,14.1248,8.4749,UI0000657,FAC0019,2022,36088,10781.92,40,14692,2872,14435.2,0.3914,1572.49,10946.16,I-REC
BANK01,2022,2022-10,3.3835,13.2657,6.6329,UI0000658,FAC0019,2022,33893,9794.08,50,16750,2208,16946.5,0.3914,1630.25,9670.28,GO
BANK01,2022,2022-11,3.2413,14.0857,7.0429,UI0000659,FAC0019,2022,35988,9434.46,50,16046,3049,17994.0,0.3914,2128.41,14010.08,GO
BANK01,2022,2022-12,4.5575,17.3046,10.3827,UI0000660,FAC0019,2022,44212,13819.72,40,22562,3257,17684.8,0.3914,2148.68,11333.9,I-REC
BANK01,2023,2023-01,4.2123,16.8184,6.7274,UI0000661,FAC0019,2023,44259,10362.46,60,20853,3169,26555.4,0.38,2522.57,14431.12,I-REC
BANK01,2023,2023-02,4.4957,16.8583,8.4292,UI0000662,FAC0019,2023,44364,8771.04,50,22256,2329,22182.0,0.38,1833.8,8317.1,GO
BANK01,2023,2023-03,3.3025,11.7108,5.8554,UI0000663,FAC0019,2023,30818,9539.44,50,16349,1495,15409.0,0.38,2216.59,7227.02,I-REC
BANK01,2023,2023-04,2.9149,12.4469,4.9788,UI0000664,FAC0019,2023,32755,8628.72,60,14430,2153,19653.0,0.38,1336.46,10506.43,GO
BANK01,2023,2023-05,3.1114,13.1446,7.8867,UI0000665,FAC0019,2023,34591,6772.84,40,15403,3144,13836.4,0.38,2073.01,9517.18,I-REC
BANK01,2023,2023-06,3.7089,16.9974,11.8982,UI0000666,FAC0019,2023,44730,9715.24,30,18361,1951,13419.0,0.38,1779.85,9494.05,I-REC
BANK01,2023,2023-07,4.2693,15.1483,9.089,UI0000667,FAC0019,2023,39864,8558.55,40,21135,3360,15945.6,0.38,2806.9,16403.24,I-REC
BANK01,2023,2023-08,3.7283,16.8279,8.414,UI0000668,FAC0019,2023,44284,9294.71,50,18457,2104,22142.0,0.38,2337.98,8217.4,GO
BANK01,2023,2023-09,3.277,12.7224,8.9057,UI0000669,FAC0019,2023,33480,10531.04,30,16223,2382,10044.0,0.38,1908.59,7232.09,GO
BANK01,2023,2023-10,3.2952,13.037,6.5185,UI0000670,FAC0019,2023,34308,10593.12,50,16313,1720,17154.0,0.38,1304.16,5573.65,I-REC
BANK01,2023,2023-11,3.208,12.6076,6.3038,UI0000671,FAC0019,2023,33178,7450.68,50,15881,1661,16589.0,0.38,1344.14,7692.57,I-REC
BANK01,2023,2023-12,4.4383,17.8102,7.1241,UI0000672,FAC0019,2023,46869,10140.89,60,21972,1827,28121.4,0.38,2836.36,7857.88,I-REC
BANK01,2024,2024-01,3.7764,17.0122,8.5061,UI0000673,FAC0019,2024,46116,13915.83,50,18695,2460,23058.0,0.3689,2530.61,10709.39,I-REC
BANK01,2024,2024-02,4.0772,17.0542,8.5271,UI0000674,FAC0019,2024,46230,9761.88,50,20184,2152,23115.0,0.3689,2041.2,8405.57,GO
BANK01,2024,2024-03,3.0512,12.5094,6.2547,UI0000675,FAC0019,2024,33910,7029.44,50,15105,2118,16955.0,0.3689,1060.95,7534.39,GO
BANK01,2024,2024-04,3.3172,11.2396,4.4959,UI0000676,FAC0019,2024,30468,8961.88,60,16422,3303,18280.8,0.3689,2084.89,16068.63,GO
BANK01,2024,2024-05,3.3795,11.2419,6.7451,UI0000677,FAC0019,2024,30474,5640.47,40,16730,2204,12189.6,0.3689,2249.42,8744.79,GO
BANK01,2024,2024-06,3.9798,15.6056,7.8028,UI0000678,FAC0019,2024,42303,9508.46,50,19702,1609,21151.5,0.3689,2292.91,7869.18,GO
BANK01,2024,2024-07,3.4447,13.912,8.3472,UI0000679,FAC0019,2024,37712,10849.5,40,17053,2073,15084.8,0.3689,1453.48,7869.09,GO
BANK01,2024,2024-08,3.9529,15.9782,7.9891,UI0000680,FAC0019,2024,43313,13304.91,50,19569,2454,21656.5,0.3689,1641.69,8334.35,I-REC
BANK01,2024,2024-09,3.0205,12.6204,3.7861,UI0000681,FAC0019,2024,34211,7000.99,70,14953,1783,23947.7,0.3689,1801.23,7491.93,I-REC
BANK01,2024,2024-10,3.2542,11.5466,5.7733,UI0000682,FAC0019,2024,31300,7141.27,50,16110,3167,15650.0,0.3689,1938.67,15621.93,GO
BANK01,2024,2024-11,3.3583,11.9549,5.9775,UI0000683,FAC0019,2024,32407,9959.85,50,16625,2779,16203.5,0.3689,1336.4,9175.01,GO
BANK01,2024,2024-12,4.4123,17.0598,8.5299,UI0000684,FAC0019,2024,46245,14109.67,50,21843,1926,23122.5,0.3689,2451.6,6449.43,I-REC
BANK01,2022,2022-01,5.7273,21.5043,15.053,UI0000685,FAC0020,2022,54942,15903.52,30,28353,896,16482.6,0.3914,2432.27,3094.13,I-REC
BANK01,2022,2022-02,5.3576,22.1309,11.0655,UI0000686,FAC0020,2022,56543,13321.16,50,26523,1071,28271.5,0.3914,3541.29,4393.73,I-REC
BANK01,2022,2022-03,4.0216,16.7069,8.3535,UI0000687,FAC0020,2022,42685,12391.78,50,19909,709,21342.5,0.3914,1561.97,2844.03,I-REC
BANK01,2022,2022-04,4.2961,15.694,12.5552,UI0000688,FAC0020,2022,40097,7296.95,20,21268,704,8019.4,0.3914,1674.38,2670.17,I-REC
BANK01,2022,2022-05,4.2895,16.3535,11.4474,UI0000689,FAC0020,2022,41782,12744.04,30,21235,979,12534.6,0.3914,2316.3,4033.91,I-REC
BANK01,2022,2022-06,5.1062,22.4898,11.2449,UI0000690,FAC0020,2022,57460,15702.15,50,25278,1066,28730.0,0.3914,3259.02,4124.87,I-REC
BANK01,2022,2022-07,4.6706,21.4421,10.721,UI0000691,FAC0020,2022,54783,13530.67,50,23122,1001,27391.5,0.3914,2143.45,4512.01,I-REC
BANK01,2022,2022-08,4.6193,19.0686,13.348,UI0000692,FAC0020,2022,48719,15468.35,30,22868,1070,14615.7,0.3914,3173.46,3513.1,I-REC
BANK01,2022,2022-09,4.1826,15.7038,12.563,UI0000693,FAC0020,2022,40122,11459.38,20,20706,477,8024.4,0.3914,1872.7,2382.27,GO
BANK01,2022,2022-10,4.4058,16.3261,11.4283,UI0000694,FAC0020,2022,41712,11697.28,30,21811,1000,12513.6,0.3914,2542.08,4370.66,I-REC
BANK01,2022,2022-11,3.7546,18.0584,9.0292,UI0000695,FAC0020,2022,46138,8674.05,50,18587,1063,23069.0,0.3914,1539.24,5077.8,GO
BANK01,2022,2022-12,5.176,24.6735,19.7388,UI0000696,FAC0020,2022,63039,19291.86,20,25624,698,12607.8,0.3914,2228.19,3346.34,GO
BANK01,2023,2023-01,5.2207,22.6104,15.8273,UI0000697,FAC0020,2023,59501,17833.15,30,25845,963,17850.3,0.38,2016.73,2995.74,GO
BANK01,2023,2023-02,5.55,20.9285,12.5571,UI0000698,FAC0020,2023,55075,9962.18,40,27475,638,22030.0,0.38,3209.91,2206.35,GO
BANK01,2023,2023-03,3.7786,16.2157,8.1079,UI0000699,FAC0020,2023,42673,8568.29,50,18706,542,21336.5,0.38,2472.81,1703.76,GO
BANK01,2023,2023-04,3.6762,16.9077,8.4539,UI0000700,FAC0020,2023,44494,12144.9,50,18199,878,22247.0,0.38,1565.96,4088.27,I-REC
BANK01,2023,2023-05,3.8263,15.9421,7.9711,UI0000701,FAC0020,2023,41953,12195.97,50,18942,506,20976.5,0.38,1385.65,1840.24,GO
BANK01,2023,2023-06,5.0936,19.8577,13.9004,UI0000702,FAC0020,2023,52257,12100.64,30,25216,1049,15677.1,0.38,2520.8,4658.36,GO
BANK01,2023,2023-07,4.8696,17.9117,8.9558,UI0000703,FAC0020,2023,47136,10661.82,50,24107,1038,23568.0,0.38,2145.84,4296.44,I-REC
BANK01,2023,2023-08,4.8791,20.2567,12.154,UI0000704,FAC0020,2023,53307,14005.39,40,24154,700,21322.8,0.38,2453.08,2795.31,GO
BANK01,2023,2023-09,3.5863,17.0042,10.2025,UI0000705,FAC0020,2023,44748,8168.41,40,17754,966,17899.2,0.38,1452.47,4784.39,GO
BANK01,2023,2023-10,3.5948,16.5612,6.6245,UI0000706,FAC0020,2023,43582,8431.08,60,17796,1006,26149.2,0.38,2153.81,3198.69,GO
BANK01,2023,2023-11,4.2788,15.4098,6.1639,UI0000707,FAC0020,2023,40552,12442.62,60,21182,822,24331.2,0.38,2402.49,3226.77,I-REC
BANK01,2023,2023-12,5.1944,21.6535,8.6614,UI0000708,FAC0020,2023,56983,11977.07,60,25715,489,34189.8,0.38,2097.01,1946.76,GO
BANK01,2024,2024-01,4.7062,20.2648,10.1324,UI0000709,FAC0020,2024,54933,10901.96,50,23298,841,27466.5,0.3689,2694.24,3658.27,GO
BANK01,2024,2024-02,5.6097,18.4122,5.5237,UI0000710,FAC0020,2024,49911,13517.13,70,27771,899,34937.7,0.3689,2761.13,3123.54,I-REC
BANK01,2024,2024-03,3.6285,15.6668,6.2667,UI0000711,FAC0020,2024,42469,8851.48,60,17963,859,25481.4,0.3689,2015.15,3659.28,GO
BANK01,2024,2024-04,3.7061,14.8884,5.9554,UI0000712,FAC0020,2024,40359,8291.21,60,18347,486,24215.4,0.3689,1444.43,1502.4,I-REC
BANK01,2024,2024-05,3.5215,14.092,5.6368,UI0000713,FAC0020,2024,38200,9476.68,60,17433,990,22920.0,0.3689,1681.75,4936.51,I-REC
BANK01,2024,2024-06,4.6684,18.8711,5.6613,UI0000714,FAC0020,2024,51155,9257.23,70,23111,1040,35808.5,0.3689,1698.56,3411.78,I-REC
BANK01,2024,2024-07,4.6761,20.381,6.1143,UI0000715,FAC0020,2024,55248,13784.25,70,23149,657,38673.6,0.3689,2102.9,2559.44,GO
BANK01,2024,2024-08,4.5305,18.4502,5.535,UI0000716,FAC0020,2024,50014,14717.63,70,22428,1052,35009.8,0.3689,2175.43,3887.26,I-REC
BANK01,2024,2024-09,3.4942,15.8291,9.4975,UI0000717,FAC0020,2024,42909,7862.11,40,17298,1000,17163.6,0.3689,1506.63,3629.47,GO
BANK01,2024,2024-10,3.6217,14.3956,4.3187,UI0000718,FAC0020,2024,39023,12351.06,70,17929,833,27316.1,0.3689,1964.18,3526.02,I-REC
BANK01,2024,2024-11,3.8083,16.6592,6.6637,UI0000719,FAC0020,2024,45159,8997.0,60,18853,535,27095.4,0.3689,2238.16,1843.33,I-REC
BANK01,2024,2024-12,5.3381,19.1345,11.4807,UI0000720,FAC0020,2024,51869,10638.05,40,26426,836,20747.6,0.3689,2496.82,2778.05,GO
BANK01,2022,2022-01,12.563,32.916,19.7496,UI0000721,FAC0021,2022,127829,27210.69,40,62193,1695,51131.6,0.2575,4694.66,6149.51,I-REC
BANK01,2022,2022-02,12.8468,33.826,20.2956,UI0000722,FAC0021,2022,131363,34895.45,40,63598,2835,52545.2,0.2575,6004.14,10102.2,GO
BANK01,2022,2022-03,9.1047,27.3159,16.3895,UI0000723,FAC0021,2022,106081,32084.44,40,45073,3052,42432.4,0.2575,6127.53,10939.34,I-REC
BANK01,2022,2022-04,9.9889,25.0063,15.0038,UI0000724,FAC0021,2022,97112,25800.54,40,49450,2721,38844.8,0.2575,4830.6,13213.19,GO
BANK01,2022,2022-05,10.0731,26.9536,16.1721,UI0000725,FAC0021,2022,104674,22882.82,40,49867,1759,41869.6,0.2575,5064.61,6073.53,GO
BANK01,2022,2022-06,12.6026,34.8325,24.3828,UI0000726,FAC0021,2022,135272,27115.89,30,62389,1796,40581.6,0.2575,4575.74,6566.85,GO
BANK01,2022,2022-07,11.9659,31.8497,22.2948,UI0000727,FAC0021,2022,123688,39378.03,30,59237,2174,37106.4,0.2575,6920.69,8840.26,GO
BANK01,2022,2022-08,11.7711,34.118,20.4708,UI0000728,FAC0021,2022,132497,25699.95,40,58273,2850,52998.8,0.2575,4722.36,14063.83,I-REC
BANK01,2022,2022-09,10.0871,29.1178,23.2943,UI0000729,FAC0021,2022,113079,31297.79,20,49936,2119,22615.8,0.2575,3898.01,8385.89,GO
BANK01,2022,2022-10,9.256,24.0631,14.4379,UI0000730,FAC0021,2022,93449,19342.1,40,45822,2922,37379.6,0.2575,5229.24,13349.85,GO
BANK01,2022,2022-11,9.5356,25.7961,18.0573,UI0000731,FAC0021,2022,100179,18555.25,30,47206,2367,30053.7,0.2575,3338.0,8529.59,I-REC
BANK01,2022,2022-12,13.6744,35.7801,28.6241,UI0000732,FAC0021,2022,138952,27897.87,20,67695,2005,27790.4,0.2575,7633.67,8286.96,I-REC
BANK01,2023,2023-01,11.6299,35.765,17.8825,UI0000733,FAC0021,2023,143060,27886.55,50,57574,2635,71530.0,0.25,7168.82,8980.29,I-REC
BANK01,2023,2023-02,12.1107,36.0393,18.0196,UI0000734,FAC0021,2023,144157,36619.78,50,59954,2026,72078.5,0.25,6693.47,6849.15,I-REC
BANK01,2023,2023-03,9.6368,25.6112,17.9279,UI0000735,FAC0021,2023,102445,26405.49,30,47707,2817,30733.5,0.25,4776.29,12992.93,GO
BANK01,2023,2023-04,9.6021,27.3265,13.6632,UI0000736,FAC0021,2023,109306,30476.07,50,47535,3002,54653.0,0.25,5166.03,10141.67,I-REC
BANK01,2023,2023-05,9.2019,26.1827,18.3279,UI0000737,FAC0021,2023,104731,22118.68,30,45554,1721,31419.3,0.25,4917.23,6439.94,I-REC
BANK01,2023,2023-06,11.0173,33.1668,13.2667,UI0000738,FAC0021,2023,132667,26806.69,60,54541,1654,79600.2,0.25,6378.7,5411.0,GO
BANK01,2023,2023-07,10.7836,33.0003,19.8002,UI0000739,FAC0021,2023,132001,28659.69,40,53384,2140,52800.4,0.25,4513.82,6881.3,I-REC
BANK01,2023,2023-08,11.8594,29.5715,11.8286,UI0000740,FAC0021,2023,118286,29644.94,60,58710,2595,70971.6,0.25,6958.32,11942.17,I-REC
BANK01,2023,2023-09,10.0006,24.6735,17.2715,UI0000741,FAC0021,2023,98694,25394.33,30,49508,2802,29608.2,0.25,6590.13,13727.23,I-REC
BANK01,2023,2023-10,9.7869,24.258,12.129,UI0000742,FAC0021,2023,97032,22647.28,50,48450,1579,48516.0,0.25,5367.27,4895.29,GO
BANK01,2023,2023-11,9.6853,27.142,10.8568,UI0000743,FAC0021,2023,108568,26201.97,60,47947,2475,65140.8,0.25,4316.34,9730.79,GO
BANK01,2023,2023-12,11.3696,31.501,15.7505,UI0000744,FAC0021,2023,126004,23711.73,50,56285,1697,63002.0,0.25,4839.76,7785.63,I-REC
BANK01,2024,2024-01,13.376,34.1015,13.6406,UI0000745,FAC0021,2024,140509,33595.34,60,66218,1618,84305.4,0.2427,6203.56,6305.2,I-REC
BANK01,2024,2024-02,13.1916,30.9185,15.4593,UI0000746,FAC0021,2024,127394,26479.59,50,65305,2963,63697.0,0.2427,5181.52,14779.54,GO
BANK01,2024,2024-03,8.7181,24.5639,12.282,UI0000747,FAC0021,2024,101211,22896.61,50,43159,1571,50605.5,0.2427,4754.1,5051.73,I-REC
BANK01,2024,2024-04,8.3058,22.5541,11.2771,UI0000748,FAC0021,2024,92930,20027.29,50,41118,1368,46465.0,0.2427,4226.57,4289.28,GO
BANK01,2024,2024-05,9.5221,24.893,7.4679,UI0000749,FAC0021,2024,102567,23706.11,70,47139,2087,71796.9,0.2427,5991.6,8087.29,GO
BANK01,2024,2024-06,11.8758,28.8699,11.548,UI0000750,FAC0021,2024,118953,33916.66,60,58791,2409,71371.8,0.2427,5412.49,11556.67,GO
BANK01,2024,2024-07,10.7549,26.7006,16.0204,UI0000751,FAC0021,2024,110015,21007.79,40,53242,1985,44006.0,0.2427,7094.27,9568.63,I-REC
BANK01,2024,2024-08,11.3811,30.6736,9.2021,UI0000752,FAC0021,2024,126385,25768.36,70,56342,1787,88469.5,0.2427,4058.49,6329.03,GO
BANK01,2024,2024-09,9.7469,25.975,10.39,UI0000753,FAC0021,2024,107025,26133.73,60,48252,1412,64215.0,0.2427,6574.74,6493.94,GO
BANK01,2024,2024-10,9.7556,25.4551,15.2731,UI0000754,FAC0021,2024,104883,20213.2,40,48295,2954,41953.2,0.2427,5806.94,14519.57,GO
BANK01,2024,2024-11,8.5313,24.7476,9.8991,UI0000755,FAC0021,2024,101968,19189.21,60,42234,1421,61180.8,0.2427,5363.83,6315.53,GO
BANK01,2024,2024-12,11.6859,34.6229,10.3869,UI0000756,FAC0021,2024,142657,40250.76,70,57851,2894,99859.9,0.2427,7930.85,13495.86,GO
BANK01,2022,2022-01,10.0438,40.8539,24.5124,UI0000757,FAC0022,2022,104379,24836.86,40,49722,144,41751.6,0.3914,5646.48,671.73,GO
BANK01,2022,2022-02,9.1575,44.6255,22.3127,UI0000758,FAC0022,2022,114015,26265.24,50,45334,118,57007.5,0.3914,4892.16,480.69,I-REC
BANK01,2022,2022-03,6.826,33.3755,23.3628,UI0000759,FAC0022,2022,85272,19401.68,30,33792,166,25581.6,0.3914,4428.6,519.28,GO
BANK01,2022,2022-04,7.4782,28.6654,17.1992,UI0000760,FAC0022,2022,73238,17133.21,40,37021,180,29295.2,0.3914,4556.45,641.43,I-REC
BANK01,2022,2022-05,7.3437,29.2763,20.4934,UI0000761,FAC0022,2022,74799,18547.57,30,36355,173,22439.7,0.3914,4140.98,675.17,GO
BANK01,2022,2022-06,8.2034,39.6555,27.7588,UI0000762,FAC0022,2022,101317,19436.16,30,40611,109,30395.1,0.3914,5626.77,352.99,I-REC
BANK01,2022,2022-07,8.9872,37.311,22.3866,UI0000763,FAC0022,2022,95327,30271.36,40,44491,114,38130.8,0.3914,4835.99,526.07,I-REC
BANK01,2022,2022-08,8.1562,39.4547,31.5637,UI0000764,FAC0022,2022,100804,24557.67,20,40377,193,20160.8,0.3914,2966.25,897.21,I-REC
BANK01,2022,2022-09,6.6529,29.5018,20.6512,UI0000765,FAC0022,2022,75375,19880.68,30,32935,160,22612.5,0.3914,3118.17,668.08,GO
BANK01,2022,2022-10,6.9692,31.5218,18.9131,UI0000766,FAC0022,2022,80536,22786.1,40,34501,128,32214.4,0.3914,4582.35,412.0,GO
BANK01,2022,2022-11,6.8573,28.3358,14.1679,UI0000767,FAC0022,2022,72396,20617.03,50,33947,192,36198.0,0.3914,2969.82,790.1,GO
BANK01,2022,2022-12,8.8419,38.4363,26.9054,UI0000768,FAC0022,2022,98202,19660.81,30,43772,186,29460.6,0.3914,4215.14,698.2,I-REC
BANK01,2023,2023-01,10.178,37.6538,15.0615,UI0000769,FAC0022,2023,99089,29627.57,60,50386,156,59453.4,0.38,4205.47,528.93,GO
BANK01,2023,2023-02,9.9507,40.899,24.5394,UI0000770,FAC0022,2023,107629,34082.09,40,49261,182,43051.6,0.38,4463.54,707.19,I-REC
BANK01,2023,2023-03,6.4945,31.6635,12.6654,UI0000771,FAC0022,2023,83325,20931.28,60,32151,145,49995.0,0.38,3556.15,530.87,I-REC
BANK01,2023,2023-04,6.4979,27.9501,13.9751,UI0000772,FAC0022,2023,73553,19560.61,50,32168,106,36776.5,0.38,3101.85,425.59,GO
BANK01,2023,2023-05,7.3478,28.4096,17.0457,UI0000773,FAC0022,2023,74762,21705.14,40,36375,188,29904.8,0.38,3687.47,660.77,I-REC
BANK01,2023,2023-06,8.2244,37.2476,22.3486,UI0000774,FAC0022,2023,98020,19838.68,40,40715,137,39208.0,0.38,5351.39,614.06,I-REC
BANK01,2023,2023-07,8.3761,35.1861,14.0744,UI0000775,FAC0022,2023,92595,22813.85,60,41466,139,55557.0,0.38,5209.59,461.48,GO
BANK01,2023,2023-08,8.1751,34.7894,13.9158,UI0000776,FAC0022,2023,91551,20956.07,60,40471,136,54930.6,0.38,3070.13,628.19,GO
BANK01,2023,2023-09,7.4081,27.1468,16.2881,UI0000777,FAC0022,2023,71439,14368.33,40,36674,153,28575.6,0.38,3300.98,480.83,GO
BANK01,2023,2023-10,7.8406,31.7764,19.0658,UI0000778,FAC0022,2023,83622,15544.14,40,38815,176,33448.8,0.38,4323.95,639.16,I-REC
BANK01,2023,2023-11,7.3039,30.2575,18.1545,UI0000779,FAC0022,2023,79625,19496.83,40,36158,114,31850.0,0.38,4353.93,377.15,GO
BANK01,2023,2023-12,10.2081,38.342,23.0052,UI0000780,FAC0022,2023,100900,18765.82,40,50535,171,40360.0,0.38,4871.01,627.65,I-REC
BANK01,2024,2024-01,9.4174,35.3672,14.1469,UI0000781,FAC0022,2024,95872,18560.19,60,46621,162,57523.2,0.3689,3931.71,520.66,GO
BANK01,2024,2024-02,9.8794,38.3066,15.3226,UI0000782,FAC0022,2024,103840,27034.28,60,48908,92,62304.0,0.3689,6339.3,317.3,I-REC
BANK01,2024,2024-03,6.4291,29.8492,14.9246,UI0000783,FAC0022,2024,80914,24198.99,50,31827,162,40457.0,0.3689,2438.12,754.54,I-REC
BANK01,2024,2024-04,6.8627,29.4401,17.664,UI0000784,FAC0022,2024,79805,22311.25,40,33974,121,31922.0,0.3689,3658.42,573.47,GO
BANK01,2024,2024-05,7.0932,28.1098,11.2439,UI0000785,FAC0022,2024,76199,23248.93,60,35115,202,45719.4,0.3689,2713.64,841.47,GO
BANK01,2024,2024-06,8.1984,34.2704,10.2811,UI0000786,FAC0022,2024,92899,20744.58,70,40586,149,65029.3,0.3689,3709.22,486.8,GO
BANK01,2024,2024-07,7.7487,36.3547,18.1774,UI0000787,FAC0022,2024,98549,25603.27,50,38360,179,49274.5,0.3689,4034.45,870.81,GO
BANK01,2024,2024-08,8.65,33.6669,13.4668,UI0000788,FAC0022,2024,91263,23081.26,60,42822,115,54757.8,0.3689,5323.45,565.75,GO
BANK01,2024,2024-09,6.7355,28.6355,11.4542,UI0000789,FAC0022,2024,77624,22395.29,60,33344,188,46574.4,0.3689,2611.26,727.69,I-REC
BANK01,2024,2024-10,6.7559,25.8016,12.9008,UI0000790,FAC0022,2024,69942,19589.37,50,33445,108,34971.0,0.3689,3362.17,355.28,GO
BANK01,2024,2024-11,6.5963,25.4995,15.2997,UI0000791,FAC0022,2024,69123,12882.18,40,32655,122,27649.2,0.3689,2658.66,427.72,GO
BANK01,2024,2024-12,10.278,35.0532,10.516,UI0000792,FAC0022,2024,95021,29577.43,70,50881,120,66514.7,0.3689,6827.85,496.4,I-REC
BANK01,2022,2022-01,9.4086,39.47,19.735,UI0000793,FAC0023,2022,100843,20317.79,50,46577,786,50421.5,0.3914,5739.43,3282.54,GO
BANK01,2022,2022-02,8.9652,37.4985,29.9988,UI0000794,FAC0023,2022,95806,25986.06,20,44382,1241,19161.2,0.3914,4702.63,4217.32,GO
BANK01,2022,2022-03,5.9441,28.9037,14.4519,UI0000795,FAC0023,2022,73847,17657.91,50,29426,907,36923.5,0.3914,2102.95,3969.37,GO
BANK01,2022,2022-04,5.9206,25.7721,18.0405,UI0000796,FAC0023,2022,65846,18747.63,30,29310,707,19753.8,0.3914,3158.06,2394.46,GO
BANK01,2022,2022-05,7.0658,27.0305,21.6244,UI0000797,FAC0023,2022,69061,15589.09,20,34979,706,13812.2,0.3914,2887.94,2462.91,GO
BANK01,2022,2022-06,7.6106,33.9375,20.3625,UI0000798,FAC0023,2022,86708,22322.2,40,37676,1366,34683.2,0.3914,3064.14,5239.78,GO
BANK01,2022,2022-07,7.5075,35.8327,28.6661,UI0000799,FAC0023,2022,91550,17243.42,20,37166,1431,18310.0,0.3914,3637.34,6289.26,I-REC
BANK01,2022,2022-08,7.9681,31.4717,22.0302,UI0000800,FAC0023,2022,80408,24129.74,30,39446,1110,24122.4,0.3914,3250.81,4563.9,GO
BANK01,2022,2022-09,7.0777,29.755,14.8775,UI0000801,FAC0023,2022,76022,20848.61,50,35038,1171,38011.0,0.3914,4617.78,3990.41,I-REC
BANK01,2022,2022-10,6.4537,29.3413,17.6048,UI0000802,FAC0023,2022,74965,20158.09,40,31949,1401,29986.0,0.3914,4211.81,6902.66,I-REC
BANK01,2022,2022-11,6.9042,29.885,20.9195,UI0000803,FAC0023,2022,76354,17994.42,30,34179,1421,22906.2,0.3914,2643.16,5496.58,I-REC
BANK01,2022,2022-12,9.2528,35.3685,28.2948,UI0000804,FAC0023,2022,90364,18667.58,20,45806,703,18072.8,0.3914,5334.92,3221.29,I-REC
BANK01,2023,2023-01,8.1202,32.9259,23.0481,UI0000805,FAC0023,2023,86647,23760.67,30,40199,1272,25994.1,0.38,5203.37,5675.89,GO
BANK01,2023,2023-02,9.2752,33.0847,23.1593,UI0000806,FAC0023,2023,87065,22111.87,30,45917,1134,26119.5,0.38,4259.98,5529.15,I-REC
BANK01,2023,2023-03,6.702,27.5055,11.0022,UI0000807,FAC0023,2023,72383,18024.9,60,33178,1082,43429.8,0.38,2543.03,3340.02,I-REC
BANK01,2023,2023-04,6.7317,27.6066,16.564,UI0000808,FAC0023,2023,72649,13140.63,40,33325,1475,29059.6,0.38,4429.55,6012.77,I-REC
BANK01,2023,2023-05,6.6426,24.1657,16.916,UI0000809,FAC0023,2023,63594,16977.3,30,32884,951,19078.2,0.38,3377.06,3698.62,I-REC
BANK01,2023,2023-06,7.8138,31.5218,22.0652,UI0000810,FAC0023,2023,82952,19023.22,30,38682,1173,24885.6,0.38,4314.57,4878.64,GO
BANK01,2023,2023-07,7.4772,32.3144,16.1572,UI0000811,FAC0023,2023,85038,23173.17,50,37016,1350,42519.0,0.38,3052.84,5874.0,GO
BANK01,2023,2023-08,8.3828,35.2511,14.1004,UI0000812,FAC0023,2023,92766,21592.39,60,41499,843,55659.6,0.38,4926.56,3914.85,I-REC
BANK01,2023,2023-09,6.7838,26.4423,13.2211,UI0000813,FAC0023,2023,69585,18124.42,50,33583,1274,34792.5,0.38,2572.26,4646.72,GO
BANK01,2023,2023-10,6.5943,24.7103,14.8262,UI0000814,FAC0023,2023,65027,14831.36,40,32645,1257,26010.8,0.38,2795.92,4456.89,I-REC
BANK01,2023,2023-11,6.6197,25.924,12.962,UI0000815,FAC0023,2023,68221,20747.59,50,32771,1417,34110.5,0.38,3622.94,5973.59,I-REC
BANK01,2023,2023-12,8.8106,34.6343,13.8537,UI0000816,FAC0023,2023,91143,21803.88,60,43617,836,54685.8,0.38,6071.15,3017.15,I-REC
BANK01,2024,2024-01,8.5448,35.0787,21.0472,UI0000817,FAC0023,2024,95090,24603.68,40,42301,1073,38036.0,0.3689,4599.27,4496.49,GO
BANK01,2024,2024-02,8.7226,32.0305,12.8122,UI0000818,FAC0023,2024,86827,23962.67,60,43181,941,52096.2,0.3689,5593.78,3357.91,I-REC
BANK01,2024,2024-03,6.8878,23.8667,9.5467,UI0000819,FAC0023,2024,64697,12664.84,60,34098,883,38818.2,0.3689,3489.69,3159.33,I-REC
BANK01,2024,2024-04,6.8755,24.779,7.4337,UI0000820,FAC0023,2024,67170,18984.3,70,34037,1023,47019.0,0.3689,3660.69,4159.96,I-REC
BANK01,2024,2024-05,6.0535,27.4724,16.4834,UI0000821,FAC0023,2024,74471,16169.96,40,29968,1249,29788.4,0.3689,2760.73,5726.25,I-REC
BANK01,2024,2024-06,7.9344,28.5042,17.1025,UI0000822,FAC0023,2024,77268,17441.97,40,39279,1457,30907.2,0.3689,3219.43,6806.21,GO
BANK01,2024,2024-07,7.1997,33.512,10.0536,UI0000823,FAC0023,2024,90843,16848.82,70,35642,833,63590.1,0.3689,3493.45,3420.09,GO
BANK01,2024,2024-08,6.9745,32.9937,13.1975,UI0000824,FAC0023,2024,89438,22793.25,60,34527,1212,53662.8,0.3689,3027.55,4896.68,GO
BANK01,2024,2024-09,5.6841,26.3376,13.1688,UI0000825,FAC0023,2024,71395,21596.33,50,28139,1523,35697.5,0.3689,3554.37,5573.81,GO
BANK01,2024,2024-10,6.7125,24.0135,7.2041,UI0000826,FAC0023,2024,65095,14103.98,70,33230,1218,45566.5,0.3689,4314.01,6077.44,I-REC
BANK01,2024,2024-11,6.2089,25.2538,15.1523,UI0000827,FAC0023,2024,68457,13753.89,40,30737,1512,27382.8,0.3689,4217.4,6919.83,I-REC
BANK01,2024,2024-12,7.6574,36.0832,14.4333,UI0000828,FAC0023,2024,97813,27468.68,60,37908,901,58687.8,0.3689,4669.66,3429.74,I-REC
BANK01,2022,2022-01,18.7426,56.9478,39.8634,UI0000829,FAC0024,2022,190652,34778.78,30,92785,633,57195.6,0.2987,12783.63,2351.51,GO
BANK01,2022,2022-02,17.6552,53.5996,37.5197,UI0000830,FAC0024,2022,179443,53037.16,30,87402,713,53832.9,0.2987,12106.26,3087.24,GO
BANK01,2022,2022-03,12.5509,45.2695,36.2156,UI0000831,FAC0024,2022,151555,37945.05,20,62133,563,30311.0,0.2987,6436.34,2500.86,I-REC
BANK01,2022,2022-04,12.0905,37.9077,18.9539,UI0000832,FAC0024,2022,126909,38446.59,50,59854,574,63454.5,0.2987,7556.88,1757.85,GO
BANK01,2022,2022-05,12.3149,43.0367,34.4294,UI0000833,FAC0024,2022,144080,26894.66,20,60965,528,28816.0,0.2987,5425.69,1896.18,GO
BANK01,2022,2022-06,15.2051,55.8674,44.6939,UI0000834,FAC0024,2022,187035,43967.3,20,75273,635,37407.0,0.2987,6714.21,2340.54,GO
BANK01,2022,2022-07,17.2859,50.457,30.2742,UI0000835,FAC0024,2022,168922,34304.15,40,85574,541,67568.8,0.2987,11620.94,2031.81,I-REC
BANK01,2022,2022-08,14.802,54.2036,32.5222,UI0000836,FAC0024,2022,181465,48193.38,40,73277,505,72586.0,0.2987,7366.77,1997.46,GO
BANK01,2022,2022-09,12.8947,40.3896,28.2727,UI0000837,FAC0024,2022,135218,26703.36,30,63835,436,40565.4,0.2987,4503.82,1513.72,GO
BANK01,2022,2022-10,13.4758,45.5601,36.4481,UI0000838,FAC0024,2022,152528,32977.59,20,66712,491,30505.6,0.2987,6104.9,2357.55,GO
BANK01,2022,2022-11,12.5361,40.2901,24.1741,UI0000839,FAC0024,2022,134885,35558.42,40,62060,722,53954.0,0.2987,6954.12,2637.12,I-REC
BANK01,2022,2022-12,18.5842,51.4033,35.9823,UI0000840,FAC0024,2022,172090,38506.1,30,92001,461,51627.0,0.2987,9589.9,1458.45,GO
BANK01,2023,2023-01,16.5327,49.3421,34.5394,UI0000841,FAC0024,2023,170145,34585.61,30,81845,516,51043.5,0.29,10478.04,2476.25,GO
BANK01,2023,2023-02,17.9283,48.4819,29.0891,UI0000842,FAC0024,2023,167179,52245.22,40,88754,538,66871.6,0.29,11993.89,1687.16,GO
BANK01,2023,2023-03,12.7569,41.6347,24.9808,UI0000843,FAC0024,2023,143568,38571.41,40,63153,786,57427.2,0.29,6468.89,2604.89,I-REC
BANK01,2023,2023-04,12.9205,42.0758,25.2455,UI0000844,FAC0024,2023,145089,38658.67,40,63963,609,58035.6,0.29,6965.44,2694.66,GO
BANK01,2023,2023-05,12.3782,38.4752,19.2376,UI0000845,FAC0024,2023,132673,27044.54,50,61278,438,66336.5,0.29,7899.89,1436.59,I-REC
BANK01,2023,2023-06,14.4287,52.2728,26.1364,UI0000846,FAC0024,2023,180251,44791.56,50,71429,407,90125.5,0.29,8074.79,1586.18,GO
BANK01,2023,2023-07,16.9838,44.426,31.0982,UI0000847,FAC0024,2023,153193,35365.86,30,84078,601,45957.9,0.29,9412.54,2113.51,GO
BANK01,2023,2023-08,14.9549,48.3215,24.1608,UI0000848,FAC0024,2023,166626,44890.38,50,74034,461,83313.0,0.29,7030.53,1513.14,I-REC
BANK01,2023,2023-09,12.9021,39.4101,19.7051,UI0000849,FAC0024,2023,135897,26594.89,50,63872,702,67948.5,0.29,8000.8,2753.59,GO
BANK01,2023,2023-10,12.3155,38.7559,15.5024,UI0000850,FAC0024,2023,133641,27786.83,60,60968,731,80184.6,0.29,5502.79,3510.7,GO
BANK01,2023,2023-11,12.4004,37.5333,26.2733,UI0000851,FAC0024,2023,129425,27323.48,30,61388,582,38827.5,0.29,4833.5,1999.49,I-REC
BANK01,2023,2023-12,18.0875,48.767,29.2602,UI0000852,FAC0024,2023,168162,49703.6,40,89542,676,67264.8,0.29,9534.57,2840.38,I-REC
BANK01,2024,2024-01,18.2246,47.4107,23.7054,UI0000853,FAC0024,2024,168362,49446.56,50,90221,594,84181.0,0.2816,9832.03,2200.92,I-REC
BANK01,2024,2024-02,16.907,47.3282,18.9313,UI0000854,FAC0024,2024,168069,49716.39,60,83698,445,100841.4,0.2816,8406.26,1616.21,I-REC
BANK01,2024,2024-03,11.7707,34.6495,13.8598,UI0000855,FAC0024,2024,123045,29186.66,60,58271,562,73827.0,0.2816,7471.58,1925.08,GO
BANK01,2024,2024-04,11.8835,36.6607,21.9964,UI0000856,FAC0024,2024,130187,25284.11,40,58829,734,52074.8,0.2816,6442.76,2359.63,I-REC
BANK01,2024,2024-05,12.5169,37.4007,11.2202,UI0000857,FAC0024,2024,132815,33139.86,70,61965,490,92970.5,0.2816,7526.61,1903.84,I-REC
BANK01,2024,2024-06,14.3281,45.2852,27.1711,UI0000858,FAC0024,2024,160814,51166.38,40,70931,733,64325.6,0.2816,6079.77,3391.79,I-REC
BANK01,2024,2024-07,15.6863,43.0358,12.9107,UI0000859,FAC0024,2024,152826,40968.78,70,77655,473,106978.2,0.2816,7773.33,2338.2,I-REC
BANK01,2024,2024-08,15.7017,44.9377,26.9626,UI0000860,FAC0024,2024,159580,44128.52,40,77731,623,63832.0,0.2816,6051.48,2532.2,GO
BANK01,2024,2024-09,12.5204,38.3821,19.191,UI0000861,FAC0024,2024,136300,40422.82,50,61982,624,68150.0,0.2816,7305.39,2296.8,I-REC
BANK01,2024,2024-10,11.5279,34.897,13.9588,UI0000862,FAC0024,2024,123924,38000.59,60,57069,632,74354.4,0.2816,4674.75,2268.64,GO
BANK01,2024,2024-11,13.6724,36.2771,14.5108,UI0000863,FAC0024,2024,128825,34357.04,60,67685,717,77295.0,0.2816,9187.66,3354.66,I-REC
BANK01,2024,2024-12,16.6204,51.7936,25.8968,UI0000864,FAC0024,2024,183926,47553.26,50,82279,527,91963.0,0.2816,10809.73,2449.38,I-REC
BANK01,2022,2022-01,0.9876,4.6279,2.7767,UI0000865,FAC0025,2022,11824,3376.85,40,4889,1104,4729.6,0.3914,385.49,4456.43,GO
BANK01,2022,2022-02,1.0415,3.9594,3.1675,UI0000866,FAC0025,2022,10116,2445.59,20,5156,702,2023.2,0.3914,571.63,3132.5,GO
BANK01,2022,2022-03,0.8278,3.2901,2.6321,UI0000867,FAC0025,2022,8406,2478.09,20,4098,1206,1681.2,0.3914,372.7,4921.56,GO
BANK01,2022,2022-04,0.8294,3.3097,2.6477,UI0000868,FAC0025,2022,8456,2069.16,20,4106,909,1691.2,0.3914,553.64,4091.61,I-REC
BANK01,2022,2022-05,0.8308,3.2384,1.9431,UI0000869,FAC0025,2022,8274,2428.62,40,4113,766,3309.6,0.3914,515.33,3515.64,GO
BANK01,2022,2022-06,0.9367,3.7042,1.8521,UI0000870,FAC0025,2022,9464,3004.69,50,4637,1228,4732.0,0.3914,358.61,4131.55,GO
BANK01,2022,2022-07,0.8492,3.7132,2.2279,UI0000871,FAC0025,2022,9487,2706.43,40,4204,966,3794.8,0.3914,544.1,3118.4,GO
BANK01,2022,2022-08,0.8898,3.6064,1.8032,UI0000872,FAC0025,2022,9214,2734.72,50,4405,1312,4607.0,0.3914,332.95,6416.36,GO
BANK01,2022,2022-09,0.6921,3.1148,2.1803,UI0000873,FAC0025,2022,7958,2360.94,30,3426,1188,2387.4,0.3914,346.61,4935.17,I-REC
BANK01,2022,2022-10,0.7129,3.1363,1.5681,UI0000874,FAC0025,2022,8013,2098.83,50,3529,1218,4006.5,0.3914,301.63,5576.78,I-REC
BANK01,2022,2022-11,0.8175,2.9555,2.3644,UI0000875,FAC0025,2022,7551,2156.84,20,4047,804,1510.2,0.3914,414.93,3616.4,I-REC
BANK01,2022,2022-12,1.0573,4.5238,2.2619,UI0000876,FAC0025,2022,11558,2112.76,50,5234,715,5779.0,0.3914,639.12,2319.26,I-REC
BANK01,2023,2023-01,1.0191,3.8733,2.324,UI0000877,FAC0025,2023,10193,3051.75,40,5045,575,4077.2,0.38,700.92,2078.48,I-REC
BANK01,2023,2023-02,0.9652,4.2043,1.6817,UI0000878,FAC0025,2023,11064,2056.98,60,4778,659,6638.4,0.38,354.22,2677.01,GO
BANK01,2023,2023-03,0.7963,3.2634,2.2844,UI0000879,FAC0025,2023,8588,1597.2,30,3942,1214,2576.4,0.38,366.38,5776.99,GO
BANK01,2023,2023-04,0.784,2.9404,2.0583,UI0000880,FAC0025,2023,7738,2374.09,30,3881,723,2321.4,0.38,525.05,3318.68,GO
BANK01,2023,2023-05,0.7074,3.0826,1.8495,UI0000881,FAC0025,2023,8112,2499.32,40,3502,1140,3244.8,0.38,264.47,4993.67,GO
BANK01,2023,2023-06,0.9369,3.7517,2.251,UI0000882,FAC0025,2023,9873,2265.38,40,4638,997,3949.2,0.38,583.89,3111.35,GO
BANK01,2023,2023-07,0.8882,3.3752,1.3501,UI0000883,FAC0025,2023,8882,1711.11,60,4397,810,5329.2,0.38,502.58,2902.88,GO
BANK01,2023,2023-08,0.8425,3.8684,1.5474,UI0000884,FAC0025,2023,10180,3001.65,60,4171,820,6108.0,0.38,361.87,3259.24,I-REC
BANK01,2023,2023-09,0.7286,2.8713,2.0099,UI0000885,FAC0025,2023,7556,1761.88,30,3607,1230,2266.8,0.38,314.63,6043.04,GO
BANK01,2023,2023-10,0.7757,3.1331,1.8799,UI0000886,FAC0025,2023,8245,2028.39,40,3840,1201,3298.0,0.38,317.64,3670.67,I-REC
BANK01,2023,2023-11,0.7658,2.8542,1.1417,UI0000887,FAC0025,2023,7511,1782.96,60,3791,1321,4506.6,0.38,356.42,4621.85,I-REC
BANK01,2023,2023-12,0.9185,3.8209,1.9104,UI0000888,FAC0025,2023,10055,1906.59,50,4547,1177,5027.5,0.38,542.62,4501.34,I-REC
BANK01,2024,2024-01,0.9046,3.5248,1.0575,UI0000889,FAC0025,2024,9555,3002.62,70,4478,1322,6688.5,0.3689,414.81,6323.51,I-REC
BANK01,2024,2024-02,1.0552,3.7576,1.503,UI0000890,FAC0025,2024,10186,2417.58,60,5224,1047,6111.6,0.3689,462.8,5183.31,I-REC
BANK01,2024,2024-03,0.6684,3.1847,1.9108,UI0000891,FAC0025,2024,8633,1717.55,40,3309,1073,3453.2,0.3689,458.66,3236.75,GO
BANK01,2024,2024-04,0.7248,2.7063,1.6238,UI0000892,FAC0025,2024,7336,1590.9,40,3588,886,2934.4,0.3689,316.25,3137.48,I-REC
BANK01,2024,2024-05,0.7741,2.6908,1.0763,UI0000893,FAC0025,2024,7294,2123.97,60,3832,741,4376.4,0.3689,516.78,3075.66,GO
BANK01,2024,2024-06,0.8183,3.616,1.4464,UI0000894,FAC0025,2024,9802,2718.33,60,4051,941,5881.2,0.3689,527.6,4063.76,GO
BANK01,2024,2024-07,0.9841,3.6385,1.8192,UI0000895,FAC0025,2024,9863,2014.41,50,4872,1262,4931.5,0.3689,524.04,5952.09,I-REC
BANK01,2024,2024-08,0.9019,3.8746,1.5498,UI0000896,FAC0025,2024,10503,2999.82,60,4465,1146,6301.8,0.3689,422.13,5399.22,GO
BANK01,2024,2024-09,0.7854,2.7612,0.8284,UI0000897,FAC0025,2024,7485,1489.59,70,3888,815,5239.5,0.3689,405.78,3184.23,GO
BANK01,2024,2024-10,0.666,3.1408,1.8845,UI0000898,FAC0025,2024,8514,2472.78,40,3297,1299,3405.6,0.3689,405.63,6077.1,I-REC
BANK01,2024,2024-11,0.7773,3.1017,1.861,UI0000899,FAC0025,2024,8408,1752.51,40,3848,1146,3363.2,0.3689,524.47,4791.76,GO
BANK01,2024,2024-12,1.0609,4.0881,2.0441,UI0000900,FAC0025,2024,11082,2845.56,50,5252,950,5541.0,0.3689,530.57,4270.08,GO
BANK01,2022,2022-01,2.5135,12.2042,6.1021,UI0000901,FAC0026,2022,31181,6852.18,50,12443,167,15590.5,0.3914,1284.65,505.65,I-REC
BANK01,2022,2022-02,2.5189,10.6163,8.4931,UI0000902,FAC0026,2022,27124,7246.89,20,12470,129,5424.8,0.3914,971.29,632.49,I-REC
BANK01,2022,2022-03,2.1261,7.8648,6.2918,UI0000903,FAC0026,2022,20094,4140.98,20,10525,276,4018.8,0.3914,830.84,901.55,GO
BANK01,2022,2022-04,1.863,7.9846,4.7907,UI0000904,FAC0026,2022,20400,3865.69,40,9223,134,8160.0,0.3914,1192.69,633.11,GO
BANK01,2022,2022-05,1.8303,7.9313,4.7588,UI0000905,FAC0026,2022,20264,4924.75,40,9061,133,8105.6,0.3914,719.23,470.43,GO
BANK01,2022,2022-06,2.205,9.7897,4.8948,UI0000906,FAC0026,2022,25012,6916.45,50,10916,248,12506.0,0.3914,1405.11,878.97,I-REC
BANK01,2022,2022-07,2.2733,10.3744,7.2621,UI0000907,FAC0026,2022,26506,7888.89,30,11254,191,7951.8,0.3914,1294.52,595.73,GO
BANK01,2022,2022-08,2.4961,10.2061,7.1443,UI0000908,FAC0026,2022,26076,5220.1,30,12357,144,7822.8,0.3914,1104.63,706.21,GO
BANK01,2022,2022-09,2.0879,7.5885,5.3119,UI0000909,FAC0026,2022,19388,5510.4,30,10336,222,5816.4,0.3914,1434.71,1050.3,GO
BANK01,2022,2022-10,1.878,8.5039,6.8032,UI0000910,FAC0026,2022,21727,6927.87,20,9297,158,4345.4,0.3914,1198.74,724.73,I-REC
BANK01,2022,2022-11,1.8018,7.8523,5.4966,UI0000911,FAC0026,2022,20062,4095.35,30,8920,269,6018.6,0.3914,686.64,1094.06,I-REC
BANK01,2022,2022-12,2.4139,11.4445,5.7223,UI0000912,FAC0026,2022,29240,5669.35,50,11950,179,14620.0,0.3914,1155.61,554.99,I-REC
BANK01,2023,2023-01,2.6321,9.5927,5.7556,UI0000913,FAC0026,2023,25244,4742.15,40,13030,204,10097.6,0.38,1760.32,929.85,I-REC
BANK01,2023,2023-02,2.5222,9.6345,3.8538,UI0000914,FAC0026,2023,25354,7734.41,60,12486,262,15212.4,0.38,1235.96,857.02,GO
BANK01,2023,2023-03,1.8374,8.086,5.6602,UI0000915,FAC0026,2023,21279,3859.94,30,9096,290,6383.7,0.38,932.7,1220.85,GO
BANK01,2023,2023-04,1.7978,7.223,3.6115,UI0000916,FAC0026,2023,19008,5963.65,50,8900,169,9504.0,0.38,973.8,511.17,I-REC
BANK01,2023,2023-05,1.8451,8.4485,5.0691,UI0000917,FAC0026,2023,22233,6344.61,40,9134,206,8893.2,0.38,661.51,804.01,I-REC
BANK01,2023,2023-06,2.2038,9.082,3.6328,UI0000918,FAC0026,2023,23900,6197.08,60,10910,219,14340.0,0.38,1331.32,864.0,GO
BANK01,2023,2023-07,2.3379,8.9171,6.242,UI0000919,FAC0026,2023,23466,4305.85,30,11574,152,7039.8,0.38,1477.47,552.13,GO
BANK01,2023,2023-08,2.5214,10.5667,7.3967,UI0000920,FAC0026,2023,27807,8893.54,30,12482,254,8342.1,0.38,970.69,846.93,I-REC
BANK01,2023,2023-09,2.1378,8.4634,5.9244,UI0000921,FAC0026,2023,22272,5427.03,30,10583,208,6681.6,0.38,967.79,793.34,GO
BANK01,2023,2023-10,1.817,8.743,4.3715,UI0000922,FAC0026,2023,23008,5085.67,50,8995,166,11504.0,0.38,1124.88,797.59,GO
BANK01,2023,2023-11,1.8168,7.4681,5.2277,UI0000923,FAC0026,2023,19653,3933.94,30,8994,238,5895.9,0.38,743.59,1147.81,GO
BANK01,2023,2023-12,2.3901,10.1407,7.0985,UI0000924,FAC0026,2023,26686,6982.87,30,11832,290,8005.8,0.38,1080.93,1347.51,I-REC
BANK01,2024,2024-01,2.5428,10.7154,6.4293,UI0000925,FAC0026,2024,29047,6075.3,40,12588,158,11618.8,0.3689,1042.09,676.73,I-REC
BANK01,2024,2024-02,2.3485,9.8161,2.9448,UI0000926,FAC0026,2024,26609,6313.16,70,11626,284,18626.3,0.3689,1344.06,1194.32,GO
BANK01,2024,2024-03,1.9388,7.2817,3.6409,UI0000927,FAC0026,2024,19739,4300.12,50,9598,292,9869.5,0.3689,903.62,1280.15,GO
BANK01,2024,2024-04,1.8596,7.713,3.8565,UI0000928,FAC0026,2024,20908,4073.04,50,9206,192,10454.0,0.3689,1014.94,618.41,I-REC
BANK01,2024,2024-05,1.9311,8.2752,4.9651,UI0000929,FAC0026,2024,22432,4573.93,40,9560,284,8972.8,0.3689,956.87,1352.32,I-REC
BANK01,2024,2024-06,2.4381,10.185,3.0555,UI0000930,FAC0026,2024,27609,5956.42,70,12070,252,19326.3,0.3689,1314.67,1154.75,GO
BANK01,2024,2024-07,2.3493,10.0274,5.0137,UI0000931,FAC0026,2024,27182,6657.01,50,11630,199,13591.0,0.3689,1627.49,958.33,GO
BANK01,2024,2024-08,2.2347,9.2708,5.5625,UI0000932,FAC0026,2024,25131,6322.06,40,11063,205,10052.4,0.3689,953.08,951.55,GO
BANK01,2024,2024-09,1.7592,7.672,4.6032,UI0000933,FAC0026,2024,20797,5172.16,40,8709,223,8318.8,0.3689,987.42,922.0,GO
BANK01,2024,2024-10,1.8404,6.9563,3.4782,UI0000934,FAC0026,2024,18857,4431.87,50,9111,136,9428.5,0.3689,1251.27,578.09,GO
BANK01,2024,2024-11,2.0263,8.0911,3.2364,UI0000935,FAC0026,2024,21933,5607.1,60,10031,294,13159.8,0.3689,1060.18,1041.01,I-REC
BANK01,2024,2024-12,2.3202,11.0124,5.5062,UI0000936,FAC0026,2024,29852,7772.62,50,11486,154,14926.0,0.3689,1228.37,560.12,GO
BANK01,2022,2022-01,5.2169,23.2374,16.2662,UI0000937,FAC0027,2022,59370,11234.5,30,25826,292,17811.0,0.3914,2108.82,1310.19,GO
BANK01,2022,2022-02,6.1042,23.52,18.816,UI0000938,FAC0027,2022,60092,13839.14,20,30219,164,12018.4,0.3914,2810.96,780.2,I-REC
BANK01,2022,2022-03,3.7897,18.5931,9.2965,UI0000939,FAC0027,2022,47504,10204.49,50,18761,140,23752.0,0.3914,1696.34,620.01,I-REC
BANK01,2022,2022-04,3.9893,17.3277,13.8621,UI0000940,FAC0027,2022,44271,7989.6,20,19749,157,8854.2,0.3914,2102.8,712.19,I-REC
BANK01,2022,2022-05,3.8637,17.9105,8.9552,UI0000941,FAC0027,2022,45760,13351.17,50,19127,182,22880.0,0.3914,1369.88,893.6,I-REC
BANK01,2022,2022-06,5.0254,23.1094,16.1766,UI0000942,FAC0027,2022,59043,17409.18,30,24878,274,17712.9,0.3914,1983.29,1092.97,I-REC
BANK01,2022,2022-07,5.3932,23.4699,11.735,UI0000943,FAC0027,2022,59964,17005.9,50,26699,242,29982.0,0.3914,3023.51,913.89,GO
BANK01,2022,2022-08,5.3839,21.7767,17.4214,UI0000944,FAC0027,2022,55638,17358.63,20,26653,191,11127.6,0.3914,3482.54,782.19,I-REC
BANK01,2022,2022-09,4.0051,17.5989,14.0791,UI0000945,FAC0027,2022,44964,8238.67,20,19827,181,8992.8,0.3914,2216.08,847.5,GO
BANK01,2022,2022-10,4.0214,17.9856,8.9928,UI0000946,FAC0027,2022,45952,9035.25,50,19908,176,22976.0,0.3914,1528.43,821.93,I-REC
BANK01,2022,2022-11,3.8574,19.2706,15.4165,UI0000947,FAC0027,2022,49235,11056.59,20,19096,154,9847.0,0.3914,2221.83,633.03,GO
BANK01,2022,2022-12,5.3415,22.9439,13.7663,UI0000948,FAC0027,2022,58620,11783.29,40,26443,228,23448.0,0.3914,1884.64,973.98,I-REC
BANK01,2023,2023-01,5.6808,23.7827,14.2696,UI0000949,FAC0027,2023,62586,14103.87,40,28123,149,25034.4,0.38,2439.45,570.04,GO
BANK01,2023,2023-02,5.3033,20.3083,10.1542,UI0000950,FAC0027,2023,53443,11740.02,50,26254,308,26721.5,0.38,3474.45,1092.38,I-REC
BANK01,2023,2023-03,4.0766,16.4905,11.5433,UI0000951,FAC0027,2023,43396,8167.06,30,20181,267,13018.8,0.38,1607.55,1271.58,GO
BANK01,2023,2023-04,4.3806,17.5549,12.2884,UI0000952,FAC0027,2023,46197,12769.8,30,21686,265,13859.1,0.38,1749.07,868.02,I-REC
BANK01,2023,2023-05,4.0808,15.8787,7.9393,UI0000953,FAC0027,2023,41786,13185.17,50,20202,304,20893.0,0.38,1625.26,1453.54,I-REC
BANK01,2023,2023-06,5.0724,19.0714,13.35,UI0000954,FAC0027,2023,50188,12525.08,30,25111,228,15056.4,0.38,2968.57,1096.6,I-REC
BANK01,2023,2023-07,5.3334,20.4144,12.2486,UI0000955,FAC0027,2023,53722,12765.53,40,26403,202,21488.8,0.38,2143.5,981.94,GO
BANK01,2023,2023-08,4.9953,19.9086,13.936,UI0000956,FAC0027,2023,52391,10600.05,30,24729,138,15717.3,0.38,1894.96,626.96,I-REC
BANK01,2023,2023-09,4.1673,18.3263,12.8284,UI0000957,FAC0027,2023,48227,13316.76,30,20630,197,14468.1,0.38,2799.05,838.57,I-REC
BANK01,2023,2023-10,4.5161,17.7745,12.4421,UI0000958,FAC0027,2023,46775,10298.03,30,22357,199,14032.5,0.38,2920.71,755.24,GO
BANK01,2023,2023-11,3.7625,18.1009,10.8606,UI0000959,FAC0027,2023,47634,8943.45,40,18626,246,19053.6,0.38,1859.86,749.58,GO
BANK01,2023,2023-12,5.5673,20.5565,8.2226,UI0000960,FAC0027,2023,54096,10393.64,60,27561,232,32457.6,0.38,2102.39,1103.85,GO
BANK01,2024,2024-01,5.0668,23.0633,6.919,UI0000961,FAC0027,2024,62519,11854.24,70,25083,301,43763.3,0.3689,1913.08,920.68,I-REC
BANK01,2024,2024-02,5.8709,23.0507,13.8304,UI0000962,FAC0027,2024,62485,15601.64,40,29064,267,24994.0,0.3689,2908.05,1202.26,I-REC
BANK01,2024,2024-03,4.2967,15.1127,6.0451,UI0000963,FAC0027,2024,40967,9163.82,60,21271,299,24580.2,0.3689,2569.08,1477.45,I-REC
BANK01,2024,2024-04,3.7816,15.3721,4.6116,UI0000964,FAC0027,2024,41670,9944.74,70,18721,163,29169.0,0.3689,1597.15,695.69,GO
BANK01,2024,2024-05,4.4192,15.6196,9.3718,UI0000965,FAC0027,2024,42341,9594.7,40,21877,156,16936.4,0.3689,1541.87,623.76,GO
BANK01,2024,2024-06,5.0649,20.5005,8.2002,UI0000966,FAC0027,2024,55572,13829.34,60,25074,174,33343.2,0.3689,2016.53,603.74,I-REC
BANK01,2024,2024-07,4.8632,19.7767,5.933,UI0000967,FAC0027,2024,53610,13663.37,70,24075,226,37527.0,0.3689,1960.25,821.67,I-REC
BANK01,2024,2024-08,5.1177,17.9909,8.9954,UI0000968,FAC0027,2024,48769,11470.16,50,25335,287,24384.5,0.3689,3523.61,1153.39,I-REC
BANK01,2024,2024-09,4.2069,17.1052,6.8421,UI0000969,FAC0027,2024,46368,14395.57,60,20826,207,27820.8,0.3689,2599.54,1015.42,I-REC
BANK01,2024,2024-10,3.8612,17.1328,5.1398,UI0000970,FAC0027,2024,46443,14106.71,70,19115,150,32510.1,0.3689,1885.0,613.73,GO
BANK01,2024,2024-11,4.3206,16.0283,6.4113,UI0000971,FAC0027,2024,43449,10699.87,60,21389,280,26069.4,0.3689,2739.74,1210.94,I-REC
BANK01,2024,2024-12,5.5394,21.6592,12.9955,UI0000972,FAC0027,2024,58713,13961.33,40,27423,202,23485.2,0.3689,3709.93,931.74,I-REC
BANK01,2022,2022-01,1.0528,4.1911,2.9338,UI0000973,FAC0028,2022,10708,2115.66,30,5212,467,3212.4,0.3914,479.11,1654.93,GO
BANK01,2022,2022-02,0.9464,4.1093,2.0547,UI0000974,FAC0028,2022,10499,2694.84,50,4685,396,5249.5,0.3914,638.67,1307.45,GO
BANK01,2022,2022-03,0.8007,3.1649,1.8989,UI0000975,FAC0028,2022,8086,1640.71,40,3964,427,3234.4,0.3914,348.73,1951.95,GO
BANK01,2022,2022-04,0.7638,2.9559,1.7735,UI0000976,FAC0028,2022,7552,2039.0,40,3781,386,3020.8,0.3914,287.95,1253.52,I-REC
BANK01,2022,2022-05,0.7969,3.3837,2.7069,UI0000977,FAC0028,2022,8645,2199.01,20,3945,408,1729.0,0.3914,404.17,1226.06,GO
BANK01,2022,2022-06,0.9017,4.134,2.4804,UI0000978,FAC0028,2022,10562,2641.15,40,4464,261,4224.8,0.3914,582.46,1203.88,I-REC
BANK01,2022,2022-07,0.9579,4.1782,2.0891,UI0000979,FAC0028,2022,10675,2723.81,50,4742,275,5337.5,0.3914,661.58,1047.83,I-REC
BANK01,2022,2022-08,0.8607,4.2921,3.4337,UI0000980,FAC0028,2022,10966,3498.32,20,4261,428,2193.2,0.3914,352.48,1421.81,I-REC
BANK01,2022,2022-09,0.7498,3.5195,2.1117,UI0000981,FAC0028,2022,8992,1722.12,40,3712,377,3596.8,0.3914,448.54,1317.34,GO
BANK01,2022,2022-10,0.8118,2.9641,1.482,UI0000982,FAC0028,2022,7573,1367.58,50,4019,215,3786.5,0.3914,547.46,858.57,I-REC
BANK01,2022,2022-11,0.8153,3.0106,1.5053,UI0000983,FAC0028,2022,7692,1441.5,50,4036,435,3846.0,0.3914,299.03,1446.95,I-REC
BANK01,2022,2022-12,0.9771,4.7986,3.8389,UI0000984,FAC0028,2022,12260,2344.42,20,4837,360,2452.0,0.3914,612.03,1103.35,I-REC
BANK01,2023,2023-01,0.9773,3.7468,2.6228,UI0000985,FAC0028,2023,9860,2107.06,30,4838,452,2958.0,0.38,592.73,1804.73,I-REC
BANK01,2023,2023-02,1.0841,3.8179,1.5271,UI0000986,FAC0028,2023,10047,1872.58,60,5367,405,6028.2,0.38,657.16,1931.55,I-REC
BANK01,2023,2023-03,0.8225,3.2737,1.6369,UI0000987,FAC0028,2023,8615,2375.36,50,4072,243,4307.5,0.38,460.86,1094.11,I-REC
BANK01,2023,2023-04,0.765,2.8337,1.4168,UI0000988,FAC0028,2023,7457,2224.84,50,3787,227,3728.5,0.38,433.72,1053.95,I-REC
BANK01,2023,2023-05,0.7432,3.0066,2.1046,UI0000989,FAC0028,2023,7912,1509.5,30,3679,204,2373.6,0.38,504.3,751.02,GO
BANK01,2023,2023-06,0.871,3.6814,1.4726,UI0000990,FAC0028,2023,9688,2995.21,60,4312,233,5812.8,0.38,470.3,1014.01,GO
BANK01,2023,2023-07,0.9377,4.0614,2.4369,UI0000991,FAC0028,2023,10688,3090.06,40,4642,202,4275.2,0.38,519.5,628.72,GO
BANK01,2023,2023-08,0.8611,3.5971,1.4388,UI0000992,FAC0028,2023,9466,1740.31,60,4263,312,5679.6,0.38,504.39,1005.31,GO
BANK01,2023,2023-09,0.8365,3.1852,1.9111,UI0000993,FAC0028,2023,8382,2303.03,40,4141,242,3352.8,0.38,544.7,1010.63,I-REC
BANK01,2023,2023-10,0.7258,3.417,2.3919,UI0000994,FAC0028,2023,8992,2292.66,30,3593,332,2697.6,0.38,373.53,1552.1,GO
BANK01,2023,2023-11,0.8215,2.8268,1.9788,UI0000995,FAC0028,2023,7439,2275.99,30,4067,351,2231.7,0.38,286.68,1613.38,I-REC
BANK01,2023,2023-12,1.0538,4.1899,2.0949,UI0000996,FAC0028,2023,11026,3195.48,50,5217,393,5513.0,0.38,535.19,1941.64,GO
BANK01,2024,2024-01,0.932,3.5791,1.4316,UI0000997,FAC0028,2024,9702,2010.08,60,4614,270,5821.2,0.3689,571.04,925.18,GO
BANK01,2024,2024-02,0.9355,3.8664,2.3199,UI0000998,FAC0028,2024,10481,2459.87,40,4631,461,4192.4,0.3689,336.51,2298.84,GO
BANK01,2024,2024-03,0.788,3.0224,0.9067,UI0000999,FAC0028,2024,8193,1772.49,70,3901,349,5735.1,0.3689,455.04,1060.91,I-REC
BANK01,2024,2024-04,0.7759,3.1401,0.942,UI0001000,FAC0028,2024,8512,2270.7,70,3841,297,5958.4,0.3689,300.7,1234.37,I-REC
BANK01,2024,2024-05,0.8131,3.2474,1.6237,UI0001001,FAC0028,2024,8803,1694.77,50,4025,388,4401.5,0.3689,297.22,1253.58,I-REC
BANK01,2024,2024-06,0.8779,3.5521,2.1313,UI0001002,FAC0028,2024,9629,1739.17,40,4346,240,3851.6,0.3689,586.46,824.44,I-REC
BANK01,2024,2024-07,1.0025,3.5215,1.4086,UI0001003,FAC0028,2024,9546,2911.44,60,4963,457,5727.6,0.3689,401.79,2146.56,I-REC
BANK01,2024,2024-08,0.9504,3.7668,1.8834,UI0001004,FAC0028,2024,10211,2664.09,50,4705,367,5105.5,0.3689,424.39,1728.78,I-REC
BANK01,2024,2024-09,0.7066,2.9637,1.7782,UI0001005,FAC0028,2024,8034,2276.86,40,3498,204,3213.6,0.3689,391.94,942.27,I-REC
BANK01,2024,2024-10,0.7209,3.1478,1.5739,UI0001006,FAC0028,2024,8533,1656.52,50,3569,262,4266.5,0.3689,477.57,983.58,I-REC
BANK01,2024,2024-11,0.788,3.0918,0.9275,UI0001007,FAC0028,2024,8381,2327.91,70,3901,392,5866.7,0.3689,383.47,1798.64,I-REC
BANK01,2024,2024-12,1.0714,3.7366,1.4946,UI0001008,FAC0028,2024,10129,2153.16,60,5304,366,6077.4,0.3689,575.47,1166.42,I-REC
