bank_id,invoice_year,invoice_month,scope1_gas_tco2e,scope2_location_tco2e,scope2_market_tco2e,invoice_id,facility_id,reporting_year,electricity_kwh,electricity_cost_eur,renewable_share_pct,natural_gas_kwh,water_m3,rec_volume_kwh,grid_emission_factor_tco2e_per_mwh,natural_gas_cost_eur,water_cost_eur,rec_registry
BANK01,2022,2022-01,31.4736,107.5735,53.7868,UI0000001,FAC0001,2022,360139,112705.06,50,155810,1098,180069.5,0.2987,20432.19,5025.03,I-REC
BANK01,2022,2022-02,36.4105,106.0373,63.6224,UI0000002,FAC0001,2022,354996,64592.6,40,180250,658,141998.4,0.2987,22602.68,2844.89,GO
BANK01,2022,2022-03,25.8978,76.1282,60.9025,UI0000003,FAC0001,2022,254865,46460.49,20,128207,684,50973.0,0.2987,13213.04,2422.58,I-REC
BANK01,2022,2022-04,25.4116,76.535,45.921,UI0000004,FAC0001,2022,256227,54290.27,40,125800,665,102490.8,0.2987,13090.43,2957.56,I-REC
BANK01,2022,2022-05,27.6999,80.3652,64.2922,UI0000005,FAC0001,2022,269050,61739.37,20,137128,666,53810.0,0.2987,10616.56,3267.33,I-REC
BANK01,2022,2022-06,31.7453,103.6635,51.8318,UI0000006,FAC0001,2022,347049,101514.29,50,157155,653,173524.5,0.2987,15581.0,1975.94,GO
BANK01,2022,2022-07,28.9535,95.7381,47.8691,UI0000007,FAC0001,2022,320516,85137.94,50,143334,1010,160258.0,0.2987,16044.54,4099.87,GO
BANK01,2022,2022-08,30.2881,96.3971,67.4779,UI0000008,FAC0001,2022,322722,74787.42,30,149941,1053,96816.6,0.2987,20681.38,3291.94,GO
BANK01,2022,2022-09,25.0032,80.597,48.3582,UI0000009,FAC0001,2022,269826,74568.96,40,123778,702,107930.4,0.2987,16550.38,3373.19,GO
BANK01,2022,2022-10,27.4686,83.6402,50.1841,UI0000010,FAC0001,2022,280014,72159.44,40,135983,898,112005.6,0.2987,15013.26,3288.59,GO
BANK01,2022,2022-11,23.5292,76.48,53.536,UI0000011,FAC0001,2022,256043,71470.48,30,116481,785,76812.9,0.2987,13122.41,3631.92,I-REC
BANK01,2022,2022-12,34.3295,103.162,61.8972,UI0000012,FAC0001,2022,345370,86872.46,40,169948,1201,138148.0,0.2987,13033.45,5404.96,GO
BANK01,2023,2023-01,30.4402,105.8944,52.9472,UI0000013,FAC0001,2023,365153,69148.86,50,150694,908,182576.5,0.29,14658.06,3074.82,GO
BANK01,2023,2023-02,34.6303,108.9191,76.2433,UI0000014,FAC0001,2023,375583,92515.32,30,171437,815,112674.9,0.29,14680.72,2449.98,I-REC
BANK01,2023,2023-03,25.5179,75.2753,37.6376,UI0000015,FAC0001,2023,259570,81487.71,50,126326,960,129785.0,0.29,13128.91,3483.2,I-REC
BANK01,2023,2023-04,23.4219,83.4452,50.0671,UI0000016,FAC0001,2023,287742,90374.47,40,115950,1142,115096.8,0.29,12966.82,3700.91,I-REC
BANK01,2023,2023-05,26.0903,81.1231,40.5616,UI0000017,FAC0001,2023,279735,60073.57,50,129160,692,139867.5,0.29,12440.77,3045.69,GO
BANK01,2023,2023-06,29.2246,101.4104,50.7052,UI0000018,FAC0001,2023,349691,64182.19,50,144676,699,174845.5,0.29,16726.64,3162.8,I-REC
BANK01,2023,2023-07,30.2402,86.7465,52.0479,UI0000019,FAC0001,2023,299126,72548.8,40,149704,1215,119650.4,0.29,14482.57,4026.46,I-REC
BANK01,2023,2023-08,29.3213,93.6697,37.4679,UI0000020,FAC0001,2023,322999,70618.22,60,145155,1235,193799.4,0.29,17337.43,4824.73,I-REC
BANK01,2023,2023-09,23.0656,72.2796,50.5957,UI0000021,FAC0001,2023,249240,46692.44,30,114186,1249,74772.0,0.29,10603.05,4938.8,I-REC
BANK01,2023,2023-10,26.5703,71.9516,50.3661,UI0000022,FAC0001,2023,248109,66504.29,30,131536,824,74432.7,0.29,15158.6,3123.85,I-REC
BANK01,2023,2023-11,26.5915,74.8171,37.4085,UI0000023,FAC0001,2023,257990,58141.14,50,131641,574,128995.0,0.29,16185.84,1767.21,GO
BANK01,2023,2023-12,34.7024,103.5819,41.4328,UI0000024,FAC0001,2023,357179,67486.44,60,171794,1071,214307.4,0.29,12842.05,3537.66,GO
BANK01,2024,2024-01,35.4237,98.7875,39.515,UI0000025,FAC0001,2024,350808,110899.08,60,175365,721,210484.8,0.2816,16426.63,2758.03,GO
BANK01,2024,2024-02,32.5087,103.2734,30.982,UI0000026,FAC0001,2024,366738,98965.94,70,160934,948,256716.6,0.2816,15726.36,3137.85,GO
BANK01,2024,2024-03,25.9536,78.5168,47.1101,UI0000027,FAC0001,2024,278824,79963.09,40,128483,877,111529.6,0.2816,16806.42,3029.85,GO
BANK01,2024,2024-04,25.3146,67.2129,33.6064,UI0000028,FAC0001,2024,238682,58958.52,50,125320,567,119341.0,0.2816,9142.38,2561.17,GO
BANK01,2024,2024-05,26.6375,80.392,32.1568,UI0000029,FAC0001,2024,285483,64294.49,60,131869,650,171289.8,0.2816,16209.0,2821.34,GO
BANK01,2024,2024-06,31.4296,81.4773,24.4432,UI0000030,FAC0001,2024,289337,74360.87,70,155592,909,202535.9,0.2816,11328.51,3799.02,GO
BANK01,2024,2024-07,30.3386,84.8954,50.9372,UI0000031,FAC0001,2024,301475,78812.09,40,150191,554,120590.0,0.2816,14383.53,2657.63,I-REC
BANK01,2024,2024-08,28.1303,84.0903,33.6361,UI0000032,FAC0001,2024,298616,64856.57,60,139259,942,179169.6,0.2816,13396.86,3557.78,I-REC
BANK01,2024,2024-09,25.6597,78.6937,39.3468,UI0000033,FAC0001,2024,279452,63096.94,50,127028,737,139726.0,0.2816,11206.91,2386.65,I-REC
BANK01,2024,2024-10,22.1172,70.589,21.1767,UI0000034,FAC0001,2024,250671,52300.65,70,109491,991,175469.7,0.2816,8528.09,3740.93,I-REC
BANK01,2024,2024-11,26.5333,67.9535,27.1814,UI0000035,FAC0001,2024,241312,71575.59,60,131353,699,144787.2,0.2816,15393.84,3336.54,GO
BANK01,2024,2024-12,31.6522,104.5913,52.2957,UI0000036,FAC0001,2024,371418,96330.42,50,156694,589,185709.0,0.2816,20668.98,2064.25,GO
BANK01,2022,2022-01,1.9966,8.7325,6.1128,UI0000037,FAC0002,2022,22311,6703.34,30,9884,746,6693.3,0.3914,834.65,3650.62,GO
BANK01,2022,2022-02,2.0038,8.5192,5.9634,UI0000038,FAC0002,2022,21766,6723.84,30,9920,1339,6529.8,0.3914,1027.83,5615.07,I-REC
BANK01,2022,2022-03,1.6085,6.9203,5.5363,UI0000039,FAC0002,2022,17681,4708.31,20,7963,1303,3536.2,0.3914,1050.39,6131.09,GO
BANK01,2022,2022-04,1.6677,6.691,5.3528,UI0000040,FAC0002,2022,17095,3803.34,20,8256,1310,3419.0,0.3914,798.35,5418.45,I-REC
BANK01,2022,2022-05,1.4176,6.0898,4.2629,UI0000041,FAC0002,2022,15559,4915.58,30,7018,745,4667.7,0.3914,855.7,2790.5,I-REC
BANK01,2022,2022-06,1.961,7.6358,6.1087,UI0000042,FAC0002,2022,19509,5965.72,20,9708,809,3901.8,0.3914,884.82,2852.09,I-REC
BANK01,2022,2022-07,2.0499,8.6742,6.0719,UI0000043,FAC0002,2022,22162,4362.49,30,10148,1197,6648.6,0.3914,1162.65,5871.11,I-REC
BANK01,2022,2022-08,2.0473,8.455,5.9185,UI0000044,FAC0002,2022,21602,3931.74,30,10135,1299,6480.6,0.3914,770.53,4507.02,I-REC
BANK01,2022,2022-09,1.5815,7.0182,4.2109,UI0000045,FAC0002,2022,17931,3284.21,40,7829,1009,7172.4,0.3914,856.7,3154.71,GO
BANK01,2022,2022-10,1.4681,6.7857,3.3929,UI0000046,FAC0002,2022,17337,3193.23,50,7268,886,8668.5,0.3914,761.83,4129.56,I-REC
BANK01,2022,2022-11,1.7039,6.4205,5.1364,UI0000047,FAC0002,2022,16404,4460.66,20,8435,1024,3280.8,0.3914,1156.94,4866.82,I-REC
BANK01,2022,2022-12,2.1662,9.0789,5.4473,UI0000048,FAC0002,2022,23196,4254.56,40,10724,735,9278.4,0.3914,954.84,3486.83,I-REC
BANK01,2023,2023-01,2.0127,7.8508,5.4956,UI0000049,FAC0002,2023,20660,6245.37,30,9964,581,6198.0,0.38,1280.15,2248.87,I-REC
BANK01,2023,2023-02,2.0293,9.0398,6.3279,UI0000050,FAC0002,2023,23789,5236.25,30,10046,758,7136.7,0.38,765.4,2830.82,GO
BANK01,2023,2023-03,1.539,6.6166,3.3083,UI0000051,FAC0002,2023,17412,4904.4,50,7619,867,8706.0,0.38,821.74,3157.11,I-REC
BANK01,2023,2023-04,1.497,6.3908,3.1954,UI0000052,FAC0002,2023,16818,4127.94,50,7411,1027,8409.0,0.38,699.01,3681.69,GO
BANK01,2023,2023-05,1.6023,6.6086,2.6434,UI0000053,FAC0002,2023,17391,4007.69,60,7932,961,10434.6,0.38,794.94,4040.34,I-REC
BANK01,2023,2023-06,1.802,8.1844,3.2738,UI0000054,FAC0002,2023,21538,5236.05,60,8921,856,12922.8,0.38,961.19,3732.74,I-REC
BANK01,2023,2023-07,1.8061,8.1917,4.915,UI0000055,FAC0002,2023,21557,5687.4,40,8941,1288,8622.8,0.38,963.97,6007.27,I-REC
BANK01,2023,2023-08,1.976,7.0817,4.249,UI0000056,FAC0002,2023,18636,5506.12,40,9782,687,7454.4,0.38,956.14,3192.41,I-REC
BANK01,2023,2023-09,1.6752,6.691,4.6837,UI0000057,FAC0002,2023,17608,4588.03,30,8293,999,5282.4,0.38,728.38,4096.8,GO
BANK01,2023,2023-10,1.5986,6.7678,3.3839,UI0000058,FAC0002,2023,17810,4425.52,50,7914,1107,8905.0,0.38,734.29,5172.94,I-REC
BANK01,2023,2023-11,1.6588,6.0602,2.4241,UI0000059,FAC0002,2023,15948,3359.77,60,8212,983,9568.8,0.38,776.69,3751.12,GO
BANK01,2023,2023-12,1.874,8.7073,3.4829,UI0000060,FAC0002,2023,22914,4624.0,60,9277,1073,13748.4,0.38,1100.03,4835.62,GO
BANK01,2024,2024-01,2.1501,8.2283,4.937,UI0000061,FAC0002,2024,22305,5561.27,40,10644,1327,8922.0,0.3689,1427.46,5825.36,GO
BANK01,2024,2024-02,2.0953,7.582,3.791,UI0000062,FAC0002,2024,20553,5259.01,50,10373,813,10276.5,0.3689,796.24,3763.37,I-REC
BANK01,2024,2024-03,1.3548,5.3516,2.6758,UI0000063,FAC0002,2024,14507,4292.21,50,6707,672,7253.5,0.3689,788.97,2106.08,I-REC
BANK01,2024,2024-04,1.3811,5.8592,1.7578,UI0000064,FAC0002,2024,15883,2882.44,70,6837,1308,11118.1,0.3689,764.58,4821.73,GO
BANK01,2024,2024-05,1.4362,5.7674,1.7302,UI0000065,FAC0002,2024,15634,4204.46,70,7110,1057,10943.8,0.3689,793.0,4606.65,GO
BANK01,2024,2024-06,1.8271,7.9195,3.1678,UI0000066,FAC0002,2024,21468,5970.0,60,9045,850,12880.8,0.3689,1178.4,3202.38,GO
BANK01,2024,2024-07,1.6802,7.2865,2.9146,UI0000067,FAC0002,2024,19752,6179.95,60,8318,1111,11851.2,0.3689,981.02,5543.09,GO
BANK01,2024,2024-08,1.9964,7.0563,4.2338,UI0000068,FAC0002,2024,19128,4714.71,40,9883,1165,7651.2,0.3689,1067.97,3688.31,I-REC
BANK01,2024,2024-09,1.5594,6.1806,1.8542,UI0000069,FAC0002,2024,16754,3906.68,70,7720,1291,11727.8,0.3689,722.72,5431.52,GO
BANK01,2024,2024-10,1.4421,5.8792,1.7637,UI0000070,FAC0002,2024,15937,3351.83,70,7139,1006,11155.9,0.3689,704.92,3038.71,I-REC
BANK01,2024,2024-11,1.6035,5.4756,1.6427,UI0000071,FAC0002,2024,14843,2815.33,70,7938,1182,10390.1,0.3689,656.36,4195.49,GO
BANK01,2024,2024-12,2.1133,7.9896,4.7938,UI0000072,FAC0002,2024,21658,4666.19,40,10462,993,8663.2,0.3689,818.51,4005.24,GO
BANK01,2022,2022-01,7.335,29.0661,23.2529,UI0000073,FAC0003,2022,74262,16385.18,20,36312,388,14852.4,0.3914,3384.25,1249.11,I-REC
BANK01,2022,2022-02,7.9063,28.9472,14.4736,UI0000074,FAC0003,2022,73958,15891.06,50,39140,230,36979.0,0.3914,3800.93,1032.48,I-REC
BANK01,2022,2022-03,5.1956,24.0382,14.4229,UI0000075,FAC0003,2022,61416,12625.59,40,25721,273,24566.4,0.3914,2412.76,1191.94,GO
BANK01,2022,2022-04,5.2536,24.9322,19.9457,UI0000076,FAC0003,2022,63700,12371.51,20,26008,289,12740.0,0.3914,2073.99,1294.93,GO
BANK01,2022,2022-05,5.6247,25.4038,15.2423,UI0000077,FAC0003,2022,64905,18900.81,40,27845,288,25962.0,0.3914,2787.23,1272.04,GO
BANK01,2022,2022-06,6.6105,30.7699,15.385,UI0000078,FAC0003,2022,78615,19363.83,50,32725,313,39307.5,0.3914,2929.65,1287.86,GO
BANK01,2022,2022-07,6.199,28.0595,16.8357,UI0000079,FAC0003,2022,71690,17667.83,40,30688,245,28676.0,0.3914,3237.52,854.18,GO
BANK01,2022,2022-08,6.2971,30.9417,24.7534,UI0000080,FAC0003,2022,79054,20542.88,20,31174,187,15810.8,0.3914,3632.55,727.84,GO
BANK01,2022,2022-09,5.4142,25.6363,20.509,UI0000081,FAC0003,2022,65499,20692.52,20,26803,245,13099.8,0.3914,3107.5,1020.24,GO
BANK01,2022,2022-10,5.0435,21.529,12.9174,UI0000082,FAC0003,2022,55005,10926.75,40,24968,230,22002.0,0.3914,2973.77,695.15,GO
BANK01,2022,2022-11,5.875,21.2683,12.761,UI0000083,FAC0003,2022,54339,14235.74,40,29084,209,21735.6,0.3914,2053.91,995.0,I-REC
BANK01,2022,2022-12,8.0297,28.8368,20.1858,UI0000084,FAC0003,2022,73676,15207.71,30,39751,390,22102.8,0.3914,4103.62,1543.41,I-REC
BANK01,2023,2023-01,7.0957,27.2122,19.0485,UI0000085,FAC0003,2023,71611,14354.84,30,35127,335,21483.3,0.38,2771.06,1346.61,I-REC
BANK01,2023,2023-02,6.6313,31.7216,22.2051,UI0000086,FAC0003,2023,83478,21642.68,30,32828,306,25043.4,0.38,2865.71,1379.09,GO
BANK01,2023,2023-03,5.2932,23.696,11.848,UI0000087,FAC0003,2023,62358,14772.29,50,26204,236,31179.0,0.38,3214.34,728.25,GO
BANK01,2023,2023-04,5.3292,21.3917,10.6959,UI0000088,FAC0003,2023,56294,13212.69,50,26382,228,28147.0,0.38,2966.67,1079.32,GO
BANK01,2023,2023-05,5.0381,23.2917,9.3167,UI0000089,FAC0003,2023,61294,16576.7,60,24941,330,36776.4,0.38,3064.75,1093.81,I-REC
BANK01,2023,2023-06,6.3709,27.656,11.0624,UI0000090,FAC0003,2023,72779,19211.84,60,31539,369,43667.4,0.38,3129.05,1521.52,GO
BANK01,2023,2023-07,7.0221,28.2283,19.7598,UI0000091,FAC0003,2023,74285,17214.28,30,34763,369,22285.5,0.38,3390.39,1449.81,I-REC
BANK01,2023,2023-08,7.2086,28.7831,14.3916,UI0000092,FAC0003,2023,75745,23382.92,50,35686,255,37872.5,0.38,4634.77,1004.66,I-REC
BANK01,2023,2023-09,5.7241,22.1342,13.2805,UI0000093,FAC0003,2023,58248,14311.88,40,28337,385,23299.2,0.38,2164.07,1532.05,I-REC
BANK01,2023,2023-10,5.4623,21.489,10.7445,UI0000094,FAC0003,2023,56550,15159.75,50,27041,334,28275.0,0.38,3661.12,1586.33,GO
BANK01,2023,2023-11,5.1476,22.6073,11.3037,UI0000095,FAC0003,2023,59493,18264.97,50,25483,406,29746.5,0.38,2793.47,1500.99,I-REC
BANK01,2023,2023-12,7.7313,28.4388,11.3755,UI0000096,FAC0003,2023,74839,16389.22,60,38274,307,44903.4,0.38,4280.69,1332.19,GO
BANK01,2024,2024-01,7.274,26.3918,10.5567,UI0000097,FAC0003,2024,71542,14780.24,60,36010,372,42925.2,0.3689,4249.85,1646.19,I-REC
BANK01,2024,2024-02,6.6929,28.4437,14.2218,UI0000098,FAC0003,2024,77104,15143.96,50,33133,293,38552.0,0.3689,3995.57,1049.8,GO
BANK01,2024,2024-03,5.4397,20.0416,8.0166,UI0000099,FAC0003,2024,54328,11171.52,60,26929,335,32596.8,0.3689,3105.54,1337.96,I-REC
BANK01,2024,2024-04,5.3183,20.0357,6.0107,UI0000100,FAC0003,2024,54312,13862.44,70,26328,247,38018.4,0.3689,2112.66,1040.36,I-REC
BANK01,2024,2024-05,5.8328,20.0648,6.0195,UI0000101,FAC0003,2024,54391,9815.26,70,28875,378,38073.7,0.3689,2403.12,1840.2,GO
BANK01,2024,2024-06,6.4614,28.008,11.2032,UI0000102,FAC0003,2024,75923,19098.93,60,31987,421,45553.8,0.3689,3180.61,1486.72,GO
BANK01,2024,2024-07,6.6876,28.2854,16.9712,UI0000103,FAC0003,2024,76675,18915.07,40,33107,300,30670.0,0.3689,3214.09,971.67,I-REC
BANK01,2024,2024-08,6.3396,24.1548,14.4929,UI0000104,FAC0003,2024,65478,12162.2,40,31384,375,26191.2,0.3689,2351.28,1205.6,I-REC
BANK01,2024,2024-09,4.9375,21.2582,6.3775,UI0000105,FAC0003,2024,57626,12025.68,70,24443,205,40338.2,0.3689,3236.05,847.29,I-REC
BANK01,2024,2024-10,5.1617,19.04,7.616,UI0000106,FAC0003,2024,51613,11343.83,60,25553,333,30967.8,0.3689,2219.22,1145.81,I-REC
BANK01,2024,2024-11,5.6035,21.5471,8.6188,UI0000107,FAC0003,2024,58409,17388.8,60,27740,406,35045.4,0.3689,2236.38,1667.61,I-REC
BANK01,2024,2024-12,6.7147,27.1142,8.1342,UI0000108,FAC0003,2024,73500,15320.32,70,33241,376,51450.0,0.3689,3760.91,1845.76,I-REC
BANK01,2022,2022-01,9.9499,36.5959,21.9575,UI0000109,FAC0004,2022,93500,27427.01,40,49257,1915,37400.0,0.3914,3877.48,6687.92,I-REC
BANK01,2022,2022-02,9.0035,39.1087,27.3761,UI0000110,FAC0004,2022,99920,30822.08,30,44572,1506,29976.0,0.3914,3992.0,4527.54,GO
BANK01,2022,2022-03,7.0278,30.9143,15.4572,UI0000111,FAC0004,2022,78984,19150.71,50,34791,1785,39492.0,0.3914,3000.82,8379.8,I-REC
BANK01,2022,2022-04,7.0405,29.344,14.672,UI0000112,FAC0004,2022,74972,22422.78,50,34854,998,37486.0,0.3914,4271.31,3039.96,I-REC
BANK01,2022,2022-05,6.7001,31.4756,15.7378,UI0000113,FAC0004,2022,80418,23364.83,50,33169,1577,40209.0,0.3914,3538.32,5746.84,GO
BANK01,2022,2022-06,8.9034,36.5262,25.5684,UI0000114,FAC0004,2022,93322,21670.73,30,44076,1760,27996.6,0.3914,5255.71,7395.36,GO
BANK01,2022,2022-07,8.4893,37.9869,26.5909,UI0000115,FAC0004,2022,97054,20430.83,30,42026,1704,29116.2,0.3914,3981.06,6046.28,I-REC
BANK01,2022,2022-08,9.3956,38.104,19.052,UI0000116,FAC0004,2022,97353,30616.71,50,46513,1251,48676.5,0.3914,5491.07,5162.4,GO
BANK01,2022,2022-09,6.5002,30.7605,24.6084,UI0000117,FAC0004,2022,78591,18425.01,20,32179,1621,15718.2,0.3914,3030.07,6098.11,I-REC
BANK01,2022,2022-10,7.4393,29.8368,23.8695,UI0000118,FAC0004,2022,76231,18389.26,20,36828,1838,15246.2,0.3914,3475.68,6503.29,I-REC
BANK01,2022,2022-11,6.7781,32.3516,22.6461,UI0000119,FAC0004,2022,82656,24756.35,30,33555,1006,24796.8,0.3914,3863.88,4223.4,I-REC
BANK01,2022,2022-12,10.1501,42.3268,25.3961,UI0000120,FAC0004,2022,108142,20191.95,40,50248,1916,43256.8,0.3914,4321.36,8457.62,GO
BANK01,2023,2023-01,9.5182,35.332,17.666,UI0000121,FAC0004,2023,92979,17767.89,50,47120,1444,46489.5,0.38,6372.54,5640.56,GO
BANK01,2023,2023-02,9.9705,36.3512,21.8107,UI0000122,FAC0004,2023,95661,20287.06,40,49359,1140,38264.4,0.38,4531.74,4606.76,GO
BANK01,2023,2023-03,6.4087,26.9146,16.1488,UI0000123,FAC0004,2023,70828,15607.23,40,31726,889,28331.2,0.38,3265.16,3419.56,GO
BANK01,2023,2023-04,6.3038,26.551,18.5857,UI0000124,FAC0004,2023,69871,13235.91,30,31207,1896,20961.3,0.38,2406.24,8787.16,I-REC
BANK01,2023,2023-05,6.4531,26.6125,13.3063,UI0000125,FAC0004,2023,70033,19696.72,50,31946,1343,35016.5,0.38,2577.73,6532.76,GO
BANK01,2023,2023-06,7.6903,32.9916,16.4958,UI0000126,FAC0004,2023,86820,21866.0,50,38071,1779,43410.0,0.38,2720.18,7132.05,I-REC
BANK01,2023,2023-07,7.9055,31.6791,19.0074,UI0000127,FAC0004,2023,83366,24886.02,40,39136,885,33346.4,0.38,3402.28,3732.88,GO
BANK01,2023,2023-08,9.011,33.8367,13.5347,UI0000128,FAC0004,2023,89044,18211.31,60,44609,1343,53426.4,0.38,3465.73,4695.7,GO
BANK01,2023,2023-09,7.3328,29.2372,11.6949,UI0000129,FAC0004,2023,76940,15313.11,60,36301,905,46164.0,0.38,3270.87,3672.3,GO
BANK01,2023,2023-10,7.3324,28.383,11.3532,UI0000130,FAC0004,2023,74692,22738.56,60,36299,1441,44815.2,0.38,3726.58,6188.67,I-REC
BANK01,2023,2023-11,7.3772,28.5517,11.4207,UI0000131,FAC0004,2023,75136,21430.92,60,36521,1471,45081.6,0.38,3894.71,5612.39,I-REC
BANK01,2023,2023-12,9.3029,37.9438,22.7663,UI0000132,FAC0004,2023,99852,18999.68,40,46054,1723,39940.8,0.38,6430.52,8070.35,I-REC
BANK01,2024,2024-01,9.8544,33.3021,13.3208,UI0000133,FAC0004,2024,90274,20971.31,60,48784,1255,54164.4,0.3689,4489.01,4263.74,GO
BANK01,2024,2024-02,8.9999,32.5842,16.2921,UI0000134,FAC0004,2024,88328,21462.97,50,44554,1538,44164.0,0.3689,4960.2,6947.93,I-REC
BANK01,2024,2024-03,7.2397,25.1081,12.554,UI0000135,FAC0004,2024,68062,12407.22,50,35840,1270,34031.0,0.3689,3078.48,4925.13,I-REC
BANK01,2024,2024-04,6.792,26.9854,13.4927,UI0000136,FAC0004,2024,73151,17911.89,50,33624,1346,36575.5,0.3689,3332.34,4176.22,GO
BANK01,2024,2024-05,7.3811,29.4799,11.792,UI0000137,FAC0004,2024,79913,18568.98,60,36540,1853,47947.8,0.3689,3454.45,8929.21,GO
BANK01,2024,2024-06,8.9795,35.6295,14.2518,UI0000138,FAC0004,2024,96583,22182.06,60,44453,918,57949.8,0.3689,4706.65,3629.97,I-REC
BANK01,2024,2024-07,8.9736,35.9401,14.376,UI0000139,FAC0004,2024,97425,22057.34,60,44424,1362,58455.0,0.3689,4074.74,5466.3,GO
BANK01,2024,2024-08,7.6912,29.8359,11.9344,UI0000140,FAC0004,2024,80878,15236.14,60,38075,1656,48526.8,0.3689,4023.21,7056.79,GO
BANK01,2024,2024-09,6.7674,26.3605,7.9081,UI0000141,FAC0004,2024,71457,16332.9,70,33502,1201,50019.9,0.3689,3110.93,4486.86,GO
BANK01,2024,2024-10,6.9551,28.6871,8.6061,UI0000142,FAC0004,2024,77764,18716.02,70,34431,1810,54434.8,0.3689,3648.93,7842.08,I-REC
BANK01,2024,2024-11,7.1785,27.3167,13.6583,UI0000143,FAC0004,2024,74049,23000.56,50,35537,1392,37024.5,0.3689,3427.71,6015.16,I-REC
BANK01,2024,2024-12,9.5231,35.642,17.821,UI0000144,FAC0004,2024,96617,27699.63,50,47144,1127,48308.5,0.3689,3948.0,4771.43,GO
BANK01,2022,2022-01,1.7136,7.2785,5.8228,UI0000145,FAC0005,2022,18596,5829.82,20,8483,507,3719.2,0.3914,709.3,2098.27,GO
BANK01,2022,2022-02,1.9333,7.4945,4.4967,UI0000146,FAC0005,2022,19148,6101.7,40,9571,575,7659.2,0.3914,811.08,2864.68,GO
BANK01,2022,2022-03,1.2354,5.3305,4.2644,UI0000147,FAC0005,2022,13619,2869.16,20,6116,942,2723.8,0.3914,819.91,3138.0,I-REC
BANK01,2022,2022-04,1.2562,5.9125,3.5475,UI0000148,FAC0005,2022,15106,4023.51,40,6219,906,6042.4,0.3914,861.72,4259.28,I-REC
BANK01,2022,2022-05,1.2954,6.2358,3.7415,UI0000149,FAC0005,2022,15932,4276.36,40,6413,835,6372.8,0.3914,595.49,2764.85,I-REC
BANK01,2022,2022-06,1.736,7.2393,4.3436,UI0000150,FAC0005,2022,18496,5416.86,40,8594,810,7398.4,0.3914,1069.79,2827.38,GO
BANK01,2022,2022-07,1.6419,7.4249,4.4549,UI0000151,FAC0005,2022,18970,4739.51,40,8128,652,7588.0,0.3914,981.04,2483.74,GO
BANK01,2022,2022-08,1.5974,7.6166,6.0933,UI0000152,FAC0005,2022,19460,5747.89,20,7908,1029,3892.0,0.3914,860.79,4824.96,I-REC
BANK01,2022,2022-09,1.4855,5.3939,3.7757,UI0000153,FAC0005,2022,13781,4267.25,30,7354,775,4134.3,0.3914,873.78,3109.06,GO
BANK01,2022,2022-10,1.334,5.615,3.369,UI0000154,FAC0005,2022,14346,2745.22,40,6604,840,5738.4,0.3914,537.38,3328.37,I-REC
BANK01,2022,2022-11,1.2433,6.2049,4.9639,UI0000155,FAC0005,2022,15853,3820.37,20,6155,679,3170.6,0.3914,782.02,2246.19,GO
BANK01,2022,2022-12,1.6447,7.5791,6.0633,UI0000156,FAC0005,2022,19364,4320.52,20,8142,1077,3872.8,0.3914,847.23,5380.26,I-REC
BANK01,2023,2023-01,1.7418,7.8706,3.1482,UI0000157,FAC0005,2023,20712,6191.29,60,8623,615,12427.2,0.38,776.52,2596.0,I-REC
BANK01,2023,2023-02,1.6576,6.7644,2.7058,UI0000158,FAC0005,2023,17801,5330.47,60,8206,687,10680.6,0.38,632.24,2174.09,GO
BANK01,2023,2023-03,1.2407,5.6958,3.9871,UI0000159,FAC0005,2023,14989,4658.77,30,6142,752,4496.7,0.38,771.14,3304.86,GO
BANK01,2023,2023-04,1.2144,5.0589,3.5413,UI0000160,FAC0005,2023,13313,2645.13,30,6012,779,3993.9,0.38,834.82,2908.42,GO
BANK01,2023,2023-05,1.4213,5.6396,3.9477,UI0000161,FAC0005,2023,14841,2755.38,30,7036,706,4452.3,0.38,932.28,2584.16,I-REC
BANK01,2023,2023-06,1.6576,6.0333,4.2233,UI0000162,FAC0005,2023,15877,4683.72,30,8206,1109,4763.1,0.38,684.85,3703.91,GO
BANK01,2023,2023-07,1.7915,6.501,3.2505,UI0000163,FAC0005,2023,17108,4553.48,50,8869,547,8554.0,0.38,947.44,2550.99,I-REC
BANK01,2023,2023-08,1.4887,6.3593,3.1797,UI0000164,FAC0005,2023,16735,3381.06,50,7370,865,8367.5,0.38,916.28,3485.76,I-REC
BANK01,2023,2023-09,1.2605,5.4336,2.1734,UI0000165,FAC0005,2023,14299,4279.72,60,6240,659,8579.4,0.38,727.28,2892.89,I-REC
BANK01,2023,2023-10,1.2964,5.7752,2.8876,UI0000166,FAC0005,2023,15198,4126.08,50,6418,803,7599.0,0.38,815.24,3080.26,GO
BANK01,2023,2023-11,1.4126,5.906,2.953,UI0000167,FAC0005,2023,15542,3255.69,50,6993,1019,7771.0,0.38,715.31,4490.19,GO
BANK01,2023,2023-12,1.6219,6.5786,3.9471,UI0000168,FAC0005,2023,17312,3377.13,40,8029,1037,6924.8,0.38,814.34,3420.7,I-REC
BANK01,2024,2024-01,1.8374,6.3093,3.1546,UI0000169,FAC0005,2024,17103,4799.27,50,9096,917,8551.5,0.3689,913.91,2975.88,GO
BANK01,2024,2024-02,1.8976,7.0965,2.8386,UI0000170,FAC0005,2024,19237,5987.34,60,9394,831,11542.2,0.3689,795.52,3279.51,I-REC
BANK01,2024,2024-03,1.2177,4.6909,2.8146,UI0000171,FAC0005,2024,12716,2375.96,40,6028,601,5086.4,0.3689,776.88,2768.96,I-REC
BANK01,2024,2024-04,1.3892,5.0591,1.5177,UI0000172,FAC0005,2024,13714,3973.24,70,6877,774,9599.8,0.3689,896.62,3018.0,GO
BANK01,2024,2024-05,1.3716,5.4999,2.2,UI0000173,FAC0005,2024,14909,4683.35,60,6790,930,8945.4,0.3689,832.49,4404.73,GO
BANK01,2024,2024-06,1.716,5.9231,2.3692,UI0000174,FAC0005,2024,16056,3824.73,60,8495,583,9633.6,0.3689,884.18,2901.44,I-REC
BANK01,2024,2024-07,1.7208,5.8781,1.7634,UI0000175,FAC0005,2024,15934,5003.1,70,8519,632,11153.8,0.3689,1137.38,2807.07,I-REC
BANK01,2024,2024-08,1.6845,6.2189,2.4876,UI0000176,FAC0005,2024,16858,4923.03,60,8339,881,10114.8,0.3689,801.48,2647.82,GO
BANK01,2024,2024-09,1.3922,5.1554,2.5777,UI0000177,FAC0005,2024,13975,2804.68,50,6892,798,6987.5,0.3689,810.67,3763.01,I-REC
BANK01,2024,2024-10,1.2482,5.4258,2.7129,UI0000178,FAC0005,2024,14708,3543.03,50,6179,728,7354.0,0.3689,843.35,3349.21,GO
BANK01,2024,2024-11,1.3647,5.1266,1.538,UI0000179,FAC0005,2024,13897,2588.06,70,6756,828,9727.9,0.3689,630.22,3158.55,GO
BANK01,2024,2024-12,1.8449,7.0729,2.1219,UI0000180,FAC0005,2024,19173,5944.91,70,9133,781,13421.1,0.3689,1223.71,3293.88,I-REC
BANK01,2022,2022-01,1.5469,6.381,3.1905,UI0000181,FAC0006,2022,16303,3538.7,50,7658,936,8151.5,0.3914,1013.96,4403.25,I-REC
BANK01,2022,2022-02,1.6604,7.1712,3.5856,UI0000182,FAC0006,2022,18322,3978.64,50,8220,928,9161.0,0.3914,880.79,2859.25,GO
BANK01,2022,2022-03,1.1926,5.5152,2.7576,UI0000183,FAC0006,2022,14091,2630.61,50,5904,801,7045.5,0.3914,444.73,3689.86,GO
BANK01,2022,2022-04,1.3011,5.0937,4.0749,UI0000184,FAC0006,2022,13014,3256.69,20,6441,1180,2602.8,0.3914,880.37,5415.33,GO
BANK01,2022,2022-05,1.1581,5.1997,4.1598,UI0000185,FAC0006,2022,13285,3314.99,20,5733,942,2657.0,0.3914,634.14,3832.23,GO
BANK01,2022,2022-06,1.5548,6.2467,3.1234,UI0000186,FAC0006,2022,15960,4125.75,50,7697,1120,7980.0,0.3914,715.83,4580.94,I-REC
BANK01,2022,2022-07,1.5271,5.8115,4.0681,UI0000187,FAC0006,2022,14848,4640.31,30,7560,579,4454.4,0.3914,540.15,1887.4,I-REC
BANK01,2022,2022-08,1.4013,6.4902,3.8941,UI0000188,FAC0006,2022,16582,3949.51,40,6937,982,6632.8,0.3914,925.51,3346.84,I-REC
BANK01,2022,2022-09,1.1078,4.7179,2.8308,UI0000189,FAC0006,2022,12054,3853.71,40,5484,1174,4821.6,0.3914,649.36,5022.43,I-REC
BANK01,2022,2022-10,1.1217,4.6291,3.7033,UI0000190,FAC0006,2022,11827,3707.79,20,5553,608,2365.4,0.3914,414.36,2760.73,GO
BANK01,2022,2022-11,1.1494,5.3195,2.6598,UI0000191,FAC0006,2022,13591,3088.61,50,5690,648,6795.5,0.3914,597.63,3026.41,I-REC
BANK01,2022,2022-12,1.6099,6.7904,4.0742,UI0000192,FAC0006,2022,17349,5030.68,40,7970,859,6939.6,0.3914,756.66,2735.11,I-REC
BANK01,2023,2023-01,1.6707,6.0013,3.0007,UI0000193,FAC0006,2023,15793,4446.43,50,8271,904,7896.5,0.38,1106.37,3833.58,GO
BANK01,2023,2023-02,1.6582,7.019,4.2114,UI0000194,FAC0006,2023,18471,3701.84,40,8209,1216,7388.4,0.38,666.77,5630.61,I-REC
BANK01,2023,2023-03,1.1756,4.8458,2.4229,UI0000195,FAC0006,2023,12752,2348.54,50,5820,1169,6376.0,0.38,755.12,5360.25,GO
BANK01,2023,2023-04,1.2532,4.7473,1.8989,UI0000196,FAC0006,2023,12493,2620.16,60,6204,1065,7495.8,0.38,516.86,4552.85,GO
BANK01,2023,2023-05,1.2393,5.0757,3.0454,UI0000197,FAC0006,2023,13357,3964.78,40,6135,570,5342.8,0.38,830.47,2600.07,GO
BANK01,2023,2023-06,1.431,5.9493,2.9746,UI0000198,FAC0006,2023,15656,3254.5,50,7084,748,7828.0,0.38,516.69,2921.55,GO
BANK01,2023,2023-07,1.4013,5.298,2.649,UI0000199,FAC0006,2023,13942,3775.78,50,6937,1213,6971.0,0.38,687.37,5670.82,I-REC
BANK01,2023,2023-08,1.5475,6.4342,4.5039,UI0000200,FAC0006,2023,16932,4457.36,30,7661,583,5079.6,0.38,837.34,1884.83,I-REC
BANK01,2023,2023-09,1.1793,4.462,2.231,UI0000201,FAC0006,2023,11742,2310.42,50,5838,1219,5871.0,0.38,740.01,5573.62,I-REC
BANK01,2023,2023-10,1.1207,4.9453,1.9781,UI0000202,FAC0006,2023,13014,2877.18,60,5548,898,7808.4,0.38,721.83,2792.62,I-REC
BANK01,2023,2023-11,1.2904,4.62,2.31,UI0000203,FAC0006,2023,12158,3576.85,50,6388,619,6079.0,0.38,894.0,2204.47,I-REC
BANK01,2023,2023-12,1.7259,6.8655,3.4327,UI0000204,FAC0006,2023,18067,3442.05,50,8544,1204,9033.5,0.38,782.52,4333.97,I-REC
BANK01,2024,2024-01,1.6913,5.5217,3.313,UI0000205,FAC0006,2024,14968,4516.3,40,8373,752,5987.2,0.3689,1132.02,3162.77,I-REC
BANK01,2024,2024-02,1.5005,6.5336,2.6134,UI0000206,FAC0006,2024,17711,5092.26,60,7428,590,10626.6,0.3689,685.47,1916.0,I-REC
BANK01,2024,2024-03,1.176,4.6485,2.7891,UI0000207,FAC0006,2024,12601,2755.99,40,5822,579,5040.4,0.3689,750.47,2374.14,GO
BANK01,2024,2024-04,1.2403,4.616,1.8464,UI0000208,FAC0006,2024,12513,3840.05,60,6140,1090,7507.8,0.3689,712.57,3488.95,I-REC
BANK01,2024,2024-05,1.2568,4.4903,1.3471,UI0000209,FAC0006,2024,12172,2349.38,70,6222,741,8520.4,0.3689,580.69,3321.3,GO
BANK01,2024,2024-06,1.2995,5.1893,3.1136,UI0000210,FAC0006,2024,14067,2742.45,40,6433,1183,5626.8,0.3689,665.1,4659.18,GO
BANK01,2024,2024-07,1.4261,5.4405,2.7203,UI0000211,FAC0006,2024,14748,2823.97,50,7060,708,7374.0,0.3689,577.41,3042.26,GO
BANK01,2024,2024-08,1.5178,5.6729,3.4038,UI0000212,FAC0006,2024,15378,3780.59,40,7514,964,6151.2,0.3689,909.29,3136.2,I-REC
BANK01,2024,2024-09,1.2316,4.7961,2.398,UI0000213,FAC0006,2024,13001,4141.48,50,6097,1000,6500.5,0.3689,429.05,4045.95,I-REC
BANK01,2024,2024-10,1.2253,4.3707,2.1854,UI0000214,FAC0006,2024,11848,2949.81,50,6066,1065,5924.0,0.3689,525.64,4110.31,I-REC
BANK01,2024,2024-11,1.1312,4.6821,1.8728,UI0000215,FAC0006,2024,12692,2896.28,60,5600,1099,7615.2,0.3689,550.57,4595.51,GO
BANK01,2024,2024-12,1.4772,6.6059,3.9635,UI0000216,FAC0006,2024,17907,4995.46,40,7313,697,7162.8,0.3689,642.45,2934.73,GO
BANK01,2022,2022-01,0.9415,2.9428,1.7657,UI0000217,FAC0007,2022,9852,2726.86,40,4661,1502,3940.8,0.2987,514.4,6952.6,GO
BANK01,2022,2022-02,1.1156,3.3212,2.657,UI0000218,FAC0007,2022,11119,2360.78,20,5523,1119,2223.8,0.2987,483.26,3461.21,I-REC
BANK01,2022,2022-03,0.749,2.2417,1.345,UI0000219,FAC0007,2022,7505,2358.94,40,3708,1921,3002.0,0.2987,408.7,8267.42,GO
BANK01,2022,2022-04,0.8157,2.5581,2.0465,UI0000220,FAC0007,2022,8564,1950.79,20,4038,855,1712.8,0.2987,409.03,2816.35,I-REC
BANK01,2022,2022-05,0.7076,2.524,1.262,UI0000221,FAC0007,2022,8450,1969.03,50,3503,1253,4225.0,0.2987,372.44,4448.31,I-REC
BANK01,2022,2022-06,1.0021,3.0942,1.5471,UI0000222,FAC0007,2022,10359,2376.82,50,4961,1003,5179.5,0.2987,649.38,4730.38,GO
BANK01,2022,2022-07,0.9334,3.0936,1.5468,UI0000223,FAC0007,2022,10357,1935.21,50,4621,1903,5178.5,0.2987,324.46,7473.4,I-REC
BANK01,2022,2022-08,1.008,2.7337,1.3669,UI0000224,FAC0007,2022,9152,2319.11,50,4990,907,4576.0,0.2987,420.5,2921.3,I-REC
BANK01,2022,2022-09,0.732,2.3472,1.8777,UI0000225,FAC0007,2022,7858,1935.05,20,3624,1038,1571.6,0.2987,447.14,3249.55,I-REC
BANK01,2022,2022-10,0.7351,2.4293,1.7005,UI0000226,FAC0007,2022,8133,2247.8,30,3639,1091,2439.9,0.2987,324.94,4313.45,I-REC
BANK01,2022,2022-11,0.7133,2.398,1.6786,UI0000227,FAC0007,2022,8028,1464.31,30,3531,1087,2408.4,0.2987,305.11,4317.35,I-REC
BANK01,2022,2022-12,1.1118,3.085,2.1595,UI0000228,FAC0007,2022,10328,2017.84,30,5504,1411,3098.4,0.2987,663.16,5706.16,I-REC
BANK01,2023,2023-01,0.9542,3.2283,1.6141,UI0000229,FAC0007,2023,11132,3167.01,50,4724,1577,5566.0,0.29,337.39,6519.81,I-REC
BANK01,2023,2023-02,0.9482,3.3495,2.0097,UI0000230,FAC0007,2023,11550,3304.26,40,4694,1157,4620.0,0.29,548.22,4757.49,GO
BANK01,2023,2023-03,0.7947,2.3855,1.4313,UI0000231,FAC0007,2023,8226,2203.36,40,3934,1434,3290.4,0.29,544.55,4311.67,I-REC
BANK01,2023,2023-04,0.724,2.5465,1.0186,UI0000232,FAC0007,2023,8781,2278.78,60,3584,1612,5268.6,0.29,251.25,5459.58,I-REC
BANK01,2023,2023-05,0.7209,2.1501,1.075,UI0000233,FAC0007,2023,7414,2056.97,50,3569,1696,3707.0,0.29,317.77,5764.59,I-REC
BANK01,2023,2023-06,0.9793,2.795,1.3975,UI0000234,FAC0007,2023,9638,1864.5,50,4848,1514,4819.0,0.29,499.49,5136.3,I-REC
BANK01,2023,2023-07,0.8333,2.7054,1.0822,UI0000235,FAC0007,2023,9329,2670.42,60,4125,1216,5597.4,0.29,442.51,4847.34,GO
BANK01,2023,2023-08,0.928,2.8115,1.9681,UI0000236,FAC0007,2023,9695,2512.19,30,4594,1612,2908.5,0.29,365.64,6160.21,GO
BANK01,2023,2023-09,0.745,2.1199,1.4839,UI0000237,FAC0007,2023,7310,1420.82,30,3688,1439,2193.0,0.29,513.68,5895.78,I-REC
BANK01,2023,2023-10,0.708,2.4345,1.2173,UI0000238,FAC0007,2023,8395,1624.94,50,3505,1080,4197.5,0.29,308.27,5223.32,GO
BANK01,2023,2023-11,0.8236,2.2901,0.9161,UI0000239,FAC0007,2023,7897,2408.86,60,4077,1560,4738.2,0.29,312.07,7561.53,GO
BANK01,2023,2023-12,0.9185,3.1796,1.9077,UI0000240,FAC0007,2023,10964,2041.32,40,4547,1120,4385.6,0.29,537.59,4572.01,I-REC
BANK01,2024,2024-01,1.0183,3.0528,0.9158,UI0000241,FAC0007,2024,10841,3191.47,70,5041,847,7588.7,0.2816,429.22,3238.6,I-REC
BANK01,2024,2024-02,0.8993,2.8594,1.1437,UI0000242,FAC0007,2024,10154,1827.85,60,4452,1493,6092.4,0.2816,528.66,7269.88,GO
BANK01,2024,2024-03,0.7432,2.3322,1.3993,UI0000243,FAC0007,2024,8282,2627.87,40,3679,1024,3312.8,0.2816,404.76,4438.63,I-REC
BANK01,2024,2024-04,0.7823,2.0833,1.25,UI0000244,FAC0007,2024,7398,2090.24,40,3873,1102,2959.2,0.2816,324.21,3766.79,GO
BANK01,2024,2024-05,0.7292,2.0565,1.0283,UI0000245,FAC0007,2024,7303,1947.06,50,3610,1581,3651.5,0.2816,260.66,7037.8,I-REC
BANK01,2024,2024-06,0.8743,2.8346,1.1338,UI0000246,FAC0007,2024,10066,2988.24,60,4328,1687,6039.6,0.2816,433.78,7382.03,I-REC
BANK01,2024,2024-07,0.8369,2.894,1.447,UI0000247,FAC0007,2024,10277,2388.73,50,4143,1263,5138.5,0.2816,444.59,5517.89,GO
BANK01,2024,2024-08,0.8278,2.9261,1.4631,UI0000248,FAC0007,2024,10391,1976.89,50,4098,1696,5195.5,0.2816,405.92,6562.23,GO
BANK01,2024,2024-09,0.6858,2.3083,0.9233,UI0000249,FAC0007,2024,8197,2492.66,60,3395,1639,4918.2,0.2816,275.06,8185.88,GO
BANK01,2024,2024-10,0.7448,2.2342,0.6703,UI0000250,FAC0007,2024,7934,1619.32,70,3687,1908,5553.8,0.2816,474.03,7422.41,GO
BANK01,2024,2024-11,0.7504,2.1379,1.2827,UI0000251,FAC0007,2024,7592,1575.17,40,3715,1877,3036.8,0.2816,336.9,8531.18,I-REC
BANK01,2024,2024-12,0.8997,2.9388,1.4694,UI0000252,FAC0007,2024,10436,3194.63,50,4454,1491,5218.0,0.2816,383.41,6561.2,I-REC
BANK01,2022,2022-01,4.2014,20.8362,14.5853,UI0000253,FAC0008,2022,53235,9976.05,30,20799,484,15970.5,0.3914,1717.7,2299.77,I-REC
BANK01,2022,2022-02,4.3173,20.2604,16.2083,UI0000254,FAC0008,2022,51764,11067.62,20,21373,315,10352.8,0.3914,2322.38,1158.64,I-REC
BANK01,2022,2022-03,3.2512,14.4458,10.1121,UI0000255,FAC0008,2022,36908,10922.38,30,16095,426,11072.4,0.3914,1176.24,1695.91,GO
BANK01,2022,2022-04,3.1692,15.3069,12.2455,UI0000256,FAC0008,2022,39108,9875.31,20,15689,607,7821.6,0.3914,1784.45,1907.72,GO
BANK01,2022,2022-05,3.4471,14.9714,8.9829,UI0000257,FAC0008,2022,38251,9353.36,40,17065,586,15300.4,0.3914,2008.44,2921.51,I-REC
BANK01,2022,2022-06,3.7845,16.9554,13.5644,UI0000258,FAC0008,2022,43320,12499.67,20,18735,300,8664.0,0.3914,2217.51,1417.73,GO
BANK01,2022,2022-07,3.8267,18.3062,14.6449,UI0000259,FAC0008,2022,46771,8959.85,20,18944,360,9354.2,0.3914,1578.59,1766.22,GO
BANK01,2022,2022-08,4.4111,16.1163,9.6698,UI0000260,FAC0008,2022,41176,7741.69,40,21837,508,16470.4,0.3914,2492.89,2508.14,GO
BANK01,2022,2022-09,3.176,12.9784,6.4892,UI0000261,FAC0008,2022,33159,9089.05,50,15723,435,16579.5,0.3914,1975.25,1743.5,GO
BANK01,2022,2022-10,3.2734,13.7354,9.6148,UI0000262,FAC0008,2022,35093,9266.26,30,16205,358,10527.9,0.3914,1788.17,1415.37,GO
BANK01,2022,2022-11,3.6956,14.3127,10.0189,UI0000263,FAC0008,2022,36568,10802.55,30,18295,326,10970.4,0.3914,1650.73,1383.32,GO
BANK01,2022,2022-12,4.444,17.368,8.684,UI0000264,FAC0008,2022,44374,10890.44,50,22000,311,22187.0,0.3914,1607.99,963.39,GO
BANK01,2023,2023-01,4.807,18.7788,9.3894,UI0000265,FAC0008,2023,49418,9508.83,50,23797,444,24709.0,0.38,2871.65,1576.27,GO
BANK01,2023,2023-02,4.3535,16.9161,6.7664,UI0000266,FAC0008,2023,44516,8943.19,60,21552,344,26709.6,0.38,1915.08,1188.76,GO
BANK01,2023,2023-03,3.455,13.1552,7.8931,UI0000267,FAC0008,2023,34619,10036.73,40,17104,440,13847.6,0.38,1646.65,1356.85,I-REC
BANK01,2023,2023-04,3.4308,14.2268,8.5361,UI0000268,FAC0008,2023,37439,7999.01,40,16984,316,14975.6,0.38,1904.71,1336.18,GO
BANK01,2023,2023-05,3.25,13.5329,8.1198,UI0000269,FAC0008,2023,35613,7037.39,40,16089,689,14245.2,0.38,1194.61,3172.15,GO
BANK01,2023,2023-06,4.3897,18.1013,12.6709,UI0000270,FAC0008,2023,47635,14510.99,30,21731,395,14290.5,0.38,2913.4,1768.42,GO
BANK01,2023,2023-07,4.2816,15.8787,9.5272,UI0000271,FAC0008,2023,41786,10724.25,40,21196,675,16714.4,0.38,2186.47,3213.61,I-REC
BANK01,2023,2023-08,3.8402,15.8365,9.5019,UI0000272,FAC0008,2023,41675,10583.99,40,19011,578,16670.0,0.38,1416.16,2043.58,GO
BANK01,2023,2023-09,3.0561,12.7004,6.3502,UI0000273,FAC0008,2023,33422,9412.92,50,15129,570,16711.0,0.38,1611.55,2445.51,I-REC
BANK01,2023,2023-10,3.2181,14.0976,9.8683,UI0000274,FAC0008,2023,37099,7938.45,30,15931,413,11129.7,0.38,1583.32,1831.23,I-REC
BANK01,2023,2023-11,3.4978,13.2825,7.9695,UI0000275,FAC0008,2023,34954,6801.1,40,17316,504,13981.6,0.38,2376.69,1765.86,GO
BANK01,2023,2023-12,4.0527,18.0511,7.2205,UI0000276,FAC0008,2023,47503,9592.47,60,20063,449,28501.8,0.38,2733.18,1682.55,GO
BANK01,2024,2024-01,4.7001,16.5802,8.2901,UI0000277,FAC0008,2024,44945,12627.63,50,23268,369,22472.5,0.3689,2229.85,1508.08,I-REC
BANK01,2024,2024-02,4.1036,16.2213,9.7328,UI0000278,FAC0008,2024,43972,12031.31,40,20315,636,17588.8,0.3689,2090.17,2299.43,I-REC
BANK01,2024,2024-03,3.5182,13.7367,8.242,UI0000279,FAC0008,2024,37237,10727.43,40,17417,498,14894.8,0.3689,2110.15,1860.9,I-REC
BANK01,2024,2024-04,3.2807,13.1244,5.2497,UI0000280,FAC0008,2024,35577,8055.24,60,16241,366,21346.2,0.3689,2242.45,1438.88,I-REC
BANK01,2024,2024-05,2.9924,13.8397,8.3038,UI0000281,FAC0008,2024,37516,8274.43,40,14814,567,15006.4,0.3689,1699.69,2827.2,GO
BANK01,2024,2024-06,3.7721,15.2009,6.0804,UI0000282,FAC0008,2024,41206,8538.13,60,18674,381,24723.6,0.3689,1995.03,1590.39,I-REC
BANK01,2024,2024-07,3.7061,17.0793,8.5397,UI0000283,FAC0008,2024,46298,13557.57,50,18347,583,23149.0,0.3689,1399.95,2578.38,I-REC
BANK01,2024,2024-08,3.982,15.7192,9.4315,UI0000284,FAC0008,2024,42611,10917.49,40,19713,642,17044.4,0.3689,2216.77,2181.03,I-REC
BANK01,2024,2024-09,3.3659,13.221,6.6105,UI0000285,FAC0008,2024,35839,7126.91,50,16663,374,17919.5,0.3689,1917.61,1869.58,GO
BANK01,2024,2024-10,3.2189,11.7827,7.0696,UI0000286,FAC0008,2024,31940,10024.99,40,15935,309,12776.0,0.3689,2139.58,1305.14,I-REC
BANK01,2024,2024-11,3.4496,12.9912,3.8974,UI0000287,FAC0008,2024,35216,6808.77,70,17077,425,24651.2,0.3689,2343.85,2004.62,I-REC
BANK01,2024,2024-12,4.566,18.2701,10.9621,UI0000288,FAC0008,2024,49526,8988.68,40,22604,502,19810.4,0.3689,1874.73,2329.63,GO
BANK01,2022,2022-01,8.6884,31.6926,15.8463,UI0000289,FAC0009,2022,113107,22133.01,50,43012,125,56553.5,0.2802,3395.95,524.3,I-REC
BANK01,2022,2022-02,9.1009,31.272,15.636,UI0000290,FAC0009,2022,111606,30039.5,50,45054,165,55803.0,0.2802,4722.32,735.66,GO
BANK01,2022,2022-03,7.3316,23.0162,11.5081,UI0000291,FAC0009,2022,82142,25327.18,50,36295,250,41071.0,0.2802,4782.22,1090.06,GO
BANK01,2022,2022-04,7.3512,21.1512,16.9209,UI0000292,FAC0009,2022,75486,14393.31,20,36392,160,15097.2,0.2802,4085.31,738.72,GO
BANK01,2022,2022-05,7.3938,23.2227,18.5782,UI0000293,FAC0009,2022,82879,21174.93,20,36603,193,16575.8,0.2802,3140.87,732.24,GO
BANK01,2022,2022-06,9.3863,26.3038,13.1519,UI0000294,FAC0009,2022,93875,19456.42,50,46467,195,46937.5,0.2802,5903.46,646.49,GO
BANK01,2022,2022-07,8.9712,24.9204,17.4443,UI0000295,FAC0009,2022,88938,21628.02,30,44412,131,26681.4,0.2802,4150.9,502.59,I-REC
BANK01,2022,2022-08,9.5546,24.2687,14.5612,UI0000296,FAC0009,2022,86612,17167.13,40,47300,211,34644.8,0.2802,5086.04,1029.96,I-REC
BANK01,2022,2022-09,7.0017,19.6426,11.7855,UI0000297,FAC0009,2022,70102,14950.71,40,34662,113,28040.8,0.2802,4696.41,435.88,I-REC
BANK01,2022,2022-10,7.5441,23.6354,18.9083,UI0000298,FAC0009,2022,84352,16559.29,20,37347,185,16870.4,0.2802,2950.98,843.71,GO
BANK01,2022,2022-11,6.5347,19.535,15.628,UI0000299,FAC0009,2022,69718,17627.21,20,32350,138,13943.6,0.2802,2724.61,521.8,I-REC
BANK01,2022,2022-12,8.8015,31.0425,24.834,UI0000300,FAC0009,2022,110787,25933.0,20,43572,237,22157.4,0.2802,5139.04,745.45,GO
BANK01,2023,2023-01,8.8595,29.8373,17.9024,UI0000301,FAC0009,2023,109696,23646.48,40,43859,249,43878.4,0.272,4115.61,772.92,I-REC
BANK01,2023,2023-02,9.4938,27.0373,18.9261,UI0000302,FAC0009,2023,99402,24647.13,30,46999,173,29820.6,0.272,6077.92,665.87,I-REC
BANK01,2023,2023-03,7.6168,20.8194,10.4097,UI0000303,FAC0009,2023,76542,16889.46,50,37707,200,38271.0,0.272,5181.66,646.33,GO
BANK01,2023,2023-04,7.1264,19.7608,7.9043,UI0000304,FAC0009,2023,72650,21012.85,60,35279,225,43590.0,0.272,3315.61,781.84,GO
BANK01,2023,2023-05,7.6314,22.0595,13.2357,UI0000305,FAC0009,2023,81101,19224.51,40,37779,217,32440.4,0.272,3205.07,930.99,I-REC
BANK01,2023,2023-06,7.9683,25.713,12.8565,UI0000306,FAC0009,2023,94533,22991.82,50,39447,124,47266.5,0.272,4677.53,522.21,I-REC
BANK01,2023,2023-07,8.3891,22.8624,16.0037,UI0000307,FAC0009,2023,84053,24582.15,30,41530,192,25215.9,0.272,3737.85,645.8,I-REC
BANK01,2023,2023-08,9.4698,22.7028,13.6217,UI0000308,FAC0009,2023,83466,19731.34,40,46880,254,33386.4,0.272,5243.51,1052.98,GO
BANK01,2023,2023-09,6.9377,22.3875,8.955,UI0000309,FAC0009,2023,82307,24835.41,60,34345,201,49384.2,0.272,3983.13,936.77,I-REC
BANK01,2023,2023-10,7.4154,21.1499,8.46,UI0000310,FAC0009,2023,77757,14972.24,60,36710,218,46654.2,0.272,3911.63,717.3,GO
BANK01,2023,2023-11,7.1613,21.7331,13.0398,UI0000311,FAC0009,2023,79901,16025.78,40,35452,202,31960.4,0.272,3884.61,724.94,GO
BANK01,2023,2023-12,10.1275,28.916,17.3496,UI0000312,FAC0009,2023,106309,33323.66,40,50136,193,42523.6,0.272,6634.89,620.82,I-REC
BANK01,2024,2024-01,9.777,27.8636,13.9318,UI0000313,FAC0009,2024,105504,30456.64,50,48401,142,52752.0,0.2641,4844.52,586.15,GO
BANK01,2024,2024-02,8.3911,28.4974,17.0985,UI0000314,FAC0009,2024,107904,34378.56,40,41540,200,43161.6,0.2641,4283.12,759.2,I-REC
BANK01,2024,2024-03,7.273,18.0739,10.8444,UI0000315,FAC0009,2024,68436,18468.89,40,36005,251,27374.4,0.2641,2958.68,861.39,I-REC
BANK01,2024,2024-04,7.592,19.8115,9.9057,UI0000316,FAC0009,2024,75015,16924.05,50,37584,143,37507.5,0.2641,4373.95,688.65,I-REC
BANK01,2024,2024-05,7.4591,20.158,12.0948,UI0000317,FAC0009,2024,76327,22671.86,40,36926,185,30530.8,0.2641,5120.36,861.37,I-REC
BANK01,2024,2024-06,9.2207,25.8195,15.4917,UI0000318,FAC0009,2024,97764,31032.61,40,45647,239,39105.6,0.2641,6078.24,987.68,I-REC
BANK01,2024,2024-07,7.6499,23.6039,11.802,UI0000319,FAC0009,2024,89375,21170.46,50,37871,227,44687.5,0.2641,4673.94,928.2,I-REC
BANK01,2024,2024-08,8.7155,22.2285,6.6686,UI0000320,FAC0009,2024,84167,21900.91,70,43146,123,58916.9,0.2641,4061.34,524.07,I-REC
BANK01,2024,2024-09,6.5169,21.2276,6.3683,UI0000321,FAC0009,2024,80377,15573.48,70,32262,192,56263.9,0.2641,4134.15,914.8,I-REC
BANK01,2024,2024-10,7.333,20.6133,8.2453,UI0000322,FAC0009,2024,78051,24762.96,60,36302,155,46830.6,0.2641,4448.07,543.1,GO
BANK01,2024,2024-11,6.5866,18.3647,9.1824,UI0000323,FAC0009,2024,69537,18237.16,50,32607,189,34768.5,0.2641,4047.19,888.21,I-REC
BANK01,2024,2024-12,9.9465,24.903,12.4515,UI0000324,FAC0009,2024,94294,23288.58,50,49240,234,47147.0,0.2641,4217.97,705.05,I-REC
BANK01,2022,2022-01,6.3404,28.8724,14.4362,UI0000325,FAC0010,2022,73767,13924.61,50,31388,910,36883.5,0.3914,2318.34,4247.35,I-REC
BANK01,2022,2022-02,6.4299,28.3925,19.8748,UI0000326,FAC0010,2022,72541,21327.34,30,31831,658,21762.3,0.3914,2974.25,3249.85,I-REC
BANK01,2022,2022-03,4.383,21.6636,17.3309,UI0000327,FAC0010,2022,55349,14705.65,20,21698,651,11069.8,0.3914,1943.0,2334.53,GO
BANK01,2022,2022-04,5.1635,20.6604,10.3302,UI0000328,FAC0010,2022,52786,12515.07,50,25562,855,26393.0,0.3914,2106.39,3641.51,I-REC
BANK01,2022,2022-05,4.8981,18.9989,9.4995,UI0000329,FAC0010,2022,48541,12998.16,50,24248,952,24270.5,0.3914,1782.74,3557.36,GO
BANK01,2022,2022-06,5.6186,25.4046,12.7023,UI0000330,FAC0010,2022,64907,15706.02,50,27815,1313,32453.5,0.3914,2495.15,4365.23,GO
BANK01,2022,2022-07,5.8293,25.7846,12.8923,UI0000331,FAC0010,2022,65878,18894.82,50,28858,710,32939.0,0.3914,2851.61,2314.64,GO
BANK01,2022,2022-08,5.3233,22.931,11.4655,UI0000332,FAC0010,2022,58587,16492.14,50,26353,1236,29293.5,0.3914,3368.45,5989.23,GO
BANK01,2022,2022-09,5.2831,21.9411,17.5529,UI0000333,FAC0010,2022,56058,16126.53,20,26154,1050,11211.6,0.3914,2313.27,3984.29,I-REC
BANK01,2022,2022-10,4.8508,20.3266,14.2286,UI0000334,FAC0010,2022,51933,10790.72,30,24014,652,15579.9,0.3914,2443.92,2072.3,GO
BANK01,2022,2022-11,5.2344,18.7434,13.1204,UI0000335,FAC0010,2022,47888,9978.26,30,25913,884,14366.4,0.3914,3475.12,3361.52,I-REC
BANK01,2022,2022-12,6.9736,26.7956,18.7569,UI0000336,FAC0010,2022,68461,20465.48,30,34523,969,20538.3,0.3914,4589.42,3225.36,I-REC
BANK01,2023,2023-01,6.426,23.6185,16.533,UI0000337,FAC0010,2023,62154,13092.24,30,31812,599,18646.2,0.38,3166.34,2785.55,I-REC
BANK01,2023,2023-02,6.0669,28.1246,14.0623,UI0000338,FAC0010,2023,74012,17217.96,50,30034,972,37006.0,0.38,2502.65,3785.92,I-REC
BANK01,2023,2023-03,4.765,20.7541,14.5279,UI0000339,FAC0010,2023,54616,15381.95,30,23589,844,16384.8,0.38,1929.78,3509.03,GO
BANK01,2023,2023-04,5.0662,17.5066,12.2546,UI0000340,FAC0010,2023,46070,14568.76,30,25080,833,13821.0,0.38,1921.53,2957.8,GO
BANK01,2023,2023-05,4.4733,21.1527,10.5763,UI0000341,FAC0010,2023,55665,16503.56,50,22145,762,27832.5,0.38,2167.67,3100.09,GO
BANK01,2023,2023-06,6.2392,25.5368,10.2147,UI0000342,FAC0010,2023,67202,18374.28,60,30887,1190,40321.2,0.38,2530.33,4014.22,I-REC
BANK01,2023,2023-07,5.3809,21.2382,8.4953,UI0000343,FAC0010,2023,55890,17057.48,60,26638,672,33534.0,0.38,2962.93,3127.92,GO
BANK01,2023,2023-08,5.4176,21.6535,8.6614,UI0000344,FAC0010,2023,56983,11626.06,60,26820,1013,34189.8,0.38,2902.7,4527.19,I-REC
BANK01,2023,2023-09,4.9407,19.2139,11.5284,UI0000345,FAC0010,2023,50563,14466.23,40,24459,1082,20225.2,0.38,3195.83,3747.24,GO
BANK01,2023,2023-10,4.4796,20.4888,12.2933,UI0000346,FAC0010,2023,53918,13807.95,40,22176,690,21567.2,0.38,3098.3,2633.63,GO
BANK01,2023,2023-11,4.7906,18.6257,13.038,UI0000347,FAC0010,2023,49015,12204.52,30,23716,957,14704.5,0.38,2826.88,3913.36,GO
BANK01,2023,2023-12,6.1739,26.3644,18.4551,UI0000348,FAC0010,2023,69380,16894.05,30,30564,1338,20814.0,0.38,3637.35,5091.52,I-REC
BANK01,2024,2024-01,5.8445,26.5549,13.2774,UI0000349,FAC0010,2024,71984,21625.01,50,28933,922,35992.0,0.3689,2056.62,4175.8,I-REC
BANK01,2024,2024-02,5.7305,23.8103,11.9051,UI0000350,FAC0010,2024,64544,13248.49,50,28369,1124,32272.0,0.3689,3235.26,4109.1,GO
BANK01,2024,2024-03,5.0833,17.0635,6.8254,UI0000351,FAC0010,2024,46255,8421.95,60,25165,1140,27753.0,0.3689,2351.76,5674.63,I-REC
BANK01,2024,2024-04,4.8007,19.9121,9.9561,UI0000352,FAC0010,2024,53977,15251.12,50,23766,922,26988.5,0.3689,2533.42,4186.05,GO
BANK01,2024,2024-05,5.0736,17.1184,5.1355,UI0000353,FAC0010,2024,46404,14647.34,70,25117,709,32482.8,0.3689,3085.56,3481.04,I-REC
BANK01,2024,2024-06,5.695,22.6383,11.3191,UI0000354,FAC0010,2024,61367,14740.02,50,28193,1143,30683.5,0.3689,3175.3,4089.21,I-REC
BANK01,2024,2024-07,5.1088,22.59,13.554,UI0000355,FAC0010,2024,61236,18317.04,40,25291,725,24494.4,0.3689,3183.81,3554.53,GO
BANK01,2024,2024-08,5.3506,23.2392,6.9718,UI0000356,FAC0010,2024,62996,19938.32,70,26488,1270,44097.2,0.3689,2963.36,5566.17,I-REC
BANK01,2024,2024-09,4.4351,18.3384,7.3354,UI0000357,FAC0010,2024,49711,14836.69,60,21956,702,29826.6,0.3689,2474.03,2883.17,I-REC
BANK01,2024,2024-10,4.2428,16.7222,5.0167,UI0000358,FAC0010,2024,45330,14267.17,70,21004,875,31731.0,0.3689,2574.72,2687.65,GO
BANK01,2024,2024-11,4.2499,18.8785,9.4392,UI0000359,FAC0010,2024,51175,15625.13,50,21039,1336,25587.5,0.3689,2064.26,5051.41,I-REC
BANK01,2024,2024-12,6.5026,22.9308,13.7585,UI0000360,FAC0010,2024,62160,19316.01,40,32191,1123,24864.0,0.3689,3271.91,4223.49,I-REC
BANK01,2022,2022-01,2.8496,7.0457,3.5229,UI0000361,FAC0011,2022,27362,6820.96,50,14107,276,13681.0,0.2575,1513.03,1040.23,I-REC
BANK01,2022,2022-02,2.8551,7.1564,3.5782,UI0000362,FAC0011,2022,27792,7798.31,50,14134,313,13896.0,0.2575,1141.66,1461.14,GO
BANK01,2022,2022-03,2.1218,5.5638,4.451,UI0000363,FAC0011,2022,21607,6280.59,20,10504,234,4321.4,0.2575,1126.55,1020.97,I-REC
BANK01,2022,2022-04,2.1497,5.1951,3.6365,UI0000364,FAC0011,2022,20175,4672.84,30,10642,269,6052.5,0.2575,1263.05,1282.07,I-REC
BANK01,2022,2022-05,2.2434,5.9604,2.9802,UI0000365,FAC0011,2022,23147,5400.92,50,11106,283,11573.5,0.2575,1259.06,1237.06,I-REC
BANK01,2022,2022-06,2.3143,7.1515,4.2909,UI0000366,FAC0011,2022,27773,8497.63,40,11457,164,11109.2,0.2575,943.07,736.84,I-REC
BANK01,2022,2022-07,2.4357,7.5512,3.7756,UI0000367,FAC0011,2022,29325,7169.85,50,12058,175,14662.5,0.2575,1176.68,574.12,I-REC
BANK01,2022,2022-08,2.6109,7.5146,5.2602,UI0000368,FAC0011,2022,29183,7843.01,30,12925,176,8754.9,0.2575,1025.17,715.51,GO
BANK01,2022,2022-09,1.9931,5.8592,4.1014,UI0000369,FAC0011,2022,22754,6855.35,30,9867,215,6826.2,0.2575,825.08,1058.0,GO
BANK01,2022,2022-10,2.2713,6.2606,4.3824,UI0000370,FAC0011,2022,24313,5263.81,30,11244,205,7293.9,0.2575,1325.81,990.56,GO
BANK01,2022,2022-11,2.199,5.4096,2.7048,UI0000371,FAC0011,2022,21008,4304.66,50,10886,277,10504.0,0.2575,1482.15,1046.55,I-REC
BANK01,2022,2022-12,2.6034,8.4164,5.8915,UI0000372,FAC0011,2022,32685,9856.71,30,12888,319,9805.5,0.2575,1102.68,1294.97,GO
BANK01,2023,2023-01,2.6595,7.7343,5.414,UI0000373,FAC0011,2023,30937,7993.83,30,13166,183,9281.1,0.25,1282.18,682.88,I-REC
BANK01,2023,2023-02,2.7248,7.983,3.1932,UI0000374,FAC0011,2023,31932,9992.83,60,13489,190,19159.2,0.25,1471.76,575.94,I-REC
BANK01,2023,2023-03,2.0428,5.294,2.647,UI0000375,FAC0011,2023,21176,4476.37,50,10113,269,10588.0,0.25,845.36,1144.93,GO
BANK01,2023,2023-04,2.1196,5.074,3.5518,UI0000376,FAC0011,2023,20296,6285.36,30,10493,237,6088.8,0.25,817.65,939.1,GO
BANK01,2023,2023-05,1.8622,5.474,2.737,UI0000377,FAC0011,2023,21896,5725.3,50,9219,239,10948.0,0.25,819.01,735.02,GO
BANK01,2023,2023-06,2.3577,7.166,3.583,UI0000378,FAC0011,2023,28664,6337.93,50,11672,199,14332.0,0.25,904.89,926.38,I-REC
BANK01,2023,2023-07,2.361,6.312,3.7872,UI0000379,FAC0011,2023,25248,7434.41,40,11688,174,10099.2,0.25,1207.49,816.36,GO
BANK01,2023,2023-08,2.3719,6.7445,3.3723,UI0000380,FAC0011,2023,26978,5028.99,50,11742,221,13489.0,0.25,1610.84,780.46,GO
BANK01,2023,2023-09,2.1285,5.872,4.1104,UI0000381,FAC0011,2023,23488,5160.01,30,10537,262,7046.4,0.25,1305.36,831.66,GO
BANK01,2023,2023-10,1.9156,5.7947,4.0563,UI0000382,FAC0011,2023,23179,6431.04,30,9483,213,6953.7,0.25,1011.46,878.19,GO
BANK01,2023,2023-11,2.185,5.6067,3.9247,UI0000383,FAC0011,2023,22427,4889.88,30,10817,283,6728.1,0.25,855.46,1327.1,GO
BANK01,2023,2023-12,2.9252,7.361,4.4166,UI0000384,FAC0011,2023,29444,8969.41,40,14481,206,11777.6,0.25,1961.63,847.65,I-REC
BANK01,2024,2024-01,2.8234,7.5409,3.0164,UI0000385,FAC0011,2024,31071,9351.28,60,13977,219,18642.6,0.2427,1549.35,838.99,GO
BANK01,2024,2024-02,2.6967,7.3201,3.66,UI0000386,FAC0011,2024,30161,6012.62,50,13350,194,15080.5,0.2427,1594.35,779.96,GO
BANK01,2024,2024-03,2.1646,5.7292,2.2917,UI0000387,FAC0011,2024,23606,6671.16,60,10716,194,14163.6,0.2427,1066.64,723.12,I-REC
BANK01,2024,2024-04,2.1222,5.6076,2.243,UI0000388,FAC0011,2024,23105,4733.95,60,10506,299,13863.0,0.2427,830.21,1469.89,GO
BANK01,2024,2024-05,2.1945,5.6532,1.696,UI0000389,FAC0011,2024,23293,7406.1,70,10864,294,16305.1,0.2427,779.79,1430.35,I-REC
BANK01,2024,2024-06,2.2268,5.7547,2.3019,UI0000390,FAC0011,2024,23711,5504.52,60,11024,170,14226.6,0.2427,948.84,730.1,GO
BANK01,2024,2024-07,2.6777,6.0432,3.6259,UI0000391,FAC0011,2024,24900,7268.4,40,13256,166,9960.0,0.2427,1733.8,520.99,GO
BANK01,2024,2024-08,2.3743,5.7539,2.877,UI0000392,FAC0011,2024,23708,6369.83,50,11754,147,11854.0,0.2427,1173.02,658.02,I-REC
BANK01,2024,2024-09,1.9202,5.4144,1.6243,UI0000393,FAC0011,2024,22309,5220.65,70,9506,194,15616.3,0.2427,1077.96,860.09,I-REC
BANK01,2024,2024-10,2.1927,4.8523,2.4262,UI0000394,FAC0011,2024,19993,4782.93,50,10855,271,9996.5,0.2427,1442.86,1240.54,I-REC
BANK01,2024,2024-11,1.9236,5.4535,3.2721,UI0000395,FAC0011,2024,22470,4452.73,40,9523,219,8988.0,0.2427,1230.54,1088.34,I-REC
BANK01,2024,2024-12,2.9001,7.2494,4.3497,UI0000396,FAC0011,2024,29870,7575.51,40,14357,195,11948.0,0.2427,1814.39,652.42,GO
BANK01,2022,2022-01,7.3938,29.4466,20.6126,UI0000397,FAC0012,2022,75234,22351.07,30,36603,684,22570.2,0.3914,2885.81,2881.8,GO
BANK01,2022,2022-02,7.1556,31.4044,25.1235,UI0000398,FAC0012,2022,80236,15105.06,20,35424,633,16047.2,0.3914,4310.42,3020.02,GO
BANK01,2022,2022-03,5.1272,21.981,15.3867,UI0000399,FAC0012,2022,56160,15750.42,30,25382,570,16848.0,0.3914,2599.7,1737.62,I-REC
BANK01,2022,2022-04,5.1857,20.4283,16.3427,UI0000400,FAC0012,2022,52193,14255.06,20,25672,584,10438.6,0.3914,2115.01,1963.02,I-REC
BANK01,2022,2022-05,5.1781,21.2385,12.7431,UI0000401,FAC0012,2022,54263,14037.07,40,25634,465,21705.2,0.3914,2271.02,1521.17,I-REC
BANK01,2022,2022-06,6.4652,24.913,17.4391,UI0000402,FAC0012,2022,63651,16969.71,30,32006,360,19095.3,0.3914,3385.11,1638.37,I-REC
BANK01,2022,2022-07,6.3151,27.6696,19.3687,UI0000403,FAC0012,2022,70694,19945.45,30,31263,759,21208.2,0.3914,3047.35,3110.95,I-REC
BANK01,2022,2022-08,6.2974,25.057,12.5285,UI0000404,FAC0012,2022,64019,13096.81,50,31175,401,32009.5,0.3914,3179.9,1375.48,GO
BANK01,2022,2022-09,5.4419,21.6452,15.1516,UI0000405,FAC0012,2022,55302,17361.33,30,26940,445,16590.6,0.3914,3632.22,1624.98,I-REC
BANK01,2022,2022-10,5.2954,20.4612,14.3229,UI0000406,FAC0012,2022,52277,14833.04,30,26215,606,15683.1,0.3914,3452.75,2975.87,I-REC
BANK01,2022,2022-11,5.5277,22.9145,18.3316,UI0000407,FAC0012,2022,58545,15786.66,20,27365,647,11709.0,0.3914,2368.14,2653.55,GO
BANK01,2022,2022-12,6.4901,27.6548,19.3583,UI0000408,FAC0012,2022,70656,20526.22,30,32129,646,21196.8,0.3914,4173.52,2635.89,I-REC
BANK01,2023,2023-01,7.414,26.7775,18.7442,UI0000409,FAC0012,2023,70467,17509.25,30,36703,468,21140.1,0.38,4225.34,2093.94,I-REC
BANK01,2023,2023-02,6.4317,29.9014,14.9507,UI0000410,FAC0012,2023,78688,16886.36,50,31840,717,39344.0,0.38,2272.4,2627.98,GO
BANK01,2023,2023-03,5.1904,22.355,8.942,UI0000411,FAC0012,2023,58829,15623.21,60,25695,783,35297.4,0.38,3102.72,2631.6,I-REC
BANK01,2023,2023-04,5.4431,20.6108,8.2443,UI0000412,FAC0012,2023,54239,9783.43,60,26946,741,32543.4,0.38,2963.33,2875.29,GO
BANK01,2023,2023-05,4.9385,19.4245,7.7698,UI0000413,FAC0012,2023,51117,14638.09,60,24448,652,30670.2,0.38,3269.83,2893.27,GO
BANK01,2023,2023-06,6.5066,24.0065,14.4039,UI0000414,FAC0012,2023,63175,16497.58,40,32211,721,25270.0,0.38,3513.64,3482.4,GO
BANK01,2023,2023-07,5.8087,24.1532,16.9072,UI0000415,FAC0012,2023,63561,12639.76,30,28756,719,19068.3,0.38,2746.24,3205.59,I-REC
BANK01,2023,2023-08,5.6899,26.6133,18.6293,UI0000416,FAC0012,2023,70035,21267.67,30,28168,432,21010.5,0.38,2494.89,1774.84,I-REC
BANK01,2023,2023-09,5.5607,21.2762,8.5105,UI0000417,FAC0012,2023,55990,12816.32,60,27528,752,33594.0,0.38,2332.75,3368.93,I-REC
BANK01,2023,2023-10,4.9805,21.6862,13.0117,UI0000418,FAC0012,2023,57069,12164.34,40,24656,582,22827.6,0.38,2649.27,2821.89,GO
BANK01,2023,2023-11,5.5431,22.0769,15.4538,UI0000419,FAC0012,2023,58097,12100.4,30,27441,709,17429.1,0.38,2455.12,2555.38,GO
BANK01,2023,2023-12,7.013,30.1237,15.0619,UI0000420,FAC0012,2023,79273,15484.18,50,34718,720,39636.5,0.38,2591.65,3362.67,GO
BANK01,2024,2024-01,6.2913,24.6447,14.7868,UI0000421,FAC0012,2024,66806,12238.7,40,31145,680,26722.4,0.3689,2505.46,2824.98,I-REC
BANK01,2024,2024-02,6.9854,27.9014,11.1606,UI0000422,FAC0012,2024,75634,20645.15,60,34581,615,45380.4,0.3689,2644.52,2089.57,I-REC
BANK01,2024,2024-03,5.3774,18.936,11.3616,UI0000423,FAC0012,2024,51331,13638.2,40,26621,580,20532.4,0.3689,2229.33,1745.7,GO
BANK01,2024,2024-04,4.9789,19.4846,5.8454,UI0000424,FAC0012,2024,52818,10194.41,70,24648,442,36972.6,0.3689,3394.5,1454.34,GO
BANK01,2024,2024-05,4.6591,18.0292,9.0146,UI0000425,FAC0012,2024,48873,9874.14,50,23065,415,24436.5,0.3689,3013.93,2011.91,I-REC
BANK01,2024,2024-06,6.0119,26.4527,13.2264,UI0000426,FAC0012,2024,71707,13444.38,50,29762,691,35853.5,0.3689,3345.51,3104.0,GO
BANK01,2024,2024-07,5.6477,22.2336,11.1168,UI0000427,FAC0012,2024,60270,18554.72,50,27959,530,30135.0,0.3689,2039.04,2244.56,GO
BANK01,2024,2024-08,5.6762,21.9558,6.5867,UI0000428,FAC0012,2024,59517,18482.19,70,28100,503,41661.9,0.3689,2356.37,2135.71,GO
BANK01,2024,2024-09,4.545,20.7296,6.2189,UI0000429,FAC0012,2024,56193,13106.44,70,22500,608,39335.1,0.3689,1903.23,1840.31,I-REC
BANK01,2024,2024-10,5.1597,18.5461,7.4184,UI0000430,FAC0012,2024,50274,14515.65,60,25543,651,30164.4,0.3689,1973.3,2948.2,GO
BANK01,2024,2024-11,4.6086,18.9552,5.6866,UI0000431,FAC0012,2024,51383,13747.46,70,22815,476,35968.1,0.3689,1821.61,1748.97,I-REC
BANK01,2024,2024-12,6.8987,23.8295,11.9147,UI0000432,FAC0012,2024,64596,17020.09,50,34152,797,32298.0,0.3689,3288.51,2418.28,GO
BANK01,2022,2022-01,9.639,45.894,27.5364,UI0000433,FAC0013,2022,117256,32951.33,40,47718,1143,46902.4,0.3914,6144.9,3579.92,GO
BANK01,2022,2022-02,10.5866,45.1946,31.6362,UI0000434,FAC0013,2022,115469,32353.75,30,52409,1114,34640.7,0.3914,5755.6,4111.19,GO
BANK01,2022,2022-03,7.8295,34.136,27.3088,UI0000435,FAC0013,2022,87215,18493.14,20,38760,1127,17443.0,0.3914,3944.27,3700.8,I-REC
BANK01,2022,2022-04,8.3713,30.3308,18.1985,UI0000436,FAC0013,2022,77493,18151.31,40,41442,931,30997.2,0.3914,5113.12,3035.68,I-REC
BANK01,2022,2022-05,7.3304,34.57,24.199,UI0000437,FAC0013,2022,88324,16215.44,30,36289,591,26497.2,0.3914,5055.31,2872.48,I-REC
BANK01,2022,2022-06,9.1522,38.902,27.2314,UI0000438,FAC0013,2022,99392,25648.5,30,45308,653,29817.6,0.3914,4053.03,2176.26,I-REC
BANK01,2022,2022-07,9.3053,40.4586,32.3669,UI0000439,FAC0013,2022,103369,24846.92,20,46066,1054,20673.8,0.3914,6004.13,3209.18,I-REC
BANK01,2022,2022-08,8.7092,37.367,29.8936,UI0000440,FAC0013,2022,95470,21760.92,20,43115,738,19094.0,0.3914,3805.95,3489.35,I-REC
BANK01,2022,2022-09,7.9851,34.4499,24.1149,UI0000441,FAC0013,2022,88017,24483.53,30,39530,997,26405.1,0.3914,5164.67,3055.57,I-REC
BANK01,2022,2022-10,6.9569,29.4767,14.7384,UI0000442,FAC0013,2022,75311,23641.82,50,34440,797,37655.5,0.3914,3771.52,3615.85,GO
BANK01,2022,2022-11,7.5827,32.0165,25.6132,UI0000443,FAC0013,2022,81800,18971.41,20,37538,1100,16360.0,0.3914,4178.3,5012.44,GO
BANK01,2022,2022-12,9.8267,41.7972,29.2581,UI0000444,FAC0013,2022,106789,22978.79,30,48647,1141,32036.7,0.3914,6271.11,3735.31,I-REC
BANK01,2023,2023-01,9.9857,43.5583,30.4908,UI0000445,FAC0013,2023,114627,29538.44,30,49434,539,34388.1,0.38,6121.96,2476.45,GO
BANK01,2023,2023-02,9.1344,41.1308,16.4523,UI0000446,FAC0013,2023,108239,27875.66,60,45220,556,64943.4,0.38,3483.13,2111.29,GO
BANK01,2023,2023-03,6.9282,32.3817,22.6672,UI0000447,FAC0013,2023,85215,21833.12,30,34298,653,25564.5,0.38,3641.75,3019.91,GO
BANK01,2023,2023-04,7.4681,31.8079,22.2655,UI0000448,FAC0013,2023,83705,25243.8,30,36971,643,25111.5,0.38,2867.94,2369.74,I-REC
BANK01,2023,2023-05,6.9197,28.0588,11.2235,UI0000449,FAC0013,2023,73839,17973.51,60,34256,901,44303.4,0.38,2989.01,3535.43,I-REC
BANK01,2023,2023-06,8.4489,35.5604,17.7802,UI0000450,FAC0013,2023,93580,21575.52,50,41826,571,46790.0,0.38,4481.6,2027.68,GO
BANK01,2023,2023-07,9.7794,36.0947,21.6568,UI0000451,FAC0013,2023,94986,17427.14,40,48413,662,37994.4,0.38,5304.09,2226.61,GO
BANK01,2023,2023-08,9.276,37.8351,15.134,UI0000452,FAC0013,2023,99566,27726.85,60,45921,791,59739.6,0.38,5130.81,3157.95,I-REC
BANK01,2023,2023-09,7.6394,28.9435,17.3661,UI0000453,FAC0013,2023,76167,20182.33,40,37819,776,30466.8,0.38,3061.86,3584.91,GO
BANK01,2023,2023-10,8.184,33.4601,13.3841,UI0000454,FAC0013,2023,88053,21234.27,60,40515,1137,52831.8,0.38,3258.38,4214.25,GO
BANK01,2023,2023-11,7.1554,28.079,11.2316,UI0000455,FAC0013,2023,73892,13496.91,60,35423,636,44335.2,0.38,2622.39,2246.36,I-REC
BANK01,2023,2023-12,9.2581,40.3157,28.221,UI0000456,FAC0013,2023,106094,30312.48,30,45832,1228,31828.2,0.38,5759.12,3808.22,GO
BANK01,2024,2024-01,10.1899,39.711,15.8844,UI0000457,FAC0013,2024,107647,19939.36,60,50445,626,64588.2,0.3689,6176.06,2206.89,GO
BANK01,2024,2024-02,10.3905,36.9597,14.7839,UI0000458,FAC0013,2024,100189,26087.58,60,51438,932,60113.4,0.3689,4735.04,4040.61,GO
BANK01,2024,2024-03,7.1249,30.4811,12.1924,UI0000459,FAC0013,2024,82627,21935.67,60,35272,660,49576.2,0.3689,3708.09,3046.34,I-REC
BANK01,2024,2024-04,7.8845,28.0807,8.4242,UI0000460,FAC0013,2024,76120,22049.35,70,39032,1125,53284.0,0.3689,4178.11,4483.85,GO
BANK01,2024,2024-05,6.7529,27.6479,8.2944,UI0000461,FAC0013,2024,74947,20679.51,70,33430,869,52462.9,0.3689,4244.16,3271.3,GO
BANK01,2024,2024-06,8.6648,36.1732,10.852,UI0000462,FAC0013,2024,98057,30766.69,70,42895,831,68639.9,0.3689,3448.36,3299.0,I-REC
BANK01,2024,2024-07,9.0126,39.006,19.503,UI0000463,FAC0013,2024,105736,22486.01,50,44617,946,52868.0,0.3689,3667.24,3447.83,I-REC
BANK01,2024,2024-08,9.4681,33.5009,13.4004,UI0000464,FAC0013,2024,90813,23756.77,60,46872,1229,54487.8,0.3689,6273.25,6134.36,I-REC
BANK01,2024,2024-09,6.6781,28.9494,11.5798,UI0000465,FAC0013,2024,78475,15939.84,60,33060,1046,47085.0,0.3689,3311.13,5204.99,I-REC
BANK01,2024,2024-10,6.6955,30.2037,9.0611,UI0000466,FAC0013,2024,81875,24134.61,70,33146,872,57312.5,0.3689,3574.42,2915.15,GO
BANK01,2024,2024-11,6.7377,26.8596,16.1158,UI0000467,FAC0013,2024,72810,19536.05,40,33355,650,29124.0,0.3689,3876.88,2287.34,GO
BANK01,2024,2024-12,10.6541,41.7488,25.0493,UI0000468,FAC0013,2024,113171,24097.44,40,52743,928,45268.4,0.3689,6218.62,4177.72,GO
BANK01,2022,2022-01,3.8327,11.4652,5.7326,UI0000469,FAC0014,2022,40918,12525.68,50,18974,2070,20459.0,0.2802,2520.15,6555.69,GO
BANK01,2022,2022-02,3.4017,11.1777,6.7066,UI0000470,FAC0014,2022,39892,12362.23,40,16840,2008,15956.8,0.2802,1777.89,9298.32,I-REC
BANK01,2022,2022-03,3.0862,9.0734,5.4441,UI0000471,FAC0014,2022,32382,7207.46,40,15278,2124,12952.8,0.2802,1217.3,9591.27,I-REC
BANK01,2022,2022-04,3.0353,8.3948,5.8764,UI0000472,FAC0014,2022,29960,7788.17,30,15026,1400,8988.0,0.2802,1514.99,5619.17,GO
BANK01,2022,2022-05,2.5452,8.3718,6.6975,UI0000473,FAC0014,2022,29878,6463.51,20,12600,1168,5975.6,0.2802,923.3,4611.98,GO
BANK01,2022,2022-06,3.1674,10.306,7.2142,UI0000474,FAC0014,2022,36781,8578.62,30,15680,2016,11034.3,0.2802,1191.04,8449.78,GO
BANK01,2022,2022-07,3.5495,9.5148,6.6603,UI0000475,FAC0014,2022,33957,8541.06,30,17572,1056,10187.1,0.2802,1844.67,4893.8,GO
BANK01,2022,2022-08,3.2169,9.8857,6.92,UI0000476,FAC0014,2022,35281,8639.27,30,15925,1798,10584.3,0.2802,1953.22,7474.63,GO
BANK01,2022,2022-09,3.0633,9.3237,7.4589,UI0000477,FAC0014,2022,33275,7233.95,20,15165,1554,6655.0,0.2802,1686.63,5374.78,I-REC
BANK01,2022,2022-10,3.049,7.8296,3.9148,UI0000478,FAC0014,2022,27943,5469.81,50,15094,1061,13971.5,0.2802,1507.9,4232.02,GO
BANK01,2022,2022-11,2.6785,8.5654,5.9958,UI0000479,FAC0014,2022,30569,6928.86,30,13260,1567,9170.7,0.2802,1278.49,5036.37,GO
BANK01,2022,2022-12,3.8218,12.2778,6.1389,UI0000480,FAC0014,2022,43818,9002.04,50,18920,2037,21909.0,0.2802,2172.01,9715.54,I-REC
BANK01,2023,2023-01,3.8346,11.6699,4.668,UI0000481,FAC0014,2023,42904,10027.62,60,18983,1308,25742.4,0.272,1659.23,4616.8,I-REC
BANK01,2023,2023-02,3.336,10.9934,5.4967,UI0000482,FAC0014,2023,40417,8133.38,50,16515,1523,20208.5,0.272,1669.27,5034.88,GO
BANK01,2023,2023-03,2.7011,7.8037,3.9018,UI0000483,FAC0014,2023,28690,7493.82,50,13372,1152,14345.0,0.272,1163.65,4908.25,GO
BANK01,2023,2023-04,2.7902,7.7022,4.6213,UI0000484,FAC0014,2023,28317,6151.26,40,13813,950,11326.8,0.272,1353.8,4173.71,I-REC
BANK01,2023,2023-05,2.5107,7.6261,3.813,UI0000485,FAC0014,2023,28037,6597.85,50,12429,1501,14018.5,0.272,1001.7,7467.54,I-REC
BANK01,2023,2023-06,3.4475,9.9106,6.9374,UI0000486,FAC0014,2023,36436,9737.65,30,17067,1036,10930.8,0.272,1270.45,3729.39,GO
BANK01,2023,2023-07,3.6015,9.294,5.5764,UI0000487,FAC0014,2023,34169,7861.76,40,17829,1692,13667.6,0.272,2190.91,7105.35,I-REC
BANK01,2023,2023-08,3.7156,10.4777,4.1911,UI0000488,FAC0014,2023,38521,7516.0,60,18394,2055,23112.6,0.272,1562.28,9123.03,I-REC
BANK01,2023,2023-09,2.6767,8.701,6.0907,UI0000489,FAC0014,2023,31989,9870.82,30,13251,2191,9596.7,0.272,1225.52,8812.39,GO
BANK01,2023,2023-10,2.9189,7.9046,4.7428,UI0000490,FAC0014,2023,29061,6696.94,40,14450,1836,11624.4,0.272,1978.64,8263.75,I-REC
BANK01,2023,2023-11,2.6329,8.0577,3.2231,UI0000491,FAC0014,2023,29624,6650.7,60,13034,1730,17774.4,0.272,941.18,5858.64,I-REC
BANK01,2023,2023-12,3.338,10.2996,4.1198,UI0000492,FAC0014,2023,37866,11296.11,60,16525,1668,22719.6,0.272,1700.48,7473.76,GO
BANK01,2024,2024-01,3.9236,11.0436,5.5218,UI0000493,FAC0014,2024,41816,11625.99,50,19424,1032,20908.0,0.2641,2168.07,4279.16,GO
BANK01,2024,2024-02,3.2811,10.3274,6.1964,UI0000494,FAC0014,2024,39104,11781.32,40,16243,1634,15641.6,0.2641,1662.0,6703.17,I-REC
BANK01,2024,2024-03,2.4812,7.0554,4.2333,UI0000495,FAC0014,2024,26715,7753.19,40,12283,1292,10686.0,0.2641,1581.82,5484.66,I-REC
BANK01,2024,2024-04,2.7777,8.3173,2.4952,UI0000496,FAC0014,2024,31493,8386.76,70,13751,2149,22045.1,0.2641,1480.82,9905.89,I-REC
BANK01,2024,2024-05,2.9666,7.2886,2.1866,UI0000497,FAC0014,2024,27598,6171.64,70,14686,1451,19318.6,0.2641,1548.94,5999.08,I-REC
BANK01,2024,2024-06,3.5538,9.7331,3.8933,UI0000498,FAC0014,2024,36854,11684.39,60,17593,1364,22112.4,0.2641,2221.13,4226.49,I-REC
BANK01,2024,2024-07,3.0692,8.6741,4.3371,UI0000499,FAC0014,2024,32844,6181.32,50,15194,1708,16422.0,0.2641,1794.74,6756.02,I-REC
BANK01,2024,2024-08,3.4415,9.1191,5.4715,UI0000500,FAC0014,2024,34529,7913.24,40,17037,1432,13811.6,0.2641,1276.53,4521.13,GO
BANK01,2024,2024-09,2.4717,7.9544,2.3863,UI0000501,FAC0014,2024,30119,6294.87,70,12236,2003,21083.3,0.2641,1125.8,7654.62,GO
BANK01,2024,2024-10,2.5062,7.9954,3.1981,UI0000502,FAC0014,2024,30274,6838.03,60,12407,1601,18164.4,0.2641,1389.14,6016.5,GO
BANK01,2024,2024-11,2.4515,6.9184,2.7673,UI0000503,FAC0014,2024,26196,7674.88,60,12136,1780,15717.6,0.2641,1103.28,8797.74,I-REC
BANK01,2024,2024-12,3.2847,9.7207,2.9162,UI0000504,FAC0014,2024,36807,10141.7,70,16261,2115,25764.9,0.2641,1450.12,10164.82,GO
BANK01,2022,2022-01,19.9756,87.9319,43.966,UI0000505,FAC0015,2022,224660,42011.49,50,98889,2228,112330.0,0.3914,12385.1,7852.05,GO
BANK01,2022,2022-02,20.6676,74.0372,37.0186,UI0000506,FAC0015,2022,189160,56960.8,50,102315,2001,94580.0,0.3914,10671.66,7776.27,GO
BANK01,2022,2022-03,13.2702,61.9629,37.1778,UI0000507,FAC0015,2022,158311,45517.7,40,65694,2264,63324.4,0.3914,9035.1,7662.68,GO
BANK01,2022,2022-04,14.9678,61.5805,43.1064,UI0000508,FAC0015,2022,157334,47197.88,30,74098,2216,47200.2,0.3914,7103.56,10188.86,GO
BANK01,2022,2022-05,15.4795,66.1251,46.2876,UI0000509,FAC0015,2022,168945,48632.42,30,76631,3026,50683.5,0.3914,7169.25,10828.18,I-REC
BANK01,2022,2022-06,18.38,69.2813,41.5688,UI0000510,FAC0015,2022,177009,37534.1,40,90990,2553,70803.6,0.3914,6711.33,11206.61,GO
BANK01,2022,2022-07,16.6884,77.8033,54.4623,UI0000511,FAC0015,2022,198782,40015.18,30,82616,1767,59634.6,0.3914,6830.12,7994.04,I-REC
BANK01,2022,2022-08,19.5677,74.4458,37.2229,UI0000512,FAC0015,2022,190204,42507.98,50,96870,2317,95102.0,0.3914,7691.82,8415.37,GO
BANK01,2022,2022-09,13.2659,56.1796,33.7078,UI0000513,FAC0015,2022,143535,40086.42,40,65673,1564,57414.0,0.3914,5056.43,5857.21,GO
BANK01,2022,2022-10,14.6593,67.3122,33.6561,UI0000514,FAC0015,2022,171978,54873.41,50,72571,3219,85989.0,0.3914,5111.06,15479.77,GO
BANK01,2022,2022-11,13.5021,61.9547,30.9774,UI0000515,FAC0015,2022,158290,39155.89,50,66842,2525,79145.0,0.3914,6992.84,10397.09,I-REC
BANK01,2022,2022-12,17.8885,77.0142,46.2085,UI0000516,FAC0015,2022,196766,47651.29,40,88557,2504,78706.4,0.3914,11068.88,7580.21,GO
BANK01,2023,2023-01,18.9357,82.7325,33.093,UI0000517,FAC0015,2023,217717,63345.62,60,93741,3290,130630.2,0.38,12157.45,14071.95,GO
BANK01,2023,2023-02,17.7918,76.8508,46.1105,UI0000518,FAC0015,2023,202239,37916.98,40,88078,1624,80895.6,0.38,9425.52,5615.17,I-REC
BANK01,2023,2023-03,14.2955,61.5554,30.7777,UI0000519,FAC0015,2023,161988,44951.8,50,70770,1844,80994.0,0.38,8567.75,8727.28,GO
BANK01,2023,2023-04,14.2452,58.8939,35.3364,UI0000520,FAC0015,2023,154984,35892.65,40,70521,2075,61993.6,0.38,6243.29,8358.33,GO
BANK01,2023,2023-05,13.2752,56.2894,33.7736,UI0000521,FAC0015,2023,148130,37104.31,40,65719,2466,59252.0,0.38,8642.41,9183.53,I-REC
BANK01,2023,2023-06,19.1262,75.1302,30.0521,UI0000522,FAC0015,2023,197711,42631.45,60,94684,1503,118626.6,0.38,10954.7,5366.33,GO
BANK01,2023,2023-07,18.3883,71.0505,49.7353,UI0000523,FAC0015,2023,186975,36571.66,30,91031,3055,56092.5,0.38,12390.46,10106.94,I-REC
BANK01,2023,2023-08,17.3625,74.5651,29.826,UI0000524,FAC0015,2023,196224,54060.52,60,85953,2866,117734.4,0.38,9751.82,13273.01,GO
BANK01,2023,2023-09,14.1796,53.6575,32.1945,UI0000525,FAC0015,2023,141204,30218.43,40,70196,2873,56481.6,0.38,6355.75,12305.15,GO
BANK01,2023,2023-10,14.3258,61.351,24.5404,UI0000526,FAC0015,2023,161450,44545.93,60,70920,1472,96870.0,0.38,9033.46,7058.94,I-REC
BANK01,2023,2023-11,12.9571,56.8028,39.7619,UI0000527,FAC0015,2023,149481,39604.05,30,64144,2438,44844.3,0.38,6227.85,8518.07,I-REC
BANK01,2023,2023-12,18.4872,70.87,49.609,UI0000528,FAC0015,2023,186500,43664.47,30,91521,2613,55950.0,0.38,12776.62,12954.53,GO
BANK01,2024,2024-01,18.9292,71.6293,28.6517,UI0000529,FAC0015,2024,194170,51916.8,60,93709,2979,116502.0,0.3689,8064.65,13988.02,I-REC
BANK01,2024,2024-02,16.9276,79.8849,47.931,UI0000530,FAC0015,2024,216549,54582.98,40,83800,3032,86619.6,0.3689,10061.1,11499.4,GO
BANK01,2024,2024-03,13.469,55.383,16.6149,UI0000531,FAC0015,2024,150130,34281.83,70,66678,3121,105091.0,0.3689,5471.43,10949.11,GO
BANK01,2024,2024-04,15.3512,60.3111,18.0933,UI0000532,FAC0015,2024,163489,30652.26,70,75996,1908,114442.3,0.3689,8148.41,8851.02,I-REC
BANK01,2024,2024-05,14.5996,59.8905,29.9453,UI0000533,FAC0015,2024,162349,39458.45,50,72275,2311,81174.5,0.3689,9027.11,7428.26,I-REC
BANK01,2024,2024-06,17.715,69.9711,27.9884,UI0000534,FAC0015,2024,189675,40539.1,60,87698,3131,113805.0,0.3689,9796.13,10314.04,I-REC
BANK01,2024,2024-07,17.2039,67.4497,20.2349,UI0000535,FAC0015,2024,182840,53489.24,70,85168,2661,127988.0,0.3689,9347.43,10247.96,I-REC
BANK01,2024,2024-08,17.2458,69.2163,41.5298,UI0000536,FAC0015,2024,187629,41813.22,40,85375,1707,75051.6,0.3689,11864.55,6763.96,I-REC
BANK01,2024,2024-09,15.0191,57.9317,17.3795,UI0000537,FAC0015,2024,157039,43239.64,70,74352,1612,109927.3,0.3689,6525.54,5585.75,GO
BANK01,2024,2024-10,15.0876,59.1247,17.7374,UI0000538,FAC0015,2024,160273,44790.88,70,74691,3275,112191.1,0.3689,6143.49,10690.92,I-REC
BANK01,2024,2024-11,14.2291,52.372,15.7116,UI0000539,FAC0015,2024,141968,28788.66,70,70441,1841,99377.6,0.3689,6091.92,7614.42,GO
BANK01,2024,2024-12,20.5442,68.3369,20.5011,UI0000540,FAC0015,2024,185245,34124.3,70,101704,3273,129671.5,0.3689,13668.67,10847.48,I-REC
BANK01,2022,2022-01,9.1843,31.5382,25.2306,UI0000541,FAC0016,2022,112556,31474.79,20,45467,1592,22511.2,0.2802,4955.59,5451.3,GO
BANK01,2022,2022-02,8.8621,27.2259,19.0581,UI0000542,FAC0016,2022,97166,20618.89,30,43872,1496,29149.8,0.2802,5801.08,4536.7,GO
BANK01,2022,2022-03,7.1455,22.8189,18.2551,UI0000543,FAC0016,2022,81438,15175.43,20,35374,2044,16287.6,0.2802,2549.97,9571.13,I-REC
BANK01,2022,2022-04,7.8501,22.4023,11.2011,UI0000544,FAC0016,2022,79951,22392.77,50,38862,2882,39975.5,0.2802,3051.41,11803.18,GO
BANK01,2022,2022-05,6.8579,23.3737,18.699,UI0000545,FAC0016,2022,83418,18387.57,20,33950,1957,16683.6,0.2802,4556.39,6791.7,GO
BANK01,2022,2022-06,9.7033,27.1452,21.7162,UI0000546,FAC0016,2022,96878,25435.18,20,48036,2416,19375.6,0.2802,5901.62,11046.77,GO
BANK01,2022,2022-07,9.4431,25.659,17.9613,UI0000547,FAC0016,2022,91574,18983.13,30,46748,2617,27472.2,0.2802,4284.6,12385.5,GO
BANK01,2022,2022-08,9.5308,27.3369,21.8695,UI0000548,FAC0016,2022,97562,17611.01,20,47182,2658,19512.4,0.2802,5724.76,13261.21,I-REC
BANK01,2022,2022-09,7.6802,21.7878,17.4302,UI0000549,FAC0016,2022,77758,18024.94,20,38021,2876,15551.6,0.2802,4832.11,14054.77,I-REC
BANK01,2022,2022-10,7.4415,23.9655,19.1724,UI0000550,FAC0016,2022,85530,19363.74,20,36839,2050,17106.0,0.2802,4907.17,6338.92,GO
BANK01,2022,2022-11,7.8927,21.6816,13.009,UI0000551,FAC0016,2022,77379,14925.16,40,39073,1968,30951.6,0.2802,2770.78,8451.79,I-REC
BANK01,2022,2022-12,9.3579,31.7411,25.3928,UI0000552,FAC0016,2022,113280,31556.54,20,46326,1444,22656.0,0.2802,6134.8,7054.22,GO
BANK01,2023,2023-01,8.6022,30.5897,15.2948,UI0000553,FAC0016,2023,112462,21826.63,50,42585,2066,56231.0,0.272,4811.61,10009.34,I-REC
BANK01,2023,2023-02,10.0754,28.3856,19.87,UI0000554,FAC0016,2023,104359,24150.74,30,49878,2105,31307.7,0.272,5452.61,7134.47,I-REC
BANK01,2023,2023-03,6.7393,20.5711,8.2284,UI0000555,FAC0016,2023,75629,19270.38,60,33363,2251,45377.4,0.272,3660.68,9552.48,GO
BANK01,2023,2023-04,7.3193,19.4823,11.6894,UI0000556,FAC0016,2023,71626,18306.96,40,36234,2649,28650.4,0.272,3951.76,10702.17,GO
BANK01,2023,2023-05,6.6189,21.4725,8.589,UI0000557,FAC0016,2023,78943,22847.88,60,32767,2208,47365.8,0.272,2460.32,6759.28,GO
BANK01,2023,2023-06,8.6337,27.1004,18.9703,UI0000558,FAC0016,2023,99634,25875.84,30,42741,1921,29890.2,0.272,5674.96,5852.8,I-REC
BANK01,2023,2023-07,8.1042,26.0367,15.622,UI0000559,FAC0016,2023,95723,23014.28,40,40120,2923,38289.2,0.272,4778.61,14546.32,GO
BANK01,2023,2023-08,9.5702,25.3205,15.1923,UI0000560,FAC0016,2023,93090,21710.42,40,47377,2195,37236.0,0.272,4320.35,6930.31,I-REC
BANK01,2023,2023-09,7.5403,22.3902,11.1951,UI0000561,FAC0016,2023,82317,25586.87,50,37328,2987,41158.5,0.272,5071.09,13644.41,I-REC
BANK01,2023,2023-10,7.1811,20.3266,14.2286,UI0000562,FAC0016,2023,74730,18269.98,30,35550,2971,22419.0,0.272,3625.54,13108.45,GO
BANK01,2023,2023-11,6.6472,21.6216,12.9729,UI0000563,FAC0016,2023,79491,23033.96,40,32907,1807,31796.4,0.272,2525.94,7853.13,I-REC
BANK01,2023,2023-12,9.653,29.7421,11.8968,UI0000564,FAC0016,2023,109346,34071.68,60,47787,1778,65607.6,0.272,4802.69,5963.51,I-REC
BANK01,2024,2024-01,10.1933,24.6199,14.772,UI0000565,FAC0016,2024,93222,22643.54,40,50462,1871,37288.8,0.2641,6397.64,8912.1,I-REC
BANK01,2024,2024-02,8.9223,28.718,11.4872,UI0000566,FAC0016,2024,108739,33521.48,60,44170,2557,65243.4,0.2641,3417.28,10501.87,GO
BANK01,2024,2024-03,6.8442,20.6138,12.3683,UI0000567,FAC0016,2024,78053,17534.95,40,33882,2733,31221.2,0.2641,4220.52,8890.01,GO
BANK01,2024,2024-04,6.5191,21.2659,8.5063,UI0000568,FAC0016,2024,80522,20096.06,60,32273,2752,48313.2,0.2641,2259.25,11418.17,I-REC
BANK01,2024,2024-05,6.3903,21.6367,10.8183,UI0000569,FAC0016,2024,81926,25360.01,50,31635,2386,40963.0,0.2641,4204.08,9114.56,I-REC
BANK01,2024,2024-06,8.5135,26.5059,13.2529,UI0000570,FAC0016,2024,100363,21977.74,50,42146,1659,50181.5,0.2641,5500.73,8268.06,GO
BANK01,2024,2024-07,9.3035,24.3294,9.7318,UI0000571,FAC0016,2024,92122,16647.18,60,46057,2349,55273.2,0.2641,3510.79,9490.76,GO
BANK01,2024,2024-08,9.1272,26.48,10.592,UI0000572,FAC0016,2024,100265,28113.38,60,45184,1610,60159.0,0.2641,3923.14,5268.72,GO
BANK01,2024,2024-09,6.8674,19.574,7.8296,UI0000573,FAC0016,2024,74116,13405.7,60,33997,2907,44469.6,0.2641,2536.64,13292.56,GO
BANK01,2024,2024-10,7.2215,21.6559,12.9936,UI0000574,FAC0016,2024,81999,15809.85,40,35750,2594,32799.6,0.2641,3939.84,12838.87,GO
BANK01,2024,2024-11,7.5057,20.3328,12.1997,UI0000575,FAC0016,2024,76989,24432.28,40,37157,2824,30795.6,0.2641,4309.68,10251.03,I-REC
BANK01,2024,2024-12,9.8271,26.1396,10.4558,UI0000576,FAC0016,2024,98976,20966.86,60,48649,1370,59385.6,0.2641,6187.46,6285.41,I-REC
BANK01,2022,2022-01,1.1938,4.5015,3.6012,UI0000577,FAC0017,2022,11501,2814.67,20,5910,1255,2300.2,0.3914,748.66,5255.06,GO
BANK01,2022,2022-02,1.0607,5.1215,4.0972,UI0000578,FAC0017,2022,13085,3962.35,20,5251,1631,2617.0,0.3914,578.56,5911.59,I-REC
BANK01,2022,2022-03,0.9183,3.8643,2.705,UI0000579,FAC0017,2022,9873,2879.39,30,4546,1292,2961.9,0.3914,484.3,4943.72,I-REC
BANK01,2022,2022-04,0.8324,3.7484,2.2491,UI0000580,FAC0017,2022,9577,1900.18,40,4121,2125,3830.8,0.3914,362.63,10440.34,I-REC
BANK01,2022,2022-05,0.8678,3.9046,2.7332,UI0000581,FAC0017,2022,9976,3160.76,30,4296,1960,2992.8,0.3914,361.52,7098.55,GO
BANK01,2022,2022-06,1.0175,4.5661,3.6529,UI0000582,FAC0017,2022,11666,2157.9,20,5037,2010,2333.2,0.3914,469.75,6647.99,I-REC
BANK01,2022,2022-07,1.1146,4.7802,3.3461,UI0000583,FAC0017,2022,12213,2315.84,30,5518,1525,3663.9,0.3914,730.96,5225.67,I-REC
BANK01,2022,2022-08,1.1421,4.8772,2.9263,UI0000584,FAC0017,2022,12461,3157.15,40,5654,1467,4984.4,0.3914,744.58,5110.9,I-REC
BANK01,2022,2022-09,0.8215,3.9829,1.9914,UI0000585,FAC0017,2022,10176,3059.78,50,4067,1692,5088.0,0.3914,563.41,6549.47,GO
BANK01,2022,2022-10,0.8739,3.8893,2.7225,UI0000586,FAC0017,2022,9937,3165.55,30,4326,1769,2981.1,0.3914,604.57,8459.34,GO
BANK01,2022,2022-11,0.8838,4.0271,2.819,UI0000587,FAC0017,2022,10289,2309.97,30,4375,1715,3086.7,0.3914,376.03,8304.5,I-REC
BANK01,2022,2022-12,1.2082,5.2377,2.6189,UI0000588,FAC0017,2022,13382,4123.0,50,5981,2115,6691.0,0.3914,644.83,7744.49,I-REC
BANK01,2023,2023-01,1.2269,4.283,2.9981,UI0000589,FAC0017,2023,11271,2649.66,30,6074,2217,3381.3,0.38,616.08,8138.89,I-REC
BANK01,2023,2023-02,1.2603,4.3081,2.5848,UI0000590,FAC0017,2023,11337,3198.01,40,6239,1202,4534.8,0.38,440.98,3687.77,I-REC
BANK01,2023,2023-03,0.9351,3.8357,2.685,UI0000591,FAC0017,2023,10094,2514.15,30,4629,1421,3028.2,0.38,550.8,6339.42,I-REC
BANK01,2023,2023-04,0.8827,3.6446,2.5512,UI0000592,FAC0017,2023,9591,3003.38,30,4370,2167,2877.3,0.38,610.82,8506.34,I-REC
BANK01,2023,2023-05,0.846,3.5329,2.473,UI0000593,FAC0017,2023,9297,1858.71,30,4188,1786,2789.1,0.38,529.28,7873.26,GO
BANK01,2023,2023-06,1.0342,4.264,2.5584,UI0000594,FAC0017,2023,11221,2284.0,40,5120,1899,4488.4,0.38,366.93,8420.5,GO
BANK01,2023,2023-07,1.0015,4.2001,2.1001,UI0000595,FAC0017,2023,11053,3070.62,50,4958,2072,5526.5,0.38,375.92,6950.01,I-REC
BANK01,2023,2023-08,0.9694,3.8806,1.5522,UI0000596,FAC0017,2023,10212,3126.47,60,4799,1170,6127.2,0.38,599.61,5616.23,GO
BANK01,2023,2023-09,0.9454,3.4268,1.3707,UI0000597,FAC0017,2023,9018,2582.18,60,4680,1005,5410.8,0.38,556.8,3117.06,I-REC
BANK01,2023,2023-10,0.8373,3.4002,2.0401,UI0000598,FAC0017,2023,8948,2746.24,40,4145,2132,3579.2,0.38,390.84,9798.45,GO
BANK01,2023,2023-11,0.8807,3.659,1.8295,UI0000599,FAC0017,2023,9629,1776.35,50,4360,1573,4814.5,0.38,391.42,7726.14,I-REC
BANK01,2023,2023-12,1.215,4.696,2.8176,UI0000600,FAC0017,2023,12358,3026.69,40,6015,1922,4943.2,0.38,652.94,9343.8,GO
BANK01,2024,2024-01,1.1512,4.6611,2.7966,UI0000601,FAC0017,2024,12635,3890.11,40,5699,1476,5054.0,0.3689,664.79,6875.9,I-REC
BANK01,2024,2024-02,1.2399,4.0701,2.035,UI0000602,FAC0017,2024,11033,3483.97,50,6138,1372,5516.5,0.3689,761.73,4149.49,I-REC
BANK01,2024,2024-03,0.8615,3.4835,1.3934,UI0000603,FAC0017,2024,9443,1866.39,60,4265,995,5665.8,0.3689,307.93,3411.88,I-REC
BANK01,2024,2024-04,0.867,3.0508,1.2203,UI0000604,FAC0017,2024,8270,1563.17,60,4292,2277,4962.0,0.3689,463.51,9685.72,GO
BANK01,2024,2024-05,0.9254,3.6311,1.4524,UI0000605,FAC0017,2024,9843,2985.09,60,4581,2301,5905.8,0.3689,518.39,7704.96,I-REC
BANK01,2024,2024-06,1.0047,4.1391,1.6556,UI0000606,FAC0017,2024,11220,3097.21,60,4974,1983,6732.0,0.3689,466.72,6130.26,I-REC
BANK01,2024,2024-07,0.9399,4.0096,1.2029,UI0000607,FAC0017,2024,10869,2822.84,70,4653,1530,7608.3,0.3689,513.84,6561.02,I-REC
BANK01,2024,2024-08,1.0217,4.0177,2.4106,UI0000608,FAC0017,2024,10891,2072.73,40,5058,2200,4356.4,0.3689,491.03,8532.62,I-REC
BANK01,2024,2024-09,0.8953,3.1965,0.959,UI0000609,FAC0017,2024,8665,2167.41,70,4432,2175,6065.5,0.3689,525.67,7070.08,GO
BANK01,2024,2024-10,0.8003,3.6174,1.447,UI0000610,FAC0017,2024,9806,2186.21,60,3962,1248,5883.6,0.3689,471.17,6206.43,I-REC
BANK01,2024,2024-11,0.7668,3.5986,1.0796,UI0000611,FAC0017,2024,9755,2270.74,70,3796,1511,6828.5,0.3689,491.07,5007.98,GO
BANK01,2024,2024-12,1.067,4.3206,2.5923,UI0000612,FAC0017,2024,11712,2227.66,40,5282,1828,4684.8,0.3689,448.32,6871.39,GO
BANK01,2022,2022-01,2.3824,8.8092,7.0474,UI0000613,FAC0018,2022,22507,5498.75,20,11794,1255,4501.4,0.3914,1035.91,5226.1,I-REC
BANK01,2022,2022-02,2.2778,9.4997,6.6498,UI0000614,FAC0018,2022,24271,5112.37,30,11276,1778,7281.3,0.3914,964.01,6511.14,I-REC
BANK01,2022,2022-03,1.4944,6.3849,5.1079,UI0000615,FAC0018,2022,16313,4405.18,20,7398,2066,3262.6,0.3914,979.97,9664.46,GO
BANK01,2022,2022-04,1.5701,6.3172,3.1586,UI0000616,FAC0018,2022,16140,4058.58,50,7773,1864,8070.0,0.3914,676.32,6156.67,I-REC
BANK01,2022,2022-05,1.5186,7.5071,5.2549,UI0000617,FAC0018,2022,19180,5586.0,30,7518,1536,5754.0,0.3914,850.58,4627.95,GO
BANK01,2022,2022-06,1.9556,9.1642,4.5821,UI0000618,FAC0018,2022,23414,5309.63,50,9681,2319,11707.0,0.3914,1271.62,9566.21,I-REC
BANK01,2022,2022-07,2.04,8.9834,6.2884,UI0000619,FAC0018,2022,22952,4413.25,30,10099,1442,6885.6,0.3914,1126.44,6037.93,GO
BANK01,2022,2022-08,1.8881,8.3611,5.8528,UI0000620,FAC0018,2022,21362,5098.49,30,9347,1070,6408.6,0.3914,1180.41,3593.45,I-REC
BANK01,2022,2022-09,1.719,6.2644,3.7586,UI0000621,FAC0018,2022,16005,4047.54,40,8510,1623,6402.0,0.3914,642.01,6368.47,GO
BANK01,2022,2022-10,1.4974,6.8965,5.5172,UI0000622,FAC0018,2022,17620,5409.8,20,7413,1809,3524.0,0.3914,578.34,8325.57,I-REC
BANK01,2022,2022-11,1.5641,7.4221,5.9377,UI0000623,FAC0018,2022,18963,3893.68,20,7743,2019,3792.6,0.3914,775.86,9923.12,I-REC
BANK01,2022,2022-12,2.3367,8.52,5.964,UI0000624,FAC0018,2022,21768,4124.02,30,11568,1983,6530.4,0.3914,1544.13,8028.9,I-REC
BANK01,2023,2023-01,2.1939,8.1514,5.706,UI0000625,FAC0018,2023,21451,5922.52,30,10861,1665,6435.3,0.38,1190.24,6439.34,I-REC
BANK01,2023,2023-02,2.1636,9.2944,4.6472,UI0000626,FAC0018,2023,24459,5540.56,50,10711,1292,12229.5,0.38,1162.59,5763.17,GO
BANK01,2023,2023-03,1.6441,7.1132,2.8453,UI0000627,FAC0018,2023,18719,3808.33,60,8139,1631,11231.4,0.38,963.26,6138.17,I-REC
BANK01,2023,2023-04,1.6895,6.6321,3.3161,UI0000628,FAC0018,2023,17453,5382.57,50,8364,2017,8726.5,0.38,865.78,9139.38,I-REC
BANK01,2023,2023-05,1.7378,6.8734,2.7494,UI0000629,FAC0018,2023,18088,4797.15,60,8603,1098,10852.8,0.38,695.3,5289.32,GO
BANK01,2023,2023-06,1.8523,8.0461,4.0231,UI0000630,FAC0018,2023,21174,6661.39,50,9170,1692,10587.0,0.38,841.53,5256.77,GO
BANK01,2023,2023-07,1.9877,7.426,2.9704,UI0000631,FAC0018,2023,19542,3962.18,60,9840,1234,11725.2,0.38,725.98,5062.36,I-REC
BANK01,2023,2023-08,1.9966,8.265,4.959,UI0000632,FAC0018,2023,21750,4326.9,40,9884,1848,8700.0,0.38,1346.06,5762.65,I-REC
BANK01,2023,2023-09,1.5499,6.0663,3.6398,UI0000633,FAC0018,2023,15964,4507.59,40,7673,2335,6385.6,0.38,1033.7,11022.39,I-REC
BANK01,2023,2023-10,1.4811,6.9377,3.4688,UI0000634,FAC0018,2023,18257,4761.76,50,7332,2317,9128.5,0.38,877.92,10199.9,I-REC
BANK01,2023,2023-11,1.6982,6.8389,4.1033,UI0000635,FAC0018,2023,17997,3330.46,40,8407,1996,7198.8,0.38,710.81,6190.43,GO
BANK01,2023,2023-12,2.247,9.584,5.7504,UI0000636,FAC0018,2023,25221,5000.87,40,11124,1302,10088.4,0.38,1120.45,4841.29,I-REC
BANK01,2024,2024-01,2.202,9.1067,3.6427,UI0000637,FAC0018,2024,24686,6924.41,60,10901,1147,14811.6,0.3689,794.68,5223.08,I-REC
BANK01,2024,2024-02,1.9469,7.7653,4.6592,UI0000638,FAC0018,2024,21050,4988.89,40,9638,1459,8420.0,0.3689,941.74,4385.42,I-REC
BANK01,2024,2024-03,1.4485,6.8977,3.4488,UI0000639,FAC0018,2024,18698,5812.95,50,7171,1969,9349.0,0.3689,722.82,7716.9,GO
BANK01,2024,2024-04,1.6162,6.1603,3.0801,UI0000640,FAC0018,2024,16699,3314.46,50,8001,1829,8349.5,0.3689,599.86,5570.83,I-REC
BANK01,2024,2024-05,1.6204,5.8633,3.518,UI0000641,FAC0018,2024,15894,3906.03,40,8022,1567,6357.6,0.3689,773.87,6606.84,GO
BANK01,2024,2024-06,1.8101,8.2405,4.1202,UI0000642,FAC0018,2024,22338,4394.03,50,8961,2015,11169.0,0.3689,1119.78,7107.59,I-REC
BANK01,2024,2024-07,2.0364,8.2121,4.9272,UI0000643,FAC0018,2024,22261,5939.51,40,10081,2112,8904.4,0.3689,982.21,6973.13,I-REC
BANK01,2024,2024-08,2.0856,7.0423,2.1127,UI0000644,FAC0018,2024,19090,4737.35,70,10325,2270,13363.0,0.3689,1084.91,8475.69,I-REC
BANK01,2024,2024-09,1.5475,6.3606,1.9082,UI0000645,FAC0018,2024,17242,4215.16,70,7661,2139,12069.4,0.3689,940.16,10228.38,GO
BANK01,2024,2024-10,1.653,6.1418,3.6851,UI0000646,FAC0018,2024,16649,4326.17,40,8183,2258,6659.6,0.3689,1033.45,8409.02,I-REC
BANK01,2024,2024-11,1.6152,5.7357,2.2943,UI0000647,FAC0018,2024,15548,3452.75,60,7996,2055,9328.8,0.3689,579.97,10132.43,GO
BANK01,2024,2024-12,1.9903,8.2029,4.1014,UI0000648,FAC0018,2024,22236,6235.4,50,9853,1419,11118.0,0.3689,1081.16,5232.68,GO
BANK01,2022,2022-01,4.4125,17.4283,12.1998,UI0000649,FAC0019,2022,44528,8822.18,30,21844,1809,13358.4,0.3914,1787.41,5914.31,I-REC
BANK01,2022,2022-02,3.9915,19.532,13.6724,UI0000650,FAC0019,2022,49903,10769.15,30,19760,2062,14970.9,0.3914,2470.16,8930.38,GO
BANK01,2022,2022-03,3.3964,14.7515,8.8509,UI0000651,FAC0019,2022,37689,8190.49,40,16814,3334,15075.6,0.3914,1355.06,14530.76,I-REC
BANK01,2022,2022-04,3.33,14.562,7.281,UI0000652,FAC0019,2022,37205,11640.7,50,16485,3362,18602.5,0.3914,1839.53,14707.02,GO
BANK01,2022,2022-05,3.3213,12.5154,8.7608,UI0000653,FAC0019,2022,31976,8998.36,30,16442,2283,9592.8,0.3914,2195.35,10096.41,GO
BANK01,2022,2022-06,4.0182,17.159,12.0113,UI0000654,FAC0019,2022,43840,9124.94,30,19892,2229,13152.0,0.3914,1864.25,7754.34,GO
BANK01,2022,2022-07,4.3311,15.4157,7.7078,UI0000655,FAC0019,2022,39386,12460.75,50,21441,3430,19693.0,0.3914,1781.02,12798.24,I-REC
BANK01,2022,2022-08,3.9871,15.1617,9.097,UI0000656,FAC0019,2022,38737,12120.53,40,19738,1923,15494.8,0.3914,2693.36,5902.59,GO
BANK01,2022,2022-09,2.9678,14.1248,8.4749,UI0000657,FAC0019,2022,36088,10781.92,40,14692,2872,14435.2,0.3914,1572.49,10946.16,I-REC
BANK01,2022,2022-10,3.3835,13.2657,6.6329,UI0000658,FAC0019,2022,33893,9794.08,50,16750,2208,16946.5,0.3914,1630.25,9670.28,GO
BANK01,2022,2022-11,3.2413,14.0857,7.0429,UI0000659,FAC0019,2022,35988,9434.46,50,16046,3049,17994.0,0.3914,2128.41,14010.08,GO
BANK01,2022,2022-12,4.5575,17.3046,10.3827,UI0000660,FAC0019,2022,44212,13819.72,40,22562,3257,17684.8,0.3914,2148.68,11333.9,I-REC
BANK01,2023,2023-01,4.2123,16.8184,6.7274,UI0000661,FAC0019,2023,44259,10362.46,60,20853,3169,26555.4,0.38,2522.57,14431.12,I-REC
BANK01,2023,2023-02,4.4957,16.8583,8.4292,UI0000662,FAC0019,2023,44364,8771.04,50,22256,2329,22182.0,0.38,1833.8,8317.1,GO
BANK01,2023,2023-03,3.3025,11.7108,5.8554,UI0000663,FAC0019,2023,30818,9539.44,50,16349,1495,15409.0,0.38,2216.59,7227.02,I-REC
BANK01,2023,2023-04,2.9149,12.4469,4.9788,UI0000664,FAC0019,2023,32755,8628.72,60,14430,2153,19653.0,0.38,1336.46,10506.43,GO
BANK01,2023,2023-05,3.1114,13.1446,7.8867,UI0000665,FAC0019,2023,34591,6772.84,40,15403,3144,13836.4,0.38,2073.01,9517.18,I-REC
BANK01,2023,2023-06,3.7089,16.9974,11.8982,UI0000666,FAC0019,2023,44730,9715.24,30,18361,1951,13419.0,0.38,1779.85,9494.05,I-REC
BANK01,2023,2023-07,4.2693,15.1483,9.089,UI0000667,FAC0019,2023,39864,8558.55,40,21135,3360,15945.6,0.38,2806.9,16403.24,I-REC
BANK01,2023,2023-08,3.7283,16.8279,8.414,UI0000668,FAC0019,2023,44284,9294.71,50,18457,2104,22142.0,0.38,2337.98,8217.4,GO
BANK01,2023,2023-09,3.277,12.7224,8.9057,UI0000669,FAC0019,2023,33480,10531.04,30,16223,2382,10044.0,0.38,1908.59,7232.09,GO
BANK01,2023,2023-10,3.2952,13.037,6.5185,UI0000670,FAC0019,2023,34308,10593.12,50,16313,1720,17154.0,0.38,1304.16,5573.65,I-REC
BANK01,2023,2023-11,3.208,12.6076,6.3038,UI0000671,FAC0019,2023,33178,7450.68,50,15881,1661,16589.0,0.38,1344.14,7692.57,I-REC
BANK01,2023,2023-12,4.4383,17.8102,7.1241,UI0000672,FAC0019,2023,46869,10140.89,60,21972,1827,28121.4,0.38,2836.36,7857.88,I-REC
BANK01,2024,2024-01,3.7764,17.0122,8.5061,UI0000673,FAC0019,2024,46116,13915.83,50,18695,2460,23058.0,0.3689,2530.61,10709.39,I-REC
BANK01,2024,2024-02,4.0772,17.0542,8.5271,UI0000674,FAC0019,2024,46230,9761.88,50,20184,2152,23115.0,0.3689,2041.2,8405.57,GO
BANK01,2024,2024-03,3.0512,12.5094,6.2547,UI0000675,FAC0019,2024,33910,7029.44,50,15105,2118,16955.0,0.3689,1060.95,7534.39,GO
BANK01,2024,2024-04,3.3172,11.2396,4.4959,UI0000676,FAC0019,2024,30468,8961.88,60,16422,3303,18280.8,0.3689,2084.89,16068.63,GO
BANK01,2024,2024-05,3.3795,11.2419,6.7451,UI0000677,FAC0019,2024,30474,5640.47,40,16730,2204,12189.6,0.3689,2249.42,8744.79,GO
BANK01,2024,2024-06,3.9798,15.6056,7.8028,UI0000678,FAC0019,2024,42303,9508.46,50,19702,1609,21151.5,0.3689,2292.91,7869.18,GO
BANK01,2024,2024-07,3.4447,13.912,8.3472,UI0000679,FAC0019,2024,37712,10849.5,40,17053,2073,15084.8,0.3689,1453.48,7869.09,GO
BANK01,2024,2024-08,3.9529,15.9782,7.9891,UI0000680,FAC0019,2024,43313,13304.91,50,19569,2454,21656.5,0.3689,1641.69,8334.35,I-REC
BANK01,2024,2024-09,3.0205,12.6204,3.7861,UI0000681,FAC0019,2024,34211,7000.99,70,14953,1783,23947.7,0.3689,1801.23,7491.93,I-REC
BANK01,2024,2024-10,3.2542,11.5466,5.7733,UI0000682,FAC0019,2024,31300,7141.27,50,16110,3167,15650.0,0.3689,1938.67,15621.93,GO
BANK01,2024,2024-11,3.3583,11.9549,5.9775,UI0000683,FAC0019,2024,32407,9959.85,50,16625,2779,16203.5,0.3689,1336.4,9175.01,GO
BANK01,2024,2024-12,4.4123,17.0598,8.5299,UI0000684,FAC0019,2024,46245,14109.67,50,21843,1926,23122.5,0.3689,2451.6,6449.43,I-REC
BANK01,2022,2022-01,5.7273,21.5043,15.053,UI0000685,FAC0020,2022,54942,15903.52,30,28353,896,16482.6,0.3914,2432.27,3094.13,I-REC
BANK01,2022,2022-02,5.3576,22.1309,11.0655,UI0000686,FAC0020,2022,56543,13321.16,50,26523,1071,28271.5,0.3914,3541.29,4393.73,I-REC
BANK01,2022,2022-03,4.0216,16.7069,8.3535,UI0000687,FAC0020,2022,42685,12391.78,50,19909,709,21342.5,0.3914,1561.97,2844.03,I-REC
BANK01,2022,2022-04,4.2961,15.694,12.5552,UI0000688,FAC0020,2022,40097,7296.95,20,21268,704,8019.4,0.3914,1674.38,2670.17,I-REC
BANK01,2022,2022-05,4.2895,16.3535,11.4474,UI0000689,FAC0020,2022,41782,12744.04,30,21235,979,12534.6,0.3914,2316.3,4033.91,I-REC
BANK01,2022,2022-06,5.1062,22.4898,11.2449,UI0000690,FAC0020,2022,57460,15702.15,50,25278,1066,28730.0,0.3914,3259.02,4124.87,I-REC
BANK01,2022,2022-07,4.6706,21.4421,10.721,UI0000691,FAC0020,2022,54783,13530.67,50,23122,1001,27391.5,0.3914,2143.45,4512.01,I-REC
BANK01,2022,2022-08,4.6193,19.0686,13.348,UI0000692,FAC0020,2022,48719,15468.35,30,22868,1070,14615.7,0.3914,3173.46,3513.1,I-REC
BANK01,2022,2022-09,4.1826,15.7038,12.563,UI0000693,FAC0020,2022,40122,11459.38,20,20706,477,8024.4,0.3914,1872.7,2382.27,GO
BANK01,2022,2022-10,4.4058,16.3261,11.4283,UI0000694,FAC0020,2022,41712,11697.28,30,21811,1000,12513.6,0.3914,2542.08,4370.66,I-REC
BANK01,2022,2022-11,3.7546,18.0584,9.0292,UI0000695,FAC0020,2022,46138,8674.05,50,18587,1063,23069.0,0.3914,1539.24,5077.8,GO
BANK01,2022,2022-12,5.176,24.6735,19.7388,UI0000696,FAC0020,2022,63039,19291.86,20,25624,698,12607.8,0.3914,2228.19,3346.34,GO
BANK01,2023,2023-01,5.2207,22.6104,15.8273,UI0000697,FAC0020,2023,59501,17833.15,30,25845,963,17850.3,0.38,2016.73,2995.74,GO
BANK01,2023,2023-02,5.55,20.9285,12.5571,UI0000698,FAC0020,2023,55075,9962.18,40,27475,638,22030.0,0.38,3209.91,2206.35,GO
BANK01,2023,2023-03,3.7786,16.2157,8.1079,UI0000699,FAC0020,2023,42673,8568.29,50,18706,542,21336.5,0.38,2472.81,1703.76,GO
BANK01,2023,2023-04,3.6762,16.9077,8.4539,UI0000700,FAC0020,2023,44494,12144.9,50,18199,878,22247.0,0.38,1565.96,4088.27,I-REC
BANK01,2023,2023-05,3.8263,15.9421,7.9711,UI0000701,FAC0020,2023,41953,12195.97,50,18942,506,20976.5,0.38,1385.65,1840.24,GO
BANK01,2023,2023-06,5.0936,19.8577,13.9004,UI0000702,FAC0020,2023,52257,12100.64,30,25216,1049,15677.1,0.38,2520.8,4658.36,GO
BANK01,2023,2023-07,4.8696,17.9117,8.9558,UI0000703,FAC0020,2023,47136,10661.82,50,24107,1038,23568.0,0.38,2145.84,4296.44,I-REC
BANK01,2023,2023-08,4.8791,20.2567,12.154,UI0000704,FAC0020,2023,53307,14005.39,40,24154,700,21322.8,0.38,2453.08,2795.31,GO
BANK01,2023,2023-09,3.5863,17.0042,10.2025,UI0000705,FAC0020,2023,44748,8168.41,40,17754,966,17899.2,0.38,1452.47,4784.39,GO
BANK01,2023,2023-10,3.5948,16.5612,6.6245,UI0000706,FAC0020,2023,43582,8431.08,60,17796,1006,26149.2,0.38,2153.81,3198.69,GO
BANK01,2023,2023-11,4.2788,15.4098,6.1639,UI0000707,FAC0020,2023,40552,12442.62,60,21182,822,24331.2,0.38,2402.49,3226.77,I-REC
BANK01,2023,2023-12,5.1944,21.6535,8.6614,UI0000708,FAC0020,2023,56983,11977.07,60,25715,489,34189.8,0.38,2097.01,1946.76,GO
BANK01,2024,2024-01,4.7062,20.2648,10.1324,UI0000709,FAC0020,2024,54933,10901.96,50,23298,841,27466.5,0.3689,2694.24,3658.27,GO
BANK01,2024,2024-02,5.6097,18.4122,5.5237,UI0000710,FAC0020,2024,49911,13517.13,70,27771,899,34937.7,0.3689,2761.13,3123.54,I-REC
BANK01,2024,2024-03,3.6285,15.6668,6.2667,UI0000711,FAC0020,2024,42469,8851.48,60,17963,859,25481.4,0.3689,2015.15,3659.28,GO
BANK01,2024,2024-04,3.7061,14.8884,5.9554,UI0000712,FAC0020,2024,40359,8291.21,60,18347,486,24215.4,0.3689,1444.43,1502.4,I-REC
BANK01,2024,2024-05,3.5215,14.092,5.6368,UI0000713,FAC0020,2024,38200,9476.68,60,17433,990,22920.0,0.3689,1681.75,4936.51,I-REC
BANK01,2024,2024-06,4.6684,18.8711,5.6613,UI0000714,FAC0020,2024,51155,9257.23,70,23111,1040,35808.5,0.3689,1698.56,3411.78,I-REC
BANK01,2024,2024-07,4.6761,20.381,6.1143,UI0000715,FAC0020,2024,55248,13784.25,70,23149,657,38673.6,0.3689,2102.9,2559.44,GO
BANK01,2024,2024-08,4.5305,18.4502,5.535,UI0000716,FAC0020,2024,50014,14717.63,70,22428,1052,35009.8,0.3689,2175.43,3887.26,I-REC
BANK01,2024,2024-09,3.4942,15.8291,9.4975,UI0000717,FAC0020,2024,42909,7862.11,40,17298,1000,17163.6,0.3689,1506.63,3629.47,GO
BANK01,2024,2024-10,3.6217,14.3956,4.3187,UI0000718,FAC0020,2024,39023,12351.06,70,17929,833,27316.1,0.3689,1964.18,3526.02,I-REC
BANK01,2024,2024-11,3.8083,16.6592,6.6637,UI0000719,FAC0020,2024,45159,8997.0,60,18853,535,27095.4,0.3689,2238.16,1843.33,I-REC
BANK01,2024,2024-12,5.3381,19.1345,11.4807,UI0000720,FAC0020,2024,51869,10638.05,40,26426,836,20747.6,0.3689,2496.82,2778.05,GO
BANK01,2022,2022-01,12.563,32.916,19.7496,UI0000721,FAC0021,2022,127829,27210.69,40,62193,1695,51131.6,0.2575,4694.66,6149.51,I-REC
BANK01,2022,2022-02,12.8468,33.826,20.2956,UI0000722,FAC0021,2022,131363,34895.45,40,63598,2835,52545.2,0.2575,6004.14,10102.2,GO
BANK01,2022,2022-03,9.1047,27.3159,16.3895,UI0000723,FAC0021,2022,106081,32084.44,40,45073,3052,42432.4,0.2575,6127.53,10939.34,I-REC
BANK01,2022,2022-04,9.9889,25.0063,15.0038,UI0000724,FAC0021,2022,97112,25800.54,40,49450,2721,38844.8,0.2575,4830.6,13213.19,GO
BANK01,2022,2022-05,10.0731,26.9536,16.1721,UI0000725,FAC0021,2022,104674,22882.82,40,49867,1759,41869.6,0.2575,5064.61,6073.53,GO
BANK01,2022,2022-06,12.6026,34.8325,24.3828,UI0000726,FAC0021,2022,135272,27115.89,30,62389,1796,40581.6,0.2575,4575.74,6566.85,GO
BANK01,2022,2022-07,11.9659,31.8497,22.2948,UI0000727,FAC0021,2022,123688,39378.03,30,59237,2174,37106.4,0.2575,6920.69,8840.26,GO
BANK01,2022,2022-08,11.7711,34.118,20.4708,UI0000728,FAC0021,2022,132497,25699.95,40,58273,2850,52998.8,0.2575,4722.36,14063.83,I-REC
BANK01,2022,2022-09,10.0871,29.1178,23.2943,UI0000729,FAC0021,2022,113079,31297.79,20,49936,2119,22615.8,0.2575,3898.01,8385.89,GO
BANK01,2022,2022-10,9.256,24.0631,14.4379,UI0000730,FAC0021,2022,93449,19342.1,40,45822,2922,37379.6,0.2575,5229.24,13349.85,GO
BANK01,2022,2022-11,9.5356,25.7961,18.0573,UI0000731,FAC0021,2022,100179,18555.25,30,47206,2367,30053.7,0.2575,3338.0,8529.59,I-REC
BANK01,2022,2022-12,13.6744,35.7801,28.6241,UI0000732,FAC0021,2022,138952,27897.87,20,67695,2005,27790.4,0.2575,7633.67,8286.96,I-REC
BANK01,2023,2023-01,11.6299,35.765,17.8825,UI0000733,FAC0021,2023,143060,27886.55,50,57574,2635,71530.0,0.25,7168.82,8980.29,I-REC
BANK01,2023,2023-02,12.1107,36.0393,18.0196,UI0000734,FAC0021,2023,144157,36619.78,50,59954,2026,72078.5,0.25,6693.47,6849.15,I-REC
BANK01,2023,2023-03,9.6368,25.6112,17.9279,UI0000735,FAC0021,2023,102445,26405.49,30,47707,2817,30733.5,0.25,4776.29,12992.93,GO
BANK01,2023,2023-04,9.6021,27.3265,13.6632,UI0000736,FAC0021,2023,109306,30476.07,50,47535,3002,54653.0,0.25,5166.03,10141.67,I-REC
BANK01,2023,2023-05,9.2019,26.1827,18.3279,UI0000737,FAC0021,2023,104731,22118.68,30,45554,1721,31419.3,0.25,4917.23,6439.94,I-REC
BANK01,2023,2023-06,11.0173,33.1668,13.2667,UI0000738,FAC0021,2023,132667,26806.69,60,54541,1654,79600.2,0.25,6378.7,5411.0,GO
BANK01,2023,2023-07,10.7836,33.0003,19.8002,UI0000739,FAC0021,2023,132001,28659.69,40,53384,2140,52800.4,0.25,4513.82,6881.3,I-REC
BANK01,2023,2023-08,11.8594,29.5715,11.8286,UI0000740,FAC0021,2023,118286,29644.94,60,58710,2595,70971.6,0.25,6958.32,11942.17,I-REC
BANK01,2023,2023-09,10.0006,24.6735,17.2715,UI0000741,FAC0021,2023,98694,25394.33,30,49508,2802,29608.2,0.25,6590.13,13727.23,I-REC
BANK01,2023,2023-10,9.7869,24.258,12.129,UI0000742,FAC0021,2023,97032,22647.28,50,48450,1579,48516.0,0.25,5367.27,4895.29,GO
BANK01,2023,2023-11,9.6853,27.142,10.8568,UI0000743,FAC0021,2023,108568,26201.97,60,47947,2475,65140.8,0.25,4316.34,9730.79,GO
BANK01,2023,2023-12,11.3696,31.501,15.7505,UI0000744,FAC0021,2023,126004,23711.73,50,56285,1697,63002.0,0.25,4839.76,7785.63,I-REC
BANK01,2024,2024-01,13.376,34.1015,13.6406,UI0000745,FAC0021,2024,140509,33595.34,60,66218,1618,84305.4,0.2427,6203.56,6305.2,I-REC
BANK01,2024,2024-02,13.1916,30.9185,15.4593,UI0000746,FAC0021,2024,127394,26479.59,50,65305,2963,63697.0,0.2427,5181.52,14779.54,GO
BANK01,2024,2024-03,8.7181,24.5639,12.282,UI0000747,FAC0021,2024,101211,22896.61,50,43159,1571,50605.5,0.2427,4754.1,5051.73,I-REC
BANK01,2024,2024-04,8.3058,22.5541,11.2771,UI0000748,FAC0021,2024,92930,20027.29,50,41118,1368,46465.0,0.2427,4226.57,4289.28,GO
BANK01,2024,2024-05,9.5221,24.893,7.4679,UI0000749,FAC0021,2024,102567,23706.11,70,47139,2087,71796.9,0.2427,5991.6,8087.29,GO
BANK01,2024,2024-06,11.8758,28.8699,11.548,UI0000750,FAC0021,2024,118953,33916.66,60,58791,2409,71371.8,0.2427,5412.49,11556.67,GO
BANK01,2024,2024-07,10.7549,26.7006,16.0204,UI0000751,FAC0021,2024,110015,21007.79,40,53242,1985,44006.0,0.2427,7094.27,9568.63,I-REC
BANK01,2024,2024-08,11.3811,30.6736,9.2021,UI0000752,FAC0021,2024,126385,25768.36,70,56342,1787,88469.5,0.2427,4058.49,6329.03,GO
BANK01,2024,2024-09,9.7469,25.975,10.39,UI0000753,FAC0021,2024,107025,26133.73,60,48252,1412,64215.0,0.2427,6574.74,6493.94,GO
BANK01,2024,2024-10,9.7556,25.4551,15.2731,UI0000754,FAC0021,2024,104883,20213.2,40,48295,2954,41953.2,0.2427,5806.94,14519.57,GO
BANK01,2024,2024-11,8.5313,24.7476,9.8991,UI0000755,FAC0021,2024,101968,19189.21,60,42234,1421,61180.8,0.2427,5363.83,6315.53,GO
BANK01,2024,2024-12,11.6859,34.6229,10.3869,UI0000756,FAC0021,2024,142657,40250.76,70,57851,2894,99859.9,0.2427,7930.85,13495.86,GO
BANK01,2022,2022-01,10.0438,40.8539,24.5124,UI0000757,FAC0022,2022,104379,24836.86,40,49722,144,41751.6,0.3914,5646.48,671.73,GO
BANK01,2022,2022-02,9.1575,44.6255,22.3127,UI0000758,FAC0022,2022,114015,26265.24,50,45334,118,57007.5,0.3914,4892.16,480.69,I-REC
BANK01,2022,2022-03,6.826,33.3755,23.3628,UI0000759,FAC0022,2022,85272,19401.68,30,33792,166,25581.6,0.3914,4428.6,519.28,GO
BANK01,2022,2022-04,7.4782,28.6654,17.1992,UI0000760,FAC0022,2022,73238,17133.21,40,37021,180,29295.2,0.3914,4556.45,641.43,I-REC
BANK01,2022,2022-05,7.3437,29.2763,20.4934,UI0000761,FAC0022,2022,74799,18547.57,30,36355,173,22439.7,0.3914,4140.98,675.17,GO
BANK01,2022,2022-06,8.2034,39.6555,27.7588,UI0000762,FAC0022,2022,101317,19436.16,30,40611,109,30395.1,0.3914,5626.77,352.99,I-REC
BANK01,2022,2022-07,8.9872,37.311,22.3866,UI0000763,FAC0022,2022,95327,30271.36,40,44491,114,38130.8,0.3914,4835.99,526.07,I-REC
BANK01,2022,2022-08,8.1562,39.4547,31.5637,UI0000764,FAC0022,2022,100804,24557.67,20,40377,193,20160.8,0.3914,2966.25,897.21,I-REC
BANK01,2022,2022-09,6.6529,29.5018,20.6512,UI0000765,FAC0022,2022,75375,19880.68,30,32935,160,22612.5,0.3914,3118.17,668.08,GO
BANK01,2022,2022-10,6.9692,31.5218,18.9131,UI0000766,FAC0022,2022,80536,22786.1,40,34501,128,32214.4,0.3914,4582.35,412.0,GO
BANK01,2022,2022-11,6.8573,28.3358,14.1679,UI0000767,FAC0022,2022,72396,20617.03,50,33947,192,36198.0,0.3914,2969.82,790.1,GO
BANK01,2022,2022-12,8.8419,38.4363,26.9054,UI0000768,FAC0022,2022,98202,19660.81,30,43772,186,29460.6,0.3914,4215.14,698.2,I-REC
BANK01,2023,2023-01,10.178,37.6538,15.0615,UI0000769,FAC0022,2023,99089,29627.57,60,50386,156,59453.4,0.38,4205.47,528.93,GO
BANK01,2023,2023-02,9.9507,40.899,24.5394,UI0000770,FAC0022,2023,107629,34082.09,40,49261,182,43051.6,0.38,4463.54,707.19,I-REC
BANK01,2023,2023-03,6.4945,31.6635,12.6654,UI0000771,FAC0022,2023,83325,20931.28,60,32151,145,49995.0,0.38,3556.15,530.87,I-REC
BANK01,2023,2023-04,6.4979,27.9501,13.9751,UI0000772,FAC0022,2023,73553,19560.61,50,32168,106,36776.5,0.38,3101.85,425.59,GO
BANK01,2023,2023-05,7.3478,28.4096,17.0457,UI0000773,FAC0022,2023,74762,21705.14,40,36375,188,29904.8,0.38,3687.47,660.77,I-REC
BANK01,2023,2023-06,8.2244,37.2476,22.3486,UI0000774,FAC0022,2023,98020,19838.68,40,40715,137,39208.0,0.38,5351.39,614.06,I-REC
BANK01,2023,2023-07,8.3761,35.1861,14.0744,UI0000775,FAC0022,2023,92595,22813.85,60,41466,139,55557.0,0.38,5209.59,461.48,GO
BANK01,2023,2023-08,8.1751,34.7894,13.9158,UI0000776,FAC0022,2023,91551,20956.07,60,40471,136,54930.6,0.38,3070.13,628.19,GO
BANK01,2023,2023-09,7.4081,27.1468,16.2881,UI0000777,FAC0022,2023,71439,14368.33,40,36674,153,28575.6,0.38,3300.98,480.83,GO
BANK01,2023,2023-10,7.8406,31.7764,19.0658,UI0000778,FAC0022,2023,83622,15544.14,40,38815,176,33448.8,0.38,4323.95,639.16,I-REC
BANK01,2023,2023-11,7.3039,30.2575,18.1545,UI0000779,FAC0022,2023,79625,19496.83,40,36158,114,31850.0,0.38,4353.93,377.15,GO
BANK01,2023,2023-12,10.2081,38.342,23.0052,UI0000780,FAC0022,2023,100900,18765.82,40,50535,171,40360.0,0.38,4871.01,627.65,I-REC
BANK01,2024,2024-01,9.4174,35.3672,14.1469,UI0000781,FAC0022,2024,95872,18560.19,60,46621,162,57523.2,0.3689,3931.71,520.66,GO
BANK01,2024,2024-02,9.8794,38.3066,15.3226,UI0000782,FAC0022,2024,103840,27034.28,60,48908,92,62304.0,0.3689,6339.3,317.3,I-REC
BANK01,2024,2024-03,6.4291,29.8492,14.9246,UI0000783,FAC0022,2024,80914,24198.99,50,31827,162,40457.0,0.3689,2438.12,754.54,I-REC
BANK01,2024,2024-04,6.8627,29.4401,17.664,UI0000784,FAC0022,2024,79805,22311.25,40,33974,121,31922.0,0.3689,3658.42,573.47,GO
BANK01,2024,2024-05,7.0932,28.1098,11.2439,UI0000785,FAC0022,2024,76199,23248.93,60,35115,202,45719.4,0.3689,2713.64,841.47,GO
BANK01,2024,2024-06,8.1984,34.2704,10.2811,UI0000786,FAC0022,2024,92899,20744.58,70,40586,149,65029.3,0.3689,3709.22,486.8,GO
BANK01,2024,2024-07,7.7487,36.3547,18.1774,UI0000787,FAC0022,2024,98549,25603.27,50,38360,179,49274.5,0.3689,4034.45,870.81,GO
BANK01,2024,2024-08,8.65,33.6669,13.4668,UI0000788,FAC0022,2024,91263,23081.26,60,42822,115,54757.8,0.3689,5323.45,565.75,GO
BANK01,2024,2024-09,6.7355,28.6355,11.4542,UI0000789,FAC0022,2024,77624,22395.29,60,33344,188,46574.4,0.3689,2611.26,727.69,I-REC
BANK01,2024,2024-10,6.7559,25.8016,12.9008,UI0000790,FAC0022,2024,69942,19589.37,50,33445,108,34971.0,0.3689,3362.17,355.28,GO
BANK01,2024,2024-11,6.5963,25.4995,15.2997,UI0000791,FAC0022,2024,69123,12882.18,40,32655,122,27649.2,0.3689,2658.66,427.72,GO
BANK01,2024,2024-12,10.278,35.0532,10.516,UI0000792,FAC0022,2024,95021,29577.43,70,50881,120,66514.7,0.3689,6827.85,496.4,I-REC
BANK01,2022,2022-01,9.4086,39.47,19.735,UI0000793,FAC0023,2022,100843,20317.79,50,46577,786,50421.5,0.3914,5739.43,3282.54,GO
BANK01,2022,2022-02,8.9652,37.4985,29.9988,UI0000794,FAC0023,2022,95806,25986.06,20,44382,1241,19161.2,0.3914,4702.63,4217.32,GO
BANK01,2022,2022-03,5.9441,28.9037,14.4519,UI0000795,FAC0023,2022,73847,17657.91,50,29426,907,36923.5,0.3914,2102.95,3969.37,GO
BANK01,2022,2022-04,5.9206,25.7721,18.0405,UI0000796,FAC0023,2022,65846,18747.63,30,29310,707,19753.8,0.3914,3158.06,2394.46,GO
BANK01,2022,2022-05,7.0658,27.0305,21.6244,UI0000797,FAC0023,2022,69061,15589.09,20,34979,706,13812.2,0.3914,2887.94,2462.91,GO
BANK01,2022,2022-06,7.6106,33.9375,20.3625,UI0000798,FAC0023,2022,86708,22322.2,40,37676,1366,34683.2,0.3914,3064.14,5239.78,GO
BANK01,2022,2022-07,7.5075,35.8327,28.6661,UI0000799,FAC0023,2022,91550,17243.42,20,37166,1431,18310.0,0.3914,3637.34,6289.26,I-REC
BANK01,2022,2022-08,7.9681,31.4717,22.0302,UI0000800,FAC0023,2022,80408,24129.74,30,39446,1110,24122.4,0.3914,3250.81,4563.9,GO
BANK01,2022,2022-09,7.0777,29.755,14.8775,UI0000801,FAC0023,2022,76022,20848.61,50,35038,1171,38011.0,0.3914,4617.78,3990.41,I-REC
BANK01,2022,2022-10,6.4537,29.3413,17.6048,UI0000802,FAC0023,2022,74965,20158.09,40,31949,1401,29986.0,0.3914,4211.81,6902.66,I-REC
BANK01,2022,2022-11,6.9042,29.885,20.9195,UI0000803,FAC0023,2022,76354,17994.42,30,34179,1421,22906.2,0.3914,2643.16,5496.58,I-REC
BANK01,2022,2022-12,9.2528,35.3685,28.2948,UI0000804,FAC0023,2022,90364,18667.58,20,45806,703,18072.8,0.3914,5334.92,3221.29,I-REC
BANK01,2023,2023-01,8.1202,32.9259,23.0481,UI0000805,FAC0023,2023,86647,23760.67,30,40199,1272,25994.1,0.38,5203.37,5675.89,GO
BANK01,2023,2023-02,9.2752,33.0847,23.1593,UI0000806,FAC0023,2023,87065,22111.87,30,45917,1134,26119.5,0.38,4259.98,5529.15,I-REC
BANK01,2023,2023-03,6.702,27.5055,11.0022,UI0000807,FAC0023,2023,72383,18024.9,60,33178,1082,43429.8,0.38,2543.03,3340.02,I-REC
BANK01,2023,2023-04,6.7317,27.6066,16.564,UI0000808,FAC0023,2023,72649,13140.63,40,33325,1475,29059.6,0.38,4429.55,6012.77,I-REC
BANK01,2023,2023-05,6.6426,24.1657,16.916,UI0000809,FAC0023,2023,63594,16977.3,30,32884,951,19078.2,0.38,3377.06,3698.62,I-REC
BANK01,2023,2023-06,7.8138,31.5218,22.0652,UI0000810,FAC0023,2023,82952,19023.22,30,38682,1173,24885.6,0.38,4314.57,4878.64,GO
BANK01,2023,2023-07,7.4772,32.3144,16.1572,UI0000811,FAC0023,2023,85038,23173.17,50,37016,1350,42519.0,0.38,3052.84,5874.0,GO
BANK01,2023,2023-08,8.3828,35.2511,14.1004,UI0000812,FAC0023,2023,92766,21592.39,60,41499,843,55659.6,0.38,4926.56,3914.85,I-REC
BANK01,2023,2023-09,6.7838,26.4423,13.2211,UI0000813,FAC0023,2023,69585,18124.42,50,33583,1274,34792.5,0.38,2572.26,4646.72,GO
BANK01,2023,2023-10,6.5943,24.7103,14.8262,UI0000814,FAC0023,2023,65027,14831.36,40,32645,1257,26010.8,0.38,2795.92,4456.89,I-REC
BANK01,2023,2023-11,6.6197,25.924,12.962,UI0000815,FAC0023,2023,68221,20747.59,50,32771,1417,34110.5,0.38,3622.94,5973.59,I-REC
BANK01,2023,2023-12,8.8106,34.6343,13.8537,UI0000816,FAC0023,2023,91143,21803.88,60,43617,836,54685.8,0.38,6071.15,3017.15,I-REC
BANK01,2024,2024-01,8.5448,35.0787,21.0472,UI0000817,FAC0023,2024,95090,24603.68,40,42301,1073,38036.0,0.3689,4599.27,4496.49,GO
BANK01,2024,2024-02,8.7226,32.0305,12.8122,UI0000818,FAC0023,2024,86827,23962.67,60,43181,941,52096.2,0.3689,5593.78,3357.91,I-REC
BANK01,2024,2024-03,6.8878,23.8667,9.5467,UI0000819,FAC0023,2024,64697,12664.84,60,34098,883,38818.2,0.3689,3489.69,3159.33,I-REC
BANK01,2024,2024-04,6.8755,24.779,7.4337,UI0000820,FAC0023,2024,67170,18984.3,70,34037,1023,47019.0,0.3689,3660.69,4159.96,I-REC
BANK01,2024,2024-05,6.0535,27.4724,16.4834,UI0000821,FAC0023,2024,74471,16169.96,40,29968,1249,29788.4,0.3689,2760.73,5726.25,I-REC
BANK01,2024,2024-06,7.9344,28.5042,17.1025,UI0000822,FAC0023,2024,77268,17441.97,40,39279,1457,30907.2,0.3689,3219.43,6806.21,GO
BANK01,2024,2024-07,7.1997,33.512,10.0536,UI0000823,FAC0023,2024,90843,16848.82,70,35642,833,63590.1,0.3689,3493.45,3420.09,GO
BANK01,2024,2024-08,6.9745,32.9937,13.1975,UI0000824,FAC0023,2024,89438,22793.25,60,34527,1212,53662.8,0.3689,3027.55,4896.68,GO
BANK01,2024,2024-09,5.6841,26.3376,13.1688,UI0000825,FAC0023,2024,71395,21596.33,50,28139,1523,35697.5,0.3689,3554.37,5573.81,GO
BANK01,2024,2024-10,6.7125,24.0135,7.2041,UI0000826,FAC0023,2024,65095,14103.98,70,33230,1218,45566.5,0.3689,4314.01,6077.44,I-REC
BANK01,2024,2024-11,6.2089,25.2538,15.1523,UI0000827,FAC0023,2024,68457,13753.89,40,30737,1512,27382.8,0.3689,4217.4,6919.83,I-REC
BANK01,2024,2024-12,7.6574,36.0832,14.4333,UI0000828,FAC0023,2024,97813,27468.68,60,37908,901,58687.8,0.3689,4669.66,3429.74,I-REC
BANK01,2022,2022-01,18.7426,56.9478,39.8634,UI0000829,FAC0024,2022,190652,34778.78,30,92785,633,57195.6,0.2987,12783.63,2351.51,GO
BANK01,2022,2022-02,17.6552,53.5996,37.5197,UI0000830,FAC0024,2022,179443,53037.16,30,87402,713,53832.9,0.2987,12106.26,3087.24,GO
BANK01,2022,2022-03,12.5509,45.2695,36.2156,UI0000831,FAC0024,2022,151555,37945.05,20,62133,563,30311.0,0.2987,6436.34,2500.86,I-REC
BANK01,2022,2022-04,12.0905,37.9077,18.9539,UI0000832,FAC0024,2022,126909,38446.59,50,59854,574,63454.5,0.2987,7556.88,1757.85,GO
BANK01,2022,2022-05,12.3149,43.0367,34.4294,UI0000833,FAC0024,2022,144080,26894.66,20,60965,528,28816.0,0.2987,5425.69,1896.18,GO
BANK01,2022,2022-06,15.2051,55.8674,44.6939,UI0000834,FAC0024,2022,187035,43967.3,20,75273,635,37407.0,0.2987,6714.21,2340.54,GO
BANK01,2022,2022-07,17.2859,50.457,30.2742,UI0000835,FAC0024,2022,168922,34304.15,40,85574,541,67568.8,0.2987,11620.94,2031.81,I-REC
BANK01,2022,2022-08,14.802,54.2036,32.5222,UI0000836,FAC0024,2022,181465,48193.38,40,73277,505,72586.0,0.2987,7366.77,1997.46,GO
BANK01,2022,2022-09,12.8947,40.3896,28.2727,UI0000837,FAC0024,2022,135218,26703.36,30,63835,436,40565.4,0.2987,4503.82,1513.72,GO
BANK01,2022,2022-10,13.4758,45.5601,36.4481,UI0000838,FAC0024,2022,152528,32977.59,20,66712,491,30505.6,0.2987,6104.9,2357.55,GO
BANK01,2022,2022-11,12.5361,40.2901,24.1741,UI0000839,FAC0024,2022,134885,35558.42,40,62060,722,53954.0,0.2987,6954.12,2637.12,I-REC
BANK01,2022,2022-12,18.5842,51.4033,35.9823,UI0000840,FAC0024,2022,172090,38506.1,30,92001,461,51627.0,0.2987,9589.9,1458.45,GO
BANK01,2023,2023-01,16.5327,49.3421,34.5394,UI0000841,FAC0024,2023,170145,34585.61,30,81845,516,51043.5,0.29,10478.04,2476.25,GO
BANK01,2023,2023-02,17.9283,48.4819,29.0891,UI0000842,FAC0024,2023,167179,52245.22,40,88754,538,66871.6,0.29,11993.89,1687.16,GO
BANK01,2023,2023-03,12.7569,41.6347,24.9808,UI0000843,FAC0024,2023,143568,38571.41,40,63153,786,57427.2,0.29,6468.89,2604.89,I-REC
BANK01,2023,2023-04,12.9205,42.0758,25.2455,UI0000844,FAC0024,2023,145089,38658.67,40,63963,609,58035.6,0.29,6965.44,2694.66,GO
BANK01,2023,2023-05,12.3782,38.4752,19.2376,UI0000845,FAC0024,2023,132673,27044.54,50,61278,438,66336.5,0.29,7899.89,1436.59,I-REC
BANK01,2023,2023-06,14.4287,52.2728,26.1364,UI0000846,FAC0024,2023,180251,44791.56,50,71429,407,90125.5,0.29,8074.79,1586.18,GO
BANK01,2023,2023-07,16.9838,44.426,31.0982,UI0000847,FAC0024,2023,153193,35365.86,30,84078,601,45957.9,0.29,9412.54,2113.51,GO
BANK01,2023,2023-08,14.9549,48.3215,24.1608,UI0000848,FAC0024,2023,166626,44890.38,50,74034,461,83313.0,0.29,7030.53,1513.14,I-REC
BANK01,2023,2023-09,12.9021,39.4101,19.7051,UI0000849,FAC0024,2023,135897,26594.89,50,63872,702,67948.5,0.29,8000.8,2753.59,GO
BANK01,2023,2023-10,12.3155,38.7559,15.5024,UI0000850,FAC0024,2023,133641,27786.83,60,60968,731,80184.6,0.29,5502.79,3510.7,GO
BANK01,2023,2023-11,12.4004,37.5333,26.2733,UI0000851,FAC0024,2023,129425,27323.48,30,61388,582,38827.5,0.29,4833.5,1999.49,I-REC
BANK01,2023,2023-12,18.0875,48.767,29.2602,UI0000852,FAC0024,2023,168162,49703.6,40,89542,676,67264.8,0.29,9534.57,2840.38,I-REC
BANK01,2024,2024-01,18.2246,47.4107,23.7054,UI0000853,FAC0024,2024,168362,49446.56,50,90221,594,84181.0,0.2816,9832.03,2200.92,I-REC
BANK01,2024,2024-02,16.907,47.3282,18.9313,UI0000854,FAC0024,2024,168069,49716.39,60,83698,445,100841.4,0.2816,8406.26,1616.21,I-REC
BANK01,2024,2024-03,11.7707,34.6495,13.8598,UI0000855,FAC0024,2024,123045,29186.66,60,58271,562,73827.0,0.2816,7471.58,1925.08,GO
BANK01,2024,2024-04,11.8835,36.6607,21.9964,UI0000856,FAC0024,2024,130187,25284.11,40,58829,734,52074.8,0.2816,6442.76,2359.63,I-REC
BANK01,2024,2024-05,12.5169,37.4007,11.2202,UI0000857,FAC0024,2024,132815,33139.86,70,61965,490,92970.5,0.2816,7526.61,1903.84,I-REC
BANK01,2024,2024-06,14.3281,45.2852,27.1711,UI0000858,FAC0024,2024,160814,51166.38,40,70931,733,64325.6,0.2816,6079.77,3391.79,I-REC
BANK01,2024,2024-07,15.6863,43.0358,12.9107,UI0000859,FAC0024,2024,152826,40968.78,70,77655,473,106978.2,0.2816,7773.33,2338.2,I-REC
BANK01,2024,2024-08,15.7017,44.9377,26.9626,UI0000860,FAC0024,2024,159580,44128.52,40,77731,623,63832.0,0.2816,6051.48,2532.2,GO
BANK01,2024,2024-09,12.5204,38.3821,19.191,UI0000861,FAC0024,2024,136300,40422.82,50,61982,624,68150.0,0.2816,7305.39,2296.8,I-REC
BANK01,2024,2024-10,11.5279,34.897,13.9588,UI0000862,FAC0024,2024,123924,38000.59,60,57069,632,74354.4,0.2816,4674.75,2268.64,GO
BANK01,2024,2024-11,13.6724,36.2771,14.5108,UI0000863,FAC0024,2024,128825,34357.04,60,67685,717,77295.0,0.2816,9187.66,3354.66,I-REC
BANK01,2024,2024-12,16.6204,51.7936,25.8968,UI0000864,FAC0024,2024,183926,47553.26,50,82279,527,91963.0,0.2816,10809.73,2449.38,I-REC
BANK01,2022,2022-01,0.9876,4.6279,2.7767,UI0000865,FAC0025,2022,11824,3376.85,40,4889,1104,4729.6,0.3914,385.49,4456.43,GO
BANK01,2022,2022-02,1.0415,3.9594,3.1675,UI0000866,FAC0025,2022,10116,2445.59,20,5156,702,2023.2,0.3914,571.63,3132.5,GO
BANK01,2022,2022-03,0.8278,3.2901,2.6321,UI0000867,FAC0025,2022,8406,2478.09,20,4098,1206,1681.2,0.3914,372.7,4921.56,GO
BANK01,2022,2022-04,0.8294,3.3097,2.6477,UI0000868,FAC0025,2022,8456,2069.16,20,4106,909,1691.2,0.3914,553.64,4091.61,I-REC
BANK01,2022,2022-05,0.8308,3.2384,1.9431,UI0000869,FAC0025,2022,8274,2428.62,40,4113,766,3309.6,0.3914,515.33,3515.64,GO
BANK01,2022,2022-06,0.9367,3.7042,1.8521,UI0000870,FAC0025,2022,9464,3004.69,50,4637,1228,4732.0,0.3914,358.61,4131.55,GO
BANK01,2022,2022-07,0.8492,3.7132,2.2279,UI0000871,FAC0025,2022,9487,2706.43,40,4204,966,3794.8,0.3914,544.1,3118.4,GO
BANK01,2022,2022-08,0.8898,3.6064,1.8032,UI0000872,FAC0025,2022,9214,2734.72,50,4405,1312,4607.0,0.3914,332.95,6416.36,GO
BANK01,2022,2022-09,0.6921,3.1148,2.1803,UI0000873,FAC0025,2022,7958,2360.94,30,3426,1188,2387.4,0.3914,346.61,4935.17,I-REC
BANK01,2022,2022-10,0.7129,3.1363,1.5681,UI0000874,FAC0025,2022,8013,2098.83,50,3529,1218,4006.5,0.3914,301.63,5576.78,I-REC
BANK01,2022,2022-11,0.8175,2.9555,2.3644,UI0000875,FAC0025,2022,7551,2156.84,20,4047,804,1510.2,0.3914,414.93,3616.4,I-REC
BANK01,2022,2022-12,1.0573,4.5238,2.2619,UI0000876,FAC0025,2022,11558,2112.76,50,5234,715,5779.0,0.3914,639.12,2319.26,I-REC
BANK01,2023,2023-01,1.0191,3.8733,2.324,UI0000877,FAC0025,2023,10193,3051.75,40,5045,575,4077.2,0.38,700.92,2078.48,I-REC
BANK01,2023,2023-02,0.9652,4.2043,1.6817,UI0000878,FAC0025,2023,11064,2056.98,60,4778,659,6638.4,0.38,354.22,2677.01,GO
BANK01,2023,2023-03,0.7963,3.2634,2.2844,UI0000879,FAC0025,2023,8588,1597.2,30,3942,1214,2576.4,0.38,366.38,5776.99,GO
BANK01,2023,2023-04,0.784,2.9404,2.0583,UI0000880,FAC0025,2023,7738,2374.09,30,3881,723,2321.4,0.38,525.05,3318.68,GO
BANK01,2023,2023-05,0.7074,3.0826,1.8495,UI0000881,FAC0025,2023,8112,2499.32,40,3502,1140,3244.8,0.38,264.47,4993.67,GO
BANK01,2023,2023-06,0.9369,3.7517,2.251,UI0000882,FAC0025,2023,9873,2265.38,40,4638,997,3949.2,0.38,583.89,3111.35,GO
BANK01,2023,2023-07,0.8882,3.3752,1.3501,UI0000883,FAC0025,2023,8882,1711.11,60,4397,810,5329.2,0.38,502.58,2902.88,GO
BANK01,2023,2023-08,0.8425,3.8684,1.5474,UI0000884,FAC0025,2023,10180,3001.65,60,4171,820,6108.0,0.38,361.87,3259.24,I-REC
BANK01,2023,2023-09,0.7286,2.8713,2.0099,UI0000885,FAC0025,2023,7556,1761.88,30,3607,1230,2266.8,0.38,314.63,6043.04,GO
BANK01,2023,2023-10,0.7757,3.1331,1.8799,UI0000886,FAC0025,2023,8245,2028.39,40,3840,1201,3298.0,0.38,317.64,3670.67,I-REC
BANK01,2023,2023-11,0.7658,2.8542,1.1417,UI0000887,FAC0025,2023,7511,1782.96,60,3791,1321,4506.6,0.38,356.42,4621.85,I-REC
BANK01,2023,2023-12,0.9185,3.8209,1.9104,UI0000888,FAC0025,2023,10055,1906.59,50,4547,1177,5027.5,0.38,542.62,4501.34,I-REC
BANK01,2024,2024-01,0.9046,3.5248,1.0575,UI0000889,FAC0025,2024,9555,3002.62,70,4478,1322,6688.5,0.3689,414.81,6323.51,I-REC
BANK01,2024,2024-02,1.0552,3.7576,1.503,UI0000890,FAC0025,2024,10186,2417.58,60,5224,1047,6111.6,0.3689,462.8,5183.31,I-REC
BANK01,2024,2024-03,0.6684,3.1847,1.9108,UI0000891,FAC0025,2024,8633,1717.55,40,3309,1073,3453.2,0.3689,458.66,3236.75,GO
BANK01,2024,2024-04,0.7248,2.7063,1.6238,UI0000892,FAC0025,2024,7336,1590.9,40,3588,886,2934.4,0.3689,316.25,3137.48,I-REC
BANK01,2024,2024-05,0.7741,2.6908,1.0763,UI0000893,FAC0025,2024,7294,2123.97,60,3832,741,4376.4,0.3689,516.78,3075.66,GO
BANK01,2024,2024-06,0.8183,3.616,1.4464,UI0000894,FAC0025,2024,9802,2718.33,60,4051,941,5881.2,0.3689,527.6,4063.76,GO
BANK01,2024,2024-07,0.9841,3.6385,1.8192,UI0000895,FAC0025,2024,9863,2014.41,50,4872,1262,4931.5,0.3689,524.04,5952.09,I-REC
BANK01,2024,2024-08,0.9019,3.8746,1.5498,UI0000896,FAC0025,2024,10503,2999.82,60,4465,1146,6301.8,0.3689,422.13,5399.22,GO
BANK01,2024,2024-09,0.7854,2.7612,0.8284,UI0000897,FAC0025,2024,7485,1489.59,70,3888,815,5239.5,0.3689,405.78,3184.23,GO
BANK01,2024,2024-10,0.666,3.1408,1.8845,UI0000898,FAC0025,2024,8514,2472.78,40,3297,1299,3405.6,0.3689,405.63,6077.1,I-REC
BANK01,2024,2024-11,0.7773,3.1017,1.861,UI0000899,FAC0025,2024,8408,1752.51,40,3848,1146,3363.2,0.3689,524.47,4791.76,GO
BANK01,2024,2024-12,1.0609,4.0881,2.0441,UI0000900,FAC0025,2024,11082,2845.56,50,5252,950,5541.0,0.3689,530.57,4270.08,GO
BANK01,2022,2022-01,2.5135,12.2042,6.1021,UI0000901,FAC0026,2022,31181,6852.18,50,12443,167,15590.5,0.3914,1284.65,505.65,I-REC
BANK01,2022,2022-02,2.5189,10.6163,8.4931,UI0000902,FAC0026,2022,27124,7246.89,20,12470,129,5424.8,0.3914,971.29,632.49,I-REC
BANK01,2022,2022-03,2.1261,7.8648,6.2918,UI0000903,FAC0026,2022,20094,4140.98,20,10525,276,4018.8,0.3914,830.84,901.55,GO
BANK01,2022,2022-04,1.863,7.9846,4.7907,UI0000904,FAC0026,2022,20400,3865.69,40,9223,134,8160.0,0.3914,1192.69,633.11,GO
BANK01,2022,2022-05,1.8303,7.9313,4.7588,UI0000905,FAC0026,2022,20264,4924.75,40,9061,133,8105.6,0.3914,719.23,470.43,GO
BANK01,2022,2022-06,2.205,9.7897,4.8948,UI0000906,FAC0026,2022,25012,6916.45,50,10916,248,12506.0,0.3914,1405.11,878.97,I-REC
BANK01,2022,2022-07,2.2733,10.3744,7.2621,UI0000907,FAC0026,2022,26506,7888.89,30,11254,191,7951.8,0.3914,1294.52,595.73,GO
BANK01,2022,2022-08,2.4961,10.2061,7.1443,UI0000908,FAC0026,2022,26076,5220.1,30,12357,144,7822.8,0.3914,1104.63,706.21,GO
BANK01,2022,2022-09,2.0879,7.5885,5.3119,UI0000909,FAC0026,2022,19388,5510.4,30,10336,222,5816.4,0.3914,1434.71,1050.3,GO
BANK01,2022,2022-10,1.878,8.5039,6.8032,UI0000910,FAC0026,2022,21727,6927.87,20,9297,158,4345.4,0.3914,1198.74,724.73,I-REC
BANK01,2022,2022-11,1.8018,7.8523,5.4966,UI0000911,FAC0026,2022,20062,4095.35,30,8920,269,6018.6,0.3914,686.64,1094.06,I-REC
BANK01,2022,2022-12,2.4139,11.4445,5.7223,UI0000912,FAC0026,2022,29240,5669.35,50,11950,179,14620.0,0.3914,1155.61,554.99,I-REC
BANK01,2023,2023-01,2.6321,9.5927,5.7556,UI0000913,FAC0026,2023,25244,4742.15,40,13030,204,10097.6,0.38,1760.32,929.85,I-REC
BANK01,2023,2023-02,2.5222,9.6345,3.8538,UI0000914,FAC0026,2023,25354,7734.41,60,12486,262,15212.4,0.38,1235.96,857.02,GO
BANK01,2023,2023-03,1.8374,8.086,5.6602,UI0000915,FAC0026,2023,21279,3859.94,30,9096,290,6383.7,0.38,932.7,1220.85,GO
BANK01,2023,2023-04,1.7978,7.223,3.6115,UI0000916,FAC0026,2023,19008,5963.65,50,8900,169,9504.0,0.38,973.8,511.17,I-REC
BANK01,2023,2023-05,1.8451,8.4485,5.0691,UI0000917,FAC0026,2023,22233,6344.61,40,9134,206,8893.2,0.38,661.51,804.01,I-REC
BANK01,2023,2023-06,2.2038,9.082,3.6328,UI0000918,FAC0026,2023,23900,6197.08,60,10910,219,14340.0,0.38,1331.32,864.0,GO
BANK01,2023,2023-07,2.3379,8.9171,6.242,UI0000919,FAC0026,2023,23466,4305.85,30,11574,152,7039.8,0.38,1477.47,552.13,GO
BANK01,2023,2023-08,2.5214,10.5667,7.3967,UI0000920,FAC0026,2023,27807,8893.54,30,12482,254,8342.1,0.38,970.69,846.93,I-REC
BANK01,2023,2023-09,2.1378,8.4634,5.9244,UI0000921,FAC0026,2023,22272,5427.03,30,10583,208,6681.6,0.38,967.79,793.34,GO
BANK01,2023,2023-10,1.817,8.743,4.3715,UI0000922,FAC0026,2023,23008,5085.67,50,8995,166,11504.0,0.38,1124.88,797.59,GO
BANK01,2023,2023-11,1.8168,7.4681,5.2277,UI0000923,FAC0026,2023,19653,3933.94,30,8994,238,5895.9,0.38,743.59,1147.81,GO
BANK01,2023,2023-12,2.3901,10.1407,7.0985,UI0000924,FAC0026,2023,26686,6982.87,30,11832,290,8005.8,0.38,1080.93,1347.51,I-REC
BANK01,2024,2024-01,2.5428,10.7154,6.4293,UI0000925,FAC0026,2024,29047,6075.3,40,12588,158,11618.8,0.3689,1042.09,676.73,I-REC
BANK01,2024,2024-02,2.3485,9.8161,2.9448,UI0000926,FAC0026,2024,26609,6313.16,70,11626,284,18626.3,0.3689,1344.06,1194.32,GO
BANK01,2024,2024-03,1.9388,7.2817,3.6409,UI0000927,FAC0026,2024,19739,4300.12,50,9598,292,9869.5,0.3689,903.62,1280.15,GO
BANK01,2024,2024-04,1.8596,7.713,3.8565,UI0000928,FAC0026,2024,20908,4073.04,50,9206,192,10454.0,0.3689,1014.94,618.41,I-REC
BANK01,2024,2024-05,1.9311,8.2752,4.9651,UI0000929,FAC0026,2024,22432,4573.93,40,9560,284,8972.8,0.3689,956.87,1352.32,I-REC
BANK01,2024,2024-06,2.4381,10.185,3.0555,UI0000930,FAC0026,2024,27609,5956.42,70,12070,252,19326.3,0.3689,1314.67,1154.75,GO
BANK01,2024,2024-07,2.3493,10.0274,5.0137,UI0000931,FAC0026,2024,27182,6657.01,50,11630,199,13591.0,0.3689,1627.49,958.33,GO
BANK01,2024,2024-08,2.2347,9.2708,5.5625,UI0000932,FAC0026,2024,25131,6322.06,40,11063,205,10052.4,0.3689,953.08,951.55,GO
BANK01,2024,2024-09,1.7592,7.672,4.6032,UI0000933,FAC0026,2024,20797,5172.16,40,8709,223,8318.8,0.3689,987.42,922.0,GO
BANK01,2024,2024-10,1.8404,6.9563,3.4782,UI0000934,FAC0026,2024,18857,4431.87,50,9111,136,9428.5,0.3689,1251.27,578.09,GO
BANK01,2024,2024-11,2.0263,8.0911,3.2364,UI0000935,FAC0026,2024,21933,5607.1,60,10031,294,13159.8,0.3689,1060.18,1041.01,I-REC
BANK01,2024,2024-12,2.3202,11.0124,5.5062,UI0000936,FAC0026,2024,29852,7772.62,50,11486,154,14926.0,0.3689,1228.37,560.12,GO
BANK01,2022,2022-01,5.2169,23.2374,16.2662,UI0000937,FAC0027,2022,59370,11234.5,30,25826,292,17811.0,0.3914,2108.82,1310.19,GO
BANK01,2022,2022-02,6.1042,23.52,18.816,UI0000938,FAC0027,2022,60092,13839.14,20,30219,164,12018.4,0.3914,2810.96,780.2,I-REC
BANK01,2022,2022-03,3.7897,18.5931,9.2965,UI0000939,FAC0027,2022,47504,10204.49,50,18761,140,23752.0,0.3914,1696.34,620.01,I-REC
BANK01,2022,2022-04,3.9893,17.3277,13.8621,UI0000940,FAC0027,2022,44271,7989.6,20,19749,157,8854.2,0.3914,2102.8,712.19,I-REC
BANK01,2022,2022-05,3.8637,17.9105,8.9552,UI0000941,FAC0027,2022,45760,13351.17,50,19127,182,22880.0,0.3914,1369.88,893.6,I-REC
BANK01,2022,2022-06,5.0254,23.1094,16.1766,UI0000942,FAC0027,2022,59043,17409.18,30,24878,274,17712.9,0.3914,1983.29,1092.97,I-REC
BANK01,2022,2022-07,5.3932,23.4699,11.735,UI0000943,FAC0027,2022,59964,17005.9,50,26699,242,29982.0,0.3914,3023.51,913.89,GO
BANK01,2022,2022-08,5.3839,21.7767,17.4214,UI0000944,FAC0027,2022,55638,17358.63,20,26653,191,11127.6,0.3914,3482.54,782.19,I-REC
BANK01,2022,2022-09,4.0051,17.5989,14.0791,UI0000945,FAC0027,2022,44964,8238.67,20,19827,181,8992.8,0.3914,2216.08,847.5,GO
BANK01,2022,2022-10,4.0214,17.9856,8.9928,UI0000946,FAC0027,2022,45952,9035.25,50,19908,176,22976.0,0.3914,1528.43,821.93,I-REC
BANK01,2022,2022-11,3.8574,19.2706,15.4165,UI0000947,FAC0027,2022,49235,11056.59,20,19096,154,9847.0,0.3914,2221.83,633.03,GO
BANK01,2022,2022-12,5.3415,22.9439,13.7663,UI0000948,FAC0027,2022,58620,11783.29,40,26443,228,23448.0,0.3914,1884.64,973.98,I-REC
BANK01,2023,2023-01,5.6808,23.7827,14.2696,UI0000949,FAC0027,2023,62586,14103.87,40,28123,149,25034.4,0.38,2439.45,570.04,GO
BANK01,2023,2023-02,5.3033,20.3083,10.1542,UI0000950,FAC0027,2023,53443,11740.02,50,26254,308,26721.5,0.38,3474.45,1092.38,I-REC
BANK01,2023,2023-03,4.0766,16.4905,11.5433,UI0000951,FAC0027,2023,43396,8167.06,30,20181,267,13018.8,0.38,1607.55,1271.58,GO
BANK01,2023,2023-04,4.3806,17.5549,12.2884,UI0000952,FAC0027,2023,46197,12769.8,30,21686,265,13859.1,0.38,1749.07,868.02,I-REC
BANK01,2023,2023-05,4.0808,15.8787,7.9393,UI0000953,FAC0027,2023,41786,13185.17,50,20202,304,20893.0,0.38,1625.26,1453.54,I-REC
BANK01,2023,2023-06,5.0724,19.0714,13.35,UI0000954,FAC0027,2023,50188,12525.08,30,25111,228,15056.4,0.38,2968.57,1096.6,I-REC
BANK01,2023,2023-07,5.3334,20.4144,12.2486,UI0000955,FAC0027,2023,53722,12765.53,40,26403,202,21488.8,0.38,2143.5,981.94,GO
BANK01,2023,2023-08,4.9953,19.9086,13.936,UI0000956,FAC0027,2023,52391,10600.05,30,24729,138,15717.3,0.38,1894.96,626.96,I-REC
BANK01,2023,2023-09,4.1673,18.3263,12.8284,UI0000957,FAC0027,2023,48227,13316.76,30,20630,197,14468.1,0.38,2799.05,838.57,I-REC
BANK01,2023,2023-10,4.5161,17.7745,12.4421,UI0000958,FAC0027,2023,46775,10298.03,30,22357,199,14032.5,0.38,2920.71,755.24,GO
BANK01,2023,2023-11,3.7625,18.1009,10.8606,UI0000959,FAC0027,2023,47634,8943.45,40,18626,246,19053.6,0.38,1859.86,749.58,GO
BANK01,2023,2023-12,5.5673,20.5565,8.2226,UI0000960,FAC0027,2023,54096,10393.64,60,27561,232,32457.6,0.38,2102.39,1103.85,GO
BANK01,2024,2024-01,5.0668,23.0633,6.919,UI0000961,FAC0027,2024,62519,11854.24,70,25083,301,43763.3,0.3689,1913.08,920.68,I-REC
BANK01,2024,2024-02,5.8709,23.0507,13.8304,UI0000962,FAC0027,2024,62485,15601.64,40,29064,267,24994.0,0.3689,2908.05,1202.26,I-REC
BANK01,2024,2024-03,4.2967,15.1127,6.0451,UI0000963,FAC0027,2024,40967,9163.82,60,21271,299,24580.2,0.3689,2569.08,1477.45,I-REC
BANK01,2024,2024-04,3.7816,15.3721,4.6116,UI0000964,FAC0027,2024,41670,9944.74,70,18721,163,29169.0,0.3689,1597.15,695.69,GO
BANK01,2024,2024-05,4.4192,15.6196,9.3718,UI0000965,FAC0027,2024,42341,9594.7,40,21877,156,16936.4,0.3689,1541.87,623.76,GO
BANK01,2024,2024-06,5.0649,20.5005,8.2002,UI0000966,FAC0027,2024,55572,13829.34,60,25074,174,33343.2,0.3689,2016.53,603.74,I-REC
BANK01,2024,2024-07,4.8632,19.7767,5.933,UI0000967,FAC0027,2024,53610,13663.37,70,24075,226,37527.0,0.3689,1960.25,821.67,I-REC
BANK01,2024,2024-08,5.1177,17.9909,8.9954,UI0000968,FAC0027,2024,48769,11470.16,50,25335,287,24384.5,0.3689,3523.61,1153.39,I-REC
BANK01,2024,2024-09,4.2069,17.1052,6.8421,UI0000969,FAC0027,2024,46368,14395.57,60,20826,207,27820.8,0.3689,2599.54,1015.42,I-REC
BANK01,2024,2024-10,3.8612,17.1328,5.1398,UI0000970,FAC0027,2024,46443,14106.71,70,19115,150,32510.1,0.3689,1885.0,613.73,GO
BANK01,2024,2024-11,4.3206,16.0283,6.4113,UI0000971,FAC0027,2024,43449,10699.87,60,21389,280,26069.4,0.3689,2739.74,1210.94,I-REC
BANK01,2024,2024-12,5.5394,21.6592,12.9955,UI0000972,FAC0027,2024,58713,13961.33,40,27423,202,23485.2,0.3689,3709.93,931.74,I-REC
BANK01,2022,2022-01,1.0528,4.1911,2.9338,UI0000973,FAC0028,2022,10708,2115.66,30,5212,467,3212.4,0.3914,479.11,1654.93,GO
BANK01,2022,2022-02,0.9464,4.1093,2.0547,UI0000974,FAC0028,2022,10499,2694.84,50,4685,396,5249.5,0.3914,638.67,1307.45,GO
BANK01,2022,2022-03,0.8007,3.1649,1.8989,UI0000975,FAC0028,2022,8086,1640.71,40,3964,427,3234.4,0.3914,348.73,1951.95,GO
BANK01,2022,2022-04,0.7638,2.9559,1.7735,UI0000976,FAC0028,2022,7552,2039.0,40,3781,386,3020.8,0.3914,287.95,1253.52,I-REC
BANK01,2022,2022-05,0.7969,3.3837,2.7069,UI0000977,FAC0028,2022,8645,2199.01,20,3945,408,1729.0,0.3914,404.17,1226.06,GO
BANK01,2022,2022-06,0.9017,4.134,2.4804,UI0000978,FAC0028,2022,10562,2641.15,40,4464,261,4224.8,0.3914,582.46,1203.88,I-REC
BANK01,2022,2022-07,0.9579,4.1782,2.0891,UI0000979,FAC0028,2022,10675,2723.81,50,4742,275,5337.5,0.3914,661.58,1047.83,I-REC
BANK01,2022,2022-08,0.8607,4.2921,3.4337,UI0000980,FAC0028,2022,10966,3498.32,20,4261,428,2193.2,0.3914,352.48,1421.81,I-REC
BANK01,2022,2022-09,0.7498,3.5195,2.1117,UI0000981,FAC0028,2022,8992,1722.12,40,3712,377,3596.8,0.3914,448.54,1317.34,GO
BANK01,2022,2022-10,0.8118,2.9641,1.482,UI0000982,FAC0028,2022,7573,1367.58,50,4019,215,3786.5,0.3914,547.46,858.57,I-REC
BANK01,2022,2022-11,0.8153,3.0106,1.5053,UI0000983,FAC0028,2022,7692,1441.5,50,4036,435,3846.0,0.3914,299.03,1446.95,I-REC
BANK01,2022,2022-12,0.9771,4.7986,3.8389,UI0000984,FAC0028,2022,12260,2344.42,20,4837,360,2452.0,0.3914,612.03,1103.35,I-REC
BANK01,2023,2023-01,0.9773,3.7468,2.6228,UI0000985,FAC0028,2023,9860,2107.06,30,4838,452,2958.0,0.38,592.73,1804.73,I-REC
BANK01,2023,2023-02,1.0841,3.8179,1.5271,UI0000986,FAC0028,2023,10047,1872.58,60,5367,405,6028.2,0.38,657.16,1931.55,I-REC
BANK01,2023,2023-03,0.8225,3.2737,1.6369,UI0000987,FAC0028,2023,8615,2375.36,50,4072,243,4307.5,0.38,460.86,1094.11,I-REC
BANK01,2023,2023-04,0.765,2.8337,1.4168,UI0000988,FAC0028,2023,7457,2224.84,50,3787,227,3728.5,0.38,433.72,1053.95,I-REC
BANK01,2023,2023-05,0.7432,3.0066,2.1046,UI0000989,FAC0028,2023,7912,1509.5,30,3679,204,2373.6,0.38,504.3,751.02,GO
BANK01,2023,2023-06,0.871,3.6814,1.4726,UI0000990,FAC0028,2023,9688,2995.21,60,4312,233,5812.8,0.38,470.3,1014.01,GO
BANK01,2023,2023-07,0.9377,4.0614,2.4369,UI0000991,FAC0028,2023,10688,3090.06,40,4642,202,4275.2,0.38,519.5,628.72,GO
BANK01,2023,2023-08,0.8611,3.5971,1.4388,UI0000992,FAC0028,2023,9466,1740.31,60,4263,312,5679.6,0.38,504.39,1005.31,GO
BANK01,2023,2023-09,0.8365,3.1852,1.9111,UI0000993,FAC0028,2023,8382,2303.03,40,4141,242,3352.8,0.38,544.7,1010.63,I-REC
BANK01,2023,2023-10,0.7258,3.417,2.3919,UI0000994,FAC0028,2023,8992,2292.66,30,3593,332,2697.6,0.38,373.53,1552.1,GO
BANK01,2023,2023-11,0.8215,2.8268,1.9788,UI0000995,FAC0028,2023,7439,2275.99,30,4067,351,2231.7,0.38,286.68,1613.38,I-REC
BANK01,2023,2023-12,1.0538,4.1899,2.0949,UI0000996,FAC0028,2023,11026,3195.48,50,5217,393,5513.0,0.38,535.19,1941.64,GO
BANK01,2024,2024-01,0.932,3.5791,1.4316,UI0000997,FAC0028,2024,9702,2010.08,60,4614,270,5821.2,0.3689,571.04,925.18,GO
BANK01,2024,2024-02,0.9355,3.8664,2.3199,UI0000998,FAC0028,2024,10481,2459.87,40,4631,461,4192.4,0.3689,336.51,2298.84,GO
BANK01,2024,2024-03,0.788,3.0224,0.9067,UI0000999,FAC0028,2024,8193,1772.49,70,3901,349,5735.1,0.3689,455.04,1060.91,I-REC
BANK01,2024,2024-04,0.7759,3.1401,0.942,UI0001000,FAC0028,2024,8512,2270.7,70,3841,297,5958.4,0.3689,300.7,1234.37,I-REC
BANK01,2024,2024-05,0.8131,3.2474,1.6237,UI0001001,FAC0028,2024,8803,1694.77,50,4025,388,4401.5,0.3689,297.22,1253.58,I-REC
BANK01,2024,2024-06,0.8779,3.5521,2.1313,UI0001002,FAC0028,2024,9629,1739.17,40,4346,240,3851.6,0.3689,586.46,824.44,I-REC
BANK01,2024,2024-07,1.0025,3.5215,1.4086,UI0001003,FAC0028,2024,9546,2911.44,60,4963,457,5727.6,0.3689,401.79,2146.56,I-REC
BANK01,2024,2024-08,0.9504,3.7668,1.8834,UI0001004,FAC0028,2024,10211,2664.09,50,4705,367,5105.5,0.3689,424.39,1728.78,I-REC
BANK01,2024,2024-09,0.7066,2.9637,1.7782,UI0001005,FAC0028,2024,8034,2276.86,40,3498,204,3213.6,0.3689,391.94,942.27,I-REC
BANK01,2024,2024-10,0.7209,3.1478,1.5739,UI0001006,FAC0028,2024,8533,1656.52,50,3569,262,4266.5,0.3689,477.57,983.58,I-REC
BANK01,2024,2024-11,0.788,3.0918,0.9275,UI0001007,FAC0028,2024,8381,2327.91,70,3901,392,5866.7,0.3689,383.47,1798.64,I-REC
BANK01,2024,2024-12,1.0714,3.7366,1.4946,UI0001008,FAC0028,2024,10129,2153.16,60,5304,366,6077.4,0.3689,575.47,1166.42,I-REC
BANK02,2022,2022-01,20.2224,10.546,6.3276,UI0001009,FAC0029,2022,196753,60539.28,40,100111,2482,78701.2,0.0536,9955.32,11261.86,GO
BANK02,2022,2022-02,19.0266,10.1736,5.0868,UI0001010,FAC0029,2022,189806,56898.75,50,94191,2372,94903.0,0.0536,7399.6,9357.34,I-REC
BANK02,2022,2022-03,13.7437,8.2798,6.6238,UI0001011,FAC0029,2022,154474,30764.15,20,68038,2306,30894.8,0.0536,8431.95,11095.7,GO
BANK02,2022,2022-04,13.7679,8.863,6.2041,UI0001012,FAC0029,2022,165354,43474.63,30,68158,1291,49606.2,0.0536,8421.29,5158.19,I-REC
BANK02,2022,2022-05,13.8614,7.5368,6.0294,UI0001013,FAC0029,2022,140612,40319.06,20,68621,1377,28122.4,0.0536,8704.36,5402.96,GO
BANK02,2022,2022-06,17.0151,9.4692,5.6815,UI0001014,FAC0029,2022,176665,42561.86,40,84233,1375,70666.0,0.0536,10248.65,6849.63,I-REC
BANK02,2022,2022-07,17.1528,10.5603,7.3922,UI0001015,FAC0029,2022,197020,36475.29,30,84915,1846,59106.0,0.0536,6328.38,5913.64,I-REC
BANK02,2022,2022-08,15.8926,9.9372,7.9498,UI0001016,FAC0029,2022,185396,42758.16,20,78676,1903,37079.2,0.0536,9943.52,8581.38,GO
BANK02,2022,2022-09,15.6649,8.1632,4.0816,UI0001017,FAC0029,2022,152299,41583.89,50,77549,2287,76149.5,0.0536,5760.66,7307.89,GO
BANK02,2022,2022-10,15.6186,7.8967,5.5277,UI0001018,FAC0029,2022,147326,44848.01,30,77320,1948,44197.8,0.0536,7017.21,6128.0,GO
BANK02,2022,2022-11,15.2423,7.8699,5.5089,UI0001019,FAC0029,2022,146827,34308.36,30,75457,2216,44048.1,0.0536,6137.66,7413.66,I-REC
BANK02,2022,2022-12,19.9622,10.4011,5.2005,UI0001020,FAC0029,2022,194050,61587.03,50,98823,2184,97025.0,0.0536,13098.51,7364.17,GO
BANK02,2023,2023-01,17.8812,10.422,4.1688,UI0001021,FAC0029,2023,200423,48102.62,60,88521,1211,120253.8,0.052,7039.85,4711.56,I-REC
BANK02,2023,2023-02,19.3078,11.2036,7.8425,UI0001022,FAC0029,2023,215453,64712.03,30,95583,1360,64635.9,0.052,11417.24,6645.18,GO
BANK02,2023,2023-03,14.1044,7.3366,2.9347,UI0001023,FAC0029,2023,141089,33644.03,60,69824,2543,84653.4,0.052,5563.95,10699.63,GO
BANK02,2023,2023-04,14.0499,7.3517,2.9407,UI0001024,FAC0029,2023,141378,37469.89,60,69554,2240,84826.8,0.052,6847.63,9729.76,I-REC
BANK02,2023,2023-05,13.3076,7.0592,2.8237,UI0001025,FAC0029,2023,135754,35674.12,60,65879,2539,81452.4,0.052,5689.5,7909.16,I-REC
BANK02,2023,2023-06,16.6311,9.2076,6.4453,UI0001026,FAC0029,2023,177070,40471.02,30,82332,1500,53121.0,0.052,5909.62,6074.48,GO
BANK02,2023,2023-07,18.002,10.1592,4.0637,UI0001027,FAC0029,2023,195370,55467.21,60,89119,1863,117222.0,0.052,12208.37,6808.79,GO
BANK02,2023,2023-08,16.8308,10.1964,7.1375,UI0001028,FAC0029,2023,196084,43922.4,30,83321,1533,58825.2,0.052,9809.11,6861.3,I-REC
BANK02,2023,2023-09,12.7335,7.6534,3.0613,UI0001029,FAC0029,2023,147180,36791.11,60,63037,1862,88308.0,0.052,5908.46,6534.47,I-REC
BANK02,2023,2023-10,12.787,7.692,5.3844,UI0001030,FAC0029,2023,147924,31622.25,30,63302,2214,44377.2,0.052,7893.0,7791.83,I-REC
BANK02,2023,2023-11,13.9043,8.329,4.9974,UI0001031,FAC0029,2023,160173,39044.06,40,68833,2451,64069.2,0.052,5812.05,7645.34,I-REC
BANK02,2023,2023-12,20.278,9.7153,6.8007,UI0001032,FAC0029,2023,186833,36413.45,30,100386,1366,56049.9,0.052,7554.13,5367.8,I-REC
BANK02,2024,2024-01,19.6655,9.6318,5.7791,UI0001033,FAC0029,2024,190729,60197.83,40,97354,1790,76291.6,0.0505,7541.29,5958.49,GO
BANK02,2024,2024-02,17.0029,10.4395,4.1758,UI0001034,FAC0029,2024,206722,40509.82,60,84173,2485,124033.2,0.0505,7472.4,10200.86,GO
BANK02,2024,2024-03,12.9577,7.5296,4.5177,UI0001035,FAC0029,2024,149100,44279.18,40,64147,1712,59640.0,0.0505,8780.11,5162.93,GO
BANK02,2024,2024-04,14.5286,7.5405,3.7703,UI0001036,FAC0029,2024,149317,42490.07,50,71924,1426,74658.5,0.0505,10043.69,7084.22,I-REC
BANK02,2024,2024-05,12.3588,7.8522,3.1409,UI0001037,FAC0029,2024,155490,32002.0,60,61182,2659,93294.0,0.0505,5985.22,10611.83,GO
BANK02,2024,2024-06,16.4717,8.297,4.9782,UI0001038,FAC0029,2024,164298,39937.68,40,81543,1180,65719.2,0.0505,10751.25,5332.36,GO
BANK02,2024,2024-07,17.7564,9.8272,4.9136,UI0001039,FAC0029,2024,194598,47168.76,50,87903,1264,97299.0,0.0505,10943.68,6037.3,GO
BANK02,2024,2024-08,18.2087,9.3988,4.6994,UI0001040,FAC0029,2024,186115,38938.05,50,90142,1585,93057.5,0.0505,8917.64,6209.52,GO
BANK02,2024,2024-09,13.0864,7.0501,4.23,UI0001041,FAC0029,2024,139605,41996.47,40,64784,2021,55842.0,0.0505,6532.81,8339.46,GO
BANK02,2024,2024-10,13.5067,7.8342,4.7005,UI0001042,FAC0029,2024,155132,39650.25,40,66865,1509,62052.8,0.0505,9164.06,4625.12,GO
BANK02,2024,2024-11,14.8658,7.2635,3.6317,UI0001043,FAC0029,2024,143831,43629.22,50,73593,1537,71915.5,0.0505,8323.72,6494.59,I-REC
BANK02,2024,2024-12,17.614,10.8492,5.4246,UI0001044,FAC0029,2024,214835,60871.87,50,87198,2205,107417.5,0.0505,7476.41,8652.5,I-REC
BANK02,2022,2022-01,3.4388,1.7514,1.4011,UI0001045,FAC0030,2022,32675,6613.72,20,17024,43,6535.0,0.0536,1874.03,199.71,GO
BANK02,2022,2022-02,3.3696,1.7755,0.8878,UI0001046,FAC0030,2022,33125,6238.43,50,16681,48,16562.5,0.0536,2137.36,212.98,GO
BANK02,2022,2022-03,2.524,1.3966,0.6983,UI0001047,FAC0030,2022,26056,7838.21,50,12495,72,13028.0,0.0536,1358.3,259.74,I-REC
BANK02,2022,2022-04,2.4957,1.5445,0.9267,UI0001048,FAC0030,2022,28816,5281.26,40,12355,47,11526.4,0.0536,1489.95,188.53,I-REC
BANK02,2022,2022-05,2.3551,1.423,0.7115,UI0001049,FAC0030,2022,26548,8472.01,50,11659,35,13274.0,0.0536,1431.11,164.25,I-REC
BANK02,2022,2022-06,2.7244,1.5585,1.2468,UI0001050,FAC0030,2022,29076,7533.77,20,13487,35,5815.2,0.0536,1739.4,117.02,I-REC
BANK02,2022,2022-07,2.8094,1.567,0.9402,UI0001051,FAC0030,2022,29235,8440.97,40,13908,38,11694.0,0.0536,1893.08,181.04,I-REC
BANK02,2022,2022-08,2.7173,1.6331,1.3065,UI0001052,FAC0030,2022,30468,7978.64,20,13452,46,6093.6,0.0536,1104.88,152.43,I-REC
BANK02,2022,2022-09,2.3285,1.5389,1.0772,UI0001053,FAC0030,2022,28710,6151.26,30,11527,42,8613.0,0.0536,861.14,138.93,I-REC
BANK02,2022,2022-10,2.527,1.3745,1.0996,UI0001054,FAC0030,2022,25644,5023.48,20,12510,50,5128.8,0.0536,1650.46,172.62,GO
BANK02,2022,2022-11,2.3685,1.3642,1.0913,UI0001055,FAC0030,2022,25451,5386.58,20,11725,68,5090.2,0.0536,1153.01,272.58,I-REC
BANK02,2022,2022-12,3.3094,1.9004,1.3303,UI0001056,FAC0030,2022,35455,9478.16,30,16383,66,10636.5,0.0536,2012.71,230.42,GO
BANK02,2023,2023-01,3.0728,1.9215,1.1529,UI0001057,FAC0030,2023,36951,9714.17,40,15212,46,14780.4,0.052,1205.68,212.69,I-REC
BANK02,2023,2023-02,3.2457,1.6181,0.9709,UI0001058,FAC0030,2023,31118,6134.69,40,16068,69,12447.2,0.052,2060.17,315.84,I-REC
BANK02,2023,2023-03,2.2066,1.4083,0.9858,UI0001059,FAC0030,2023,27082,6559.43,30,10924,75,8124.6,0.052,1019.58,314.77,GO
BANK02,2023,2023-04,2.5836,1.2904,0.7743,UI0001060,FAC0030,2023,24816,7772.2,40,12790,62,9926.4,0.052,1000.86,216.1,I-REC
BANK02,2023,2023-05,2.2584,1.3396,0.6698,UI0001061,FAC0030,2023,25761,6757.62,50,11180,57,12880.5,0.052,1000.05,178.47,I-REC
BANK02,2023,2023-06,2.7508,1.4795,0.7397,UI0001062,FAC0030,2023,28451,7674.04,50,13618,70,14225.5,0.052,1493.15,336.24,I-REC
BANK02,2023,2023-07,3.2231,1.5866,0.952,UI0001063,FAC0030,2023,30512,6264.53,40,15956,39,12204.8,0.052,1615.44,171.83,GO
BANK02,2023,2023-08,2.8625,1.5073,0.9044,UI0001064,FAC0030,2023,28987,9049.21,40,14171,68,11594.8,0.052,1840.08,241.27,I-REC
BANK02,2023,2023-09,2.484,1.2919,0.5168,UI0001065,FAC0030,2023,24844,5347.98,60,12297,58,14906.4,0.052,949.35,279.06,GO
BANK02,2023,2023-10,2.5911,1.3945,0.5578,UI0001066,FAC0030,2023,26817,7863.05,60,12827,54,16090.2,0.052,1103.12,162.49,GO
BANK02,2023,2023-11,2.4804,1.3655,0.6827,UI0001067,FAC0030,2023,26259,5886.13,50,12279,75,13129.5,0.052,977.65,234.16,GO
BANK02,2023,2023-12,2.952,1.6681,1.0008,UI0001068,FAC0030,2023,32078,9636.5,40,14614,51,12831.2,0.052,1385.76,185.42,GO
BANK02,2024,2024-01,3.2785,1.6232,0.9739,UI0001069,FAC0030,2024,32142,7133.33,40,16230,41,12856.8,0.0505,1892.96,127.05,GO
BANK02,2024,2024-02,3.1312,1.8206,0.9103,UI0001070,FAC0030,2024,36052,7806.34,50,15501,62,18026.0,0.0505,1742.04,201.73,GO
BANK02,2024,2024-03,2.2382,1.3249,0.795,UI0001071,FAC0030,2024,26236,6565.31,40,11080,41,10494.4,0.0505,958.85,190.13,I-REC
BANK02,2024,2024-04,2.4379,1.3086,0.7851,UI0001072,FAC0030,2024,25912,6807.03,40,12069,67,10364.8,0.0505,1466.59,330.86,GO
BANK02,2024,2024-05,2.3755,1.2254,0.3676,UI0001073,FAC0030,2024,24266,6041.73,70,11760,57,16986.2,0.0505,1137.83,236.5,GO
BANK02,2024,2024-06,3.0979,1.7033,0.511,UI0001074,FAC0030,2024,33729,7744.2,70,15336,69,23610.3,0.0505,1457.81,292.22,I-REC
BANK02,2024,2024-07,2.7868,1.4212,0.5685,UI0001075,FAC0030,2024,28143,8848.3,60,13796,67,16885.8,0.0505,1231.23,319.38,I-REC
BANK02,2024,2024-08,2.8807,1.5074,0.7537,UI0001076,FAC0030,2024,29850,8839.66,50,14261,71,14925.0,0.0505,1538.82,351.12,GO
BANK02,2024,2024-09,2.3258,1.2301,0.615,UI0001077,FAC0030,2024,24358,5763.94,50,11514,71,12179.0,0.0505,944.53,318.03,GO
BANK02,2024,2024-10,2.347,1.2161,0.6081,UI0001078,FAC0030,2024,24082,5556.63,50,11619,65,12041.0,0.0505,1564.83,307.09,GO
BANK02,2024,2024-11,2.2701,1.3109,0.3933,UI0001079,FAC0030,2024,25959,5285.98,70,11238,52,18171.3,0.0505,911.76,175.09,GO
BANK02,2024,2024-12,3.3007,1.6502,0.6601,UI0001080,FAC0030,2024,32677,9218.41,60,16340,59,19606.2,0.0505,1902.93,252.0,I-REC
BANK02,2022,2022-01,111.7698,310.5372,217.376,UI0001081,FAC0031,2022,1039629,267544.25,30,553316,1214,311888.7,0.2987,46040.99,5488.44,GO
BANK02,2022,2022-02,106.853,357.9567,250.5697,UI0001082,FAC0031,2022,1198382,348739.53,30,528975,972,359514.6,0.2987,46125.49,3447.74,GO
BANK02,2022,2022-03,79.0072,238.8638,191.0911,UI0001083,FAC0031,2022,799678,211729.01,20,391125,1554,159935.6,0.2987,45315.23,5887.85,I-REC
BANK02,2022,2022-04,76.9826,266.0058,133.0029,UI0001084,FAC0031,2022,890545,160328.86,50,381102,1022,445272.5,0.2987,51181.71,4888.95,I-REC
BANK02,2022,2022-05,70.8972,265.834,132.917,UI0001085,FAC0031,2022,889970,184391.77,50,350976,1538,444985.0,0.2987,26208.34,7185.39,I-REC
BANK02,2022,2022-06,86.0078,313.8698,251.0958,UI0001086,FAC0031,2022,1050786,196482.6,20,425781,1135,210157.2,0.2987,52463.91,4710.07,GO
BANK02,2022,2022-07,100.1734,289.3916,202.5741,UI0001087,FAC0031,2022,968837,192629.63,30,495908,1490,290651.1,0.2987,45053.99,5851.77,GO
BANK02,2022,2022-08,96.9164,279.7098,223.7679,UI0001088,FAC0031,2022,936424,259647.8,20,479784,1309,187284.8,0.2987,47686.23,3982.68,I-REC
BANK02,2022,2022-09,77.2632,250.9083,150.545,UI0001089,FAC0031,2022,840001,198237.21,40,382491,1629,336000.4,0.2987,37490.36,7895.66,I-REC
BANK02,2022,2022-10,83.0182,261.8592,130.9296,UI0001090,FAC0031,2022,876663,264614.74,50,410981,930,438331.5,0.2987,40014.99,3196.2,GO
BANK02,2022,2022-11,84.7069,250.7509,150.4505,UI0001091,FAC0031,2022,839474,177932.96,40,419341,879,335789.6,0.2987,34445.71,3114.08,I-REC
BANK02,2022,2022-12,110.5914,305.3568,213.7498,UI0001092,FAC0031,2022,1022286,280373.73,30,547482,1629,306685.8,0.2987,46202.56,7712.82,GO
BANK02,2023,2023-01,99.9187,297.3756,148.6878,UI0001093,FAC0031,2023,1025433,225222.0,50,494647,881,512716.5,0.29,37850.76,3409.95,I-REC
BANK02,2023,2023-02,95.6391,293.5139,146.757,UI0001094,FAC0031,2023,1012117,221292.35,50,473461,982,506058.5,0.29,60223.73,3174.42,I-REC
BANK02,2023,2023-03,75.6928,249.1715,99.6686,UI0001095,FAC0031,2023,859212,217612.83,60,374717,1403,515527.2,0.29,38731.73,5388.15,GO
BANK02,2023,2023-04,69.1591,257.2283,154.337,UI0001096,FAC0031,2023,886994,257765.31,40,342372,1860,354797.6,0.29,38451.24,6249.83,I-REC
BANK02,2023,2023-05,81.1721,259.891,181.9237,UI0001097,FAC0031,2023,896176,220704.32,30,401842,1884,268852.8,0.29,52273.36,6029.13,I-REC
BANK02,2023,2023-06,84.3065,293.0322,117.2129,UI0001098,FAC0031,2023,1010456,269550.41,60,417359,967,606273.6,0.29,45710.93,3234.49,GO
BANK02,2023,2023-07,84.7057,301.5527,180.9316,UI0001099,FAC0031,2023,1039837,251995.64,40,419335,1062,415934.8,0.29,37179.34,3753.79,GO
BANK02,2023,2023-08,87.0753,305.6867,122.2747,UI0001100,FAC0031,2023,1054092,304976.93,60,431066,1178,632455.2,0.29,54197.56,4714.32,I-REC
BANK02,2023,2023-09,72.576,232.0748,162.4524,UI0001101,FAC0031,2023,800258,162589.29,30,359287,1526,240077.4,0.29,47134.95,6936.31,GO
BANK02,2023,2023-10,72.116,231.1729,138.7038,UI0001102,FAC0031,2023,797148,190138.15,40,357010,1840,318859.2,0.29,39180.92,6553.62,I-REC
BANK02,2023,2023-11,71.6959,235.8199,117.9099,UI0001103,FAC0031,2023,813172,153568.1,50,354930,1369,406586.0,0.29,25145.43,6728.03,GO
BANK02,2023,2023-12,96.1902,322.5287,161.2644,UI0001104,FAC0031,2023,1112168,275193.99,50,476189,1878,556084.0,0.29,64786.68,6288.98,GO
BANK02,2024,2024-01,95.2913,294.5868,176.7521,UI0001105,FAC0031,2024,1046118,310625.98,40,471739,1238,418447.2,0.2816,34094.98,5647.79,I-REC
BANK02,2024,2024-02,91.2854,299.7753,179.8652,UI0001106,FAC0031,2024,1064543,237032.7,40,451908,1644,425817.2,0.2816,58409.15,7020.18,GO
BANK02,2024,2024-03,71.6938,236.5806,94.6322,UI0001107,FAC0031,2024,840130,183663.37,60,354920,1394,504078.0,0.2816,36199.2,5286.55,GO
BANK02,2024,2024-04,75.4125,220.2337,88.0935,UI0001108,FAC0031,2024,782080,236959.16,60,373329,1389,469248.0,0.2816,32833.73,5317.35,I-REC
BANK02,2024,2024-05,77.4644,224.3977,112.1989,UI0001109,FAC0031,2024,796867,188521.6,50,383487,1315,398433.5,0.2816,51664.57,6315.5,I-REC
BANK02,2024,2024-06,88.9812,291.6447,174.9868,UI0001110,FAC0031,2024,1035670,261740.13,40,440501,1210,414268.0,0.2816,56011.18,5436.64,I-REC
BANK02,2024,2024-07,99.4123,280.0005,84.0002,UI0001111,FAC0031,2024,994320,307672.83,70,492140,1039,696024.0,0.2816,40200.75,4869.01,GO
BANK02,2024,2024-08,91.71,249.0724,74.7217,UI0001112,FAC0031,2024,884490,239673.52,70,454010,1254,619143.0,0.2816,58401.1,4727.73,I-REC
BANK02,2024,2024-09,70.8351,216.3885,64.9165,UI0001113,FAC0031,2024,768425,141895.26,70,350669,1343,537897.5,0.2816,46624.87,4641.12,GO
BANK02,2024,2024-10,71.2961,214.4877,107.2438,UI0001114,FAC0031,2024,761675,159630.6,50,352951,1358,380837.5,0.2816,34499.22,5824.77,I-REC
BANK02,2024,2024-11,67.6355,233.3656,140.0193,UI0001115,FAC0031,2024,828713,212746.46,40,334829,1335,331485.2,0.2816,26617.15,5967.17,I-REC
BANK02,2024,2024-12,107.4422,296.3826,118.553,UI0001116,FAC0031,2024,1052495,303807.12,60,531892,1417,631497.0,0.2816,60104.64,6436.29,GO
BANK02,2022,2022-01,21.226,11.741,8.2187,UI0001117,FAC0032,2022,219049,54835.28,30,105079,1535,65714.7,0.0536,9779.11,6440.23,I-REC
BANK02,2022,2022-02,20.1543,12.6285,6.3143,UI0001118,FAC0032,2022,235607,49149.75,50,99774,1952,117803.5,0.0536,11731.59,6516.4,GO
BANK02,2022,2022-03,15.8293,8.9176,4.4588,UI0001119,FAC0032,2022,166374,52946.46,50,78363,2077,83187.0,0.0536,5617.45,9736.29,I-REC
BANK02,2022,2022-04,15.8905,9.4223,5.6534,UI0001120,FAC0032,2022,175789,45694.63,40,78666,2078,70315.6,0.0536,6272.03,6724.19,GO
BANK02,2022,2022-05,14.7296,8.8116,4.4058,UI0001121,FAC0032,2022,164396,47197.96,50,72919,2088,82198.0,0.0536,9008.34,8540.19,I-REC
BANK02,2022,2022-06,19.7453,10.6525,5.3263,UI0001122,FAC0032,2022,198741,41503.2,50,97749,1014,99370.5,0.0536,12582.79,4588.42,GO
BANK02,2022,2022-07,17.6267,10.6542,8.5233,UI0001123,FAC0032,2022,198772,48985.24,20,87261,2185,39754.4,0.0536,11871.46,9090.55,I-REC
BANK02,2022,2022-08,20.1752,10.1653,8.1323,UI0001124,FAC0032,2022,189652,52003.82,20,99877,2066,37930.4,0.0536,10953.06,8414.85,I-REC
BANK02,2022,2022-09,14.2893,8.2859,4.9715,UI0001125,FAC0032,2022,154587,48727.15,40,70739,1175,61834.8,0.0536,8761.91,5340.65,GO
BANK02,2022,2022-10,14.198,8.4168,6.7334,UI0001126,FAC0032,2022,157030,40002.62,20,70287,1934,31406.0,0.0536,8966.17,6993.19,GO
BANK02,2022,2022-11,15.1716,8.4684,6.7747,UI0001127,FAC0032,2022,157993,33000.72,20,75107,1355,31598.6,0.0536,8913.84,5516.37,I-REC
BANK02,2022,2022-12,19.5243,12.9302,9.0511,UI0001128,FAC0032,2022,241235,75764.62,30,96655,2125,72370.5,0.0536,8812.43,10580.66,I-REC
BANK02,2023,2023-01,18.2644,11.4995,4.5998,UI0001129,FAC0032,2023,221144,53726.88,60,90418,1342,132686.4,0.052,12619.81,5633.22,I-REC
BANK02,2023,2023-02,19.5605,10.2867,6.172,UI0001130,FAC0032,2023,197822,35663.12,40,96834,1675,79128.8,0.052,8530.34,7059.31,GO
BANK02,2023,2023-03,16.6688,7.8823,3.9411,UI0001131,FAC0032,2023,151582,41263.11,50,82519,1277,75791.0,0.052,7193.6,3969.69,I-REC
BANK02,2023,2023-04,16.2816,7.8557,5.499,UI0001132,FAC0032,2023,151071,37046.71,30,80602,1857,45321.3,0.052,8682.0,7109.66,GO
BANK02,2023,2023-05,16.4509,8.4564,3.3826,UI0001133,FAC0032,2023,162623,50988.61,60,81440,1477,97573.8,0.052,7246.17,5086.18,I-REC
BANK02,2023,2023-06,19.9422,9.5336,6.6735,UI0001134,FAC0032,2023,183339,35643.64,30,98724,1661,55001.7,0.052,11406.02,5822.13,GO
BANK02,2023,2023-07,20.0828,10.8943,7.626,UI0001135,FAC0032,2023,209506,47348.24,30,99420,1831,62851.8,0.052,8349.28,7136.39,I-REC
BANK02,2023,2023-08,18.4341,9.3942,5.6365,UI0001136,FAC0032,2023,180657,42945.29,40,91258,2193,72262.8,0.052,8293.9,8536.33,GO
BANK02,2023,2023-09,13.734,7.6887,5.3821,UI0001137,FAC0032,2023,147860,37328.94,30,67990,1793,44358.0,0.052,9034.36,8824.93,GO
BANK02,2023,2023-10,14.1228,7.7186,4.6311,UI0001138,FAC0032,2023,148434,39199.84,40,69915,1170,59373.6,0.052,6923.22,3916.82,I-REC
BANK02,2023,2023-11,14.5369,9.0787,4.5394,UI0001139,FAC0032,2023,174591,49813.82,50,71965,1364,87295.5,0.052,5189.64,6412.6,I-REC
BANK02,2023,2023-12,20.2731,11.1752,5.5876,UI0001140,FAC0032,2023,214908,67308.61,50,100362,1833,107454.0,0.052,8316.95,7870.34,I-REC
BANK02,2024,2024-01,18.1745,11.0084,6.6051,UI0001141,FAC0032,2024,217989,52146.79,40,89973,1520,87195.6,0.0505,10028.71,4901.49,I-REC
BANK02,2024,2024-02,21.3649,10.9408,5.4704,UI0001142,FAC0032,2024,216650,63256.01,50,105767,2091,108325.0,0.0505,10410.66,6826.83,GO
BANK02,2024,2024-03,14.9425,8.1375,4.0687,UI0001143,FAC0032,2024,161138,43102.17,50,73973,2068,80569.0,0.0505,7540.83,8832.85,I-REC
BANK02,2024,2024-04,16.3204,8.5349,3.4139,UI0001144,FAC0032,2024,169007,37060.79,60,80794,1523,101404.2,0.0505,6890.43,7015.15,GO
BANK02,2024,2024-05,15.3007,7.8543,3.1417,UI0001145,FAC0032,2024,155531,49733.34,60,75746,1810,93318.6,0.0505,8910.2,8597.66,GO
BANK02,2024,2024-06,16.6325,10.6193,4.2477,UI0001146,FAC0032,2024,210284,61712.24,60,82339,989,126170.4,0.0505,11126.57,3249.07,I-REC
BANK02,2024,2024-07,19.5211,9.1687,5.5012,UI0001147,FAC0032,2024,181558,47564.45,40,96639,1254,72623.2,0.0505,13115.38,4153.77,I-REC
BANK02,2024,2024-08,17.6599,9.2877,3.7151,UI0001148,FAC0032,2024,183915,47777.93,60,87425,987,110349.0,0.0505,8598.67,4572.5,I-REC
BANK02,2024,2024-09,14.1095,8.3736,2.5121,UI0001149,FAC0032,2024,165813,29864.2,70,69849,1465,116069.1,0.0505,9379.35,5255.38,GO
BANK02,2024,2024-10,13.7621,7.8446,3.1378,UI0001150,FAC0032,2024,155338,28874.85,60,68129,1969,93202.8,0.0505,6461.37,8657.3,I-REC
BANK02,2024,2024-11,14.8559,7.9242,2.3772,UI0001151,FAC0032,2024,156914,45594.22,70,73544,1078,109839.8,0.0505,9157.84,3834.19,GO
BANK02,2024,2024-12,18.7854,9.6889,3.8756,UI0001152,FAC0032,2024,191859,57107.99,60,92997,1495,115115.4,0.0505,12361.19,6119.89,GO
BANK02,2022,2022-01,8.544,4.2216,2.1108,UI0001153,FAC0033,2022,78762,16920.26,50,42297,1280,39381.0,0.0536,4054.62,6244.02,GO
BANK02,2022,2022-02,7.3962,4.4787,3.1351,UI0001154,FAC0033,2022,83558,17740.61,30,36615,919,25067.4,0.0536,2661.57,3498.14,I-REC
BANK02,2022,2022-03,6.2903,3.4026,1.7013,UI0001155,FAC0033,2022,63481,13947.95,50,31140,1669,31740.5,0.0536,2340.43,6251.52,I-REC
BANK02,2022,2022-04,6.3392,3.2976,2.3083,UI0001156,FAC0033,2022,61522,12235.76,30,31382,1666,18456.6,0.0536,2307.67,5852.9,I-REC
BANK02,2022,2022-05,5.8269,3.4994,1.7497,UI0001157,FAC0033,2022,65287,16903.76,50,28846,888,32643.5,0.0536,2279.32,3345.69,I-REC
BANK02,2022,2022-06,7.9665,4.1039,2.0519,UI0001158,FAC0033,2022,76565,15678.13,50,39438,1648,38282.5,0.0536,5224.66,6186.44,GO
BANK02,2022,2022-07,7.8822,4.5958,3.217,UI0001159,FAC0033,2022,85742,22491.69,30,39021,1647,25722.6,0.0536,4745.21,7546.97,GO
BANK02,2022,2022-08,6.9193,4.3853,2.1926,UI0001160,FAC0033,2022,81815,24636.34,50,34254,1038,40907.5,0.0536,3356.45,4182.66,I-REC
BANK02,2022,2022-09,5.9032,3.5716,1.7858,UI0001161,FAC0033,2022,66634,12109.4,50,29224,909,33317.0,0.0536,2294.06,3190.24,I-REC
BANK02,2022,2022-10,5.9895,3.2031,1.9219,UI0001162,FAC0033,2022,59760,18246.51,40,29651,1568,23904.0,0.0536,3763.21,5003.94,GO
BANK02,2022,2022-11,5.995,3.2219,2.5776,UI0001163,FAC0033,2022,60111,12122.35,20,29678,911,12022.2,0.0536,2339.33,2750.93,I-REC
BANK02,2022,2022-12,7.2599,4.1171,2.0585,UI0001164,FAC0033,2022,76811,23826.19,50,35940,1016,38405.5,0.0536,2885.1,4301.62,GO
BANK02,2023,2023-01,7.1159,4.5596,2.7357,UI0001165,FAC0033,2023,87684,26253.2,40,35227,1496,35073.6,0.052,4612.98,6675.42,I-REC
BANK02,2023,2023-02,7.3502,4.4006,2.6403,UI0001166,FAC0033,2023,84626,21353.01,40,36387,842,33850.4,0.052,4011.44,3067.23,GO
BANK02,2023,2023-03,6.244,3.5201,2.4641,UI0001167,FAC0033,2023,67695,17790.32,30,30911,1183,20308.5,0.052,3332.52,5073.72,GO
BANK02,2023,2023-04,5.7067,3.4756,2.0854,UI0001168,FAC0033,2023,66839,14808.8,40,28251,882,26735.6,0.052,2000.03,3741.59,I-REC
BANK02,2023,2023-05,5.435,3.3952,2.0371,UI0001169,FAC0033,2023,65292,14831.52,40,26906,1231,26116.8,0.052,2320.61,5096.9,I-REC
BANK02,2023,2023-06,7.0361,3.9705,2.7794,UI0001170,FAC0033,2023,76356,20397.28,30,34832,1318,22906.8,0.052,3074.67,6341.54,I-REC
BANK02,2023,2023-07,7.7342,3.9037,2.7326,UI0001171,FAC0033,2023,75072,20334.37,30,38288,1279,22521.6,0.052,4977.88,4866.08,I-REC
BANK02,2023,2023-08,6.4329,3.6895,1.8448,UI0001172,FAC0033,2023,70952,15215.0,50,31846,1187,35476.0,0.052,4314.08,4625.9,I-REC
BANK02,2023,2023-09,5.3756,3.199,1.5995,UI0001173,FAC0033,2023,61520,19498.39,50,26612,1238,30760.0,0.052,2147.73,5606.86,I-REC
BANK02,2023,2023-10,6.0085,3.5294,2.4706,UI0001174,FAC0033,2023,67873,15159.22,30,29745,1476,20361.9,0.052,3738.3,5335.31,GO
BANK02,2023,2023-11,6.0889,3.1008,2.1705,UI0001175,FAC0033,2023,59630,16215.23,30,30143,1036,17889.0,0.052,3127.38,4389.89,I-REC
BANK02,2023,2023-12,7.1621,4.6495,1.8598,UI0001176,FAC0033,2023,89413,22301.53,60,35456,778,53647.8,0.052,4076.22,2448.02,I-REC
BANK02,2024,2024-01,7.4047,4.541,2.7246,UI0001177,FAC0033,2024,89920,25722.49,40,36657,946,35968.0,0.0505,4520.75,3177.31,GO
BANK02,2024,2024-02,7.9319,3.7589,2.2554,UI0001178,FAC0033,2024,74434,19554.56,40,39267,1536,29773.6,0.0505,4166.01,5202.05,GO
BANK02,2024,2024-03,5.3706,3.0764,1.2305,UI0001179,FAC0033,2024,60918,18229.7,60,26587,1437,36550.8,0.0505,2438.97,6744.21,I-REC
BANK02,2024,2024-04,5.8505,2.969,0.8907,UI0001180,FAC0033,2024,58793,14132.38,70,28963,1484,41155.1,0.0505,2927.44,7297.63,I-REC
BANK02,2024,2024-05,5.3005,3.0493,1.8296,UI0001181,FAC0033,2024,60382,18671.36,40,26240,946,24152.8,0.0505,3462.1,4146.94,I-REC
BANK02,2024,2024-06,6.748,3.7682,2.2609,UI0001182,FAC0033,2024,74618,21646.67,40,33406,1482,29847.2,0.0505,3811.33,7343.18,I-REC
BANK02,2024,2024-07,7.4926,3.9332,2.3599,UI0001183,FAC0033,2024,77885,19289.39,40,37092,1673,31154.0,0.0505,3216.71,7218.69,GO
BANK02,2024,2024-08,7.1284,4.0665,1.6266,UI0001184,FAC0033,2024,80524,18817.95,60,35289,804,48314.4,0.0505,4870.31,2471.56,I-REC
BANK02,2024,2024-09,5.7926,3.2961,1.9777,UI0001185,FAC0033,2024,65270,14894.86,40,28676,1071,26108.0,0.0505,3100.52,3382.33,GO
BANK02,2024,2024-10,5.2623,3.2482,0.9744,UI0001186,FAC0033,2024,64320,13924.0,70,26051,1596,45024.0,0.0505,3133.46,6764.34,GO
BANK02,2024,2024-11,5.438,3.2063,0.9619,UI0001187,FAC0033,2024,63491,11845.18,70,26921,1374,44443.7,0.0505,2811.44,5421.24,GO
BANK02,2024,2024-12,6.888,3.7635,2.2581,UI0001188,FAC0033,2024,74525,20893.49,40,34099,966,29810.0,0.0505,3148.2,3500.32,I-REC
BANK02,2022,2022-01,8.7252,4.6092,3.2264,UI0001189,FAC0034,2022,85992,22752.54,30,43194,2679,25797.6,0.0536,5407.56,10962.1,GO
BANK02,2022,2022-02,8.4381,4.2787,2.9951,UI0001190,FAC0034,2022,79826,20946.29,30,41773,1189,23947.8,0.0536,4075.2,3948.24,I-REC
BANK02,2022,2022-03,6.2416,3.7314,2.2388,UI0001191,FAC0034,2022,69615,21451.68,40,30899,1518,27846.0,0.0536,3339.54,5766.4,I-REC
BANK02,2022,2022-04,6.1188,3.7374,2.9899,UI0001192,FAC0034,2022,69727,18994.33,20,30291,2217,13945.4,0.0536,3253.03,6706.19,GO
BANK02,2022,2022-05,5.5568,3.3555,2.6844,UI0001193,FAC0034,2022,62602,19776.95,20,27509,2224,12520.4,0.0536,2661.48,9750.23,I-REC
BANK02,2022,2022-06,6.8636,4.3673,3.0571,UI0001194,FAC0034,2022,81480,18573.89,30,33978,1465,24444.0,0.0536,3371.52,4981.26,I-REC
BANK02,2022,2022-07,7.4443,4.5545,2.7327,UI0001195,FAC0034,2022,84972,25406.68,40,36853,1871,33988.8,0.0536,3877.66,7511.05,I-REC
BANK02,2022,2022-08,7.6831,3.8175,3.054,UI0001196,FAC0034,2022,71222,17861.23,20,38035,1816,14244.4,0.0536,5231.59,7476.07,I-REC
BANK02,2022,2022-09,5.4199,3.7675,3.014,UI0001197,FAC0034,2022,70289,18551.23,20,26831,1410,14057.8,0.0536,3033.5,5755.2,I-REC
BANK02,2022,2022-10,6.1955,3.5826,2.1496,UI0001198,FAC0034,2022,66840,20131.63,40,30671,2512,26736.0,0.0536,2316.28,8539.25,GO
BANK02,2022,2022-11,5.5423,3.674,2.9392,UI0001199,FAC0034,2022,68545,13261.73,20,27437,1751,13709.0,0.0536,2952.17,7191.51,I-REC
BANK02,2022,2022-12,7.7043,4.6286,3.24,UI0001200,FAC0034,2022,86355,17798.28,30,38140,2381,25906.5,0.0536,2988.32,9971.63,I-REC
BANK02,2023,2023-01,7.4758,4.2636,2.5582,UI0001201,FAC0034,2023,81993,16443.17,40,37009,1851,32797.2,0.052,3402.89,7776.49,GO
BANK02,2023,2023-02,7.0264,4.322,2.161,UI0001202,FAC0034,2023,83115,19188.78,50,34784,1885,41557.5,0.052,3113.03,7465.53,GO
BANK02,2023,2023-03,6.1852,3.3901,2.0341,UI0001203,FAC0034,2023,65194,20118.53,40,30620,2478,26077.6,0.052,4062.6,7830.12,I-REC
BANK02,2023,2023-04,5.5998,3.4243,1.7122,UI0001204,FAC0034,2023,65852,18576.01,50,27722,2298,32926.0,0.052,3059.41,8829.95,GO
BANK02,2023,2023-05,6.2016,3.4517,2.071,UI0001205,FAC0034,2023,66378,20058.71,40,30701,2685,26551.2,0.052,2535.48,9809.47,I-REC
BANK02,2023,2023-06,6.9682,4.1918,2.5151,UI0001206,FAC0034,2023,80612,25527.5,40,34496,1156,32244.8,0.052,2747.63,4356.66,GO
BANK02,2023,2023-07,6.8613,4.1766,1.6706,UI0001207,FAC0034,2023,80319,23598.82,60,33967,1351,48191.4,0.052,4534.77,4069.04,GO
BANK02,2023,2023-08,7.1696,4.3097,3.0168,UI0001208,FAC0034,2023,82879,19482.52,30,35493,1226,24863.7,0.052,2587.69,4648.53,GO
BANK02,2023,2023-09,5.2714,3.2177,2.2524,UI0001209,FAC0034,2023,61879,16743.04,30,26096,1220,18563.7,0.052,2610.26,5703.3,I-REC
BANK02,2023,2023-10,5.9489,3.3416,2.0049,UI0001210,FAC0034,2023,64261,16844.73,40,29450,1169,25704.4,0.052,3282.66,5817.96,GO
BANK02,2023,2023-11,6.1279,2.973,1.7838,UI0001211,FAC0034,2023,57173,13211.37,40,30336,2134,22869.2,0.052,2173.01,7521.46,GO
BANK02,2023,2023-12,7.3273,4.0504,2.0252,UI0001212,FAC0034,2023,77892,20219.15,50,36274,2600,38946.0,0.052,4306.74,9706.67,I-REC
BANK02,2024,2024-01,7.753,4.4337,1.3301,UI0001213,FAC0034,2024,87796,16315.34,70,38381,2418,61457.2,0.0505,4361.22,9833.75,I-REC
BANK02,2024,2024-02,8.1937,3.7597,1.1279,UI0001214,FAC0034,2024,74449,23140.41,70,40563,1864,52114.3,0.0505,4717.92,6553.04,I-REC
BANK02,2024,2024-03,5.8784,2.9627,1.7776,UI0001215,FAC0034,2024,58668,13180.54,40,29101,2614,23467.2,0.0505,3559.1,12874.7,GO
BANK02,2024,2024-04,5.4833,2.9678,1.7807,UI0001216,FAC0034,2024,58768,11601.38,40,27145,1658,23507.2,0.0505,1931.1,6834.47,I-REC
BANK02,2024,2024-05,5.8384,3.2389,1.2956,UI0001217,FAC0034,2024,64137,16298.17,60,28903,1686,38482.2,0.0505,2596.57,7887.0,GO
BANK02,2024,2024-06,6.7648,3.6284,1.8142,UI0001218,FAC0034,2024,71850,21653.71,50,33489,2658,35925.0,0.0505,3744.01,11619.87,GO
BANK02,2024,2024-07,6.9932,3.5271,1.4108,UI0001219,FAC0034,2024,69843,19410.6,60,34620,1912,41905.8,0.0505,3344.02,6633.62,I-REC
BANK02,2024,2024-08,6.4458,4.0294,2.0147,UI0001220,FAC0034,2024,79791,17820.81,50,31910,1797,39895.5,0.0505,3178.68,6999.84,I-REC
BANK02,2024,2024-09,6.1461,2.977,0.8931,UI0001221,FAC0034,2024,58950,18053.54,70,30426,1389,41265.0,0.0505,2994.75,4531.15,I-REC
BANK02,2024,2024-10,6.2957,3.0124,1.205,UI0001222,FAC0034,2024,59651,10964.11,60,31167,1714,35790.6,0.0505,2998.64,5824.34,I-REC
BANK02,2024,2024-11,5.6621,2.7958,1.6775,UI0001223,FAC0034,2024,55362,13244.94,40,28030,2196,22144.8,0.0505,3549.37,7976.02,I-REC
BANK02,2024,2024-12,7.6796,3.7687,1.5075,UI0001224,FAC0034,2024,74628,14780.28,60,38018,2031,44776.8,0.0505,3341.64,6397.87,GO
BANK02,2022,2022-01,16.8337,9.5153,5.7092,UI0001225,FAC0035,2022,177524,33361.38,40,83335,2013,71009.6,0.0536,8023.19,7102.73,I-REC
BANK02,2022,2022-02,16.4408,10.518,6.3108,UI0001226,FAC0035,2022,196231,54398.28,40,81390,2414,78492.4,0.0536,11323.46,9499.27,GO
BANK02,2022,2022-03,13.6619,6.8494,5.4795,UI0001227,FAC0035,2022,127788,36571.13,20,67633,1474,25557.6,0.0536,9148.61,6300.54,I-REC
BANK02,2022,2022-04,12.9086,7.5669,4.5402,UI0001228,FAC0035,2022,141174,42163.84,40,63904,2521,56469.6,0.0536,6283.24,8646.06,GO
BANK02,2022,2022-05,14.0869,7.264,5.0848,UI0001229,FAC0035,2022,135523,41111.57,30,69737,2201,40656.9,0.0536,8364.52,8781.53,I-REC
BANK02,2022,2022-06,16.1764,9.4243,7.5395,UI0001230,FAC0035,2022,175827,40861.45,20,80081,1934,35165.4,0.0536,8233.09,8788.08,I-REC
BANK02,2022,2022-07,17.5647,10.0555,5.0278,UI0001231,FAC0035,2022,187603,54813.93,50,86954,2438,93801.5,0.0536,6626.69,8607.89,GO
BANK02,2022,2022-08,16.9634,9.8441,6.8908,UI0001232,FAC0035,2022,183658,37273.75,30,83977,1435,55097.4,0.0536,9425.82,5546.24,I-REC
BANK02,2022,2022-09,12.2675,7.1314,3.5657,UI0001233,FAC0035,2022,133048,27910.57,50,60730,2646,66524.0,0.0536,7152.95,9051.08,GO
BANK02,2022,2022-10,12.8304,8.2689,5.7882,UI0001234,FAC0035,2022,154271,46528.26,30,63517,1703,46281.3,0.0536,8543.62,6206.28,I-REC
BANK02,2022,2022-11,13.9047,7.9152,3.9576,UI0001235,FAC0035,2022,147671,34355.46,50,68835,2844,73835.5,0.0536,8959.75,12244.79,I-REC
BANK02,2022,2022-12,17.2274,9.5413,6.6789,UI0001236,FAC0035,2022,178010,37620.07,30,85284,2816,53403.0,0.0536,9163.27,10352.45,GO
BANK02,2023,2023-01,15.8483,8.8472,6.1931,UI0001237,FAC0035,2023,170139,44326.73,30,78457,2424,51041.7,0.052,6872.47,12079.16,I-REC
BANK02,2023,2023-02,17.4898,8.7034,5.222,UI0001238,FAC0035,2023,167373,42224.39,40,86583,1651,66949.2,0.052,7838.66,5654.4,I-REC
BANK02,2023,2023-03,13.2276,6.8588,4.1153,UI0001239,FAC0035,2023,131900,40166.73,40,65483,2287,52760.0,0.052,4625.49,9937.78,I-REC
BANK02,2023,2023-04,12.3592,6.9081,3.454,UI0001240,FAC0035,2023,132848,36746.57,50,61184,1408,66424.0,0.052,4826.11,5319.44,I-REC
BANK02,2023,2023-05,12.6705,7.7423,5.4196,UI0001241,FAC0035,2023,148891,31005.59,30,62725,2003,44667.3,0.052,8603.23,6507.01,I-REC
BANK02,2023,2023-06,16.7074,7.8707,4.7224,UI0001242,FAC0035,2023,151359,31767.56,40,82710,2597,60543.6,0.052,6685.51,11808.33,I-REC
BANK02,2023,2023-07,16.059,8.6199,5.1719,UI0001243,FAC0035,2023,165767,41273.8,40,79500,2581,66306.8,0.052,8166.3,8870.09,GO
BANK02,2023,2023-08,15.3972,9.5054,6.6538,UI0001244,FAC0035,2023,182797,57341.93,30,76224,2491,54839.1,0.052,7479.6,8961.31,GO
BANK02,2023,2023-09,13.9085,7.1179,4.2707,UI0001245,FAC0035,2023,136883,35342.05,40,68854,2014,54753.2,0.052,5072.14,7566.41,GO
BANK02,2023,2023-10,13.111,6.4837,3.2418,UI0001246,FAC0035,2023,124686,24804.79,50,64906,1552,62343.0,0.052,5850.4,6915.48,I-REC
BANK02,2023,2023-11,12.7482,6.488,4.5416,UI0001247,FAC0035,2023,124769,24768.98,30,63110,2461,37430.7,0.052,6609.14,7474.07,GO
BANK02,2023,2023-12,16.8658,9.8144,4.9072,UI0001248,FAC0035,2023,188738,47352.01,50,83494,2585,94369.0,0.052,8346.22,9927.68,I-REC
BANK02,2024,2024-01,18.1756,8.8385,2.6516,UI0001249,FAC0035,2024,175020,51850.88,70,89978,2687,122514.0,0.0505,6385.34,8276.01,GO
BANK02,2024,2024-02,15.7132,9.4469,3.7788,UI0001250,FAC0035,2024,187068,50284.06,60,77788,2124,112240.8,0.0505,9767.86,10381.42,GO
BANK02,2024,2024-03,13.3037,7.3253,4.3952,UI0001251,FAC0035,2024,145056,31851.6,40,65860,2863,58022.4,0.0505,6674.72,10393.04,I-REC
BANK02,2024,2024-04,12.7779,6.7846,3.3923,UI0001252,FAC0035,2024,134349,42633.19,50,63257,1442,67174.5,0.0505,7523.08,5971.99,GO
BANK02,2024,2024-05,12.748,6.7829,2.7131,UI0001253,FAC0035,2024,134314,40011.59,60,63109,2180,80588.4,0.0505,7060.07,6877.41,GO
BANK02,2024,2024-06,15.9855,8.4803,3.3921,UI0001254,FAC0035,2024,167927,49360.71,60,79136,1987,100756.2,0.0505,5618.21,7082.05,I-REC
BANK02,2024,2024-07,15.8497,8.6524,2.5957,UI0001255,FAC0035,2024,171335,49432.01,70,78464,1507,119934.5,0.0505,7890.05,5173.47,I-REC
BANK02,2024,2024-08,14.5006,7.7037,2.3111,UI0001256,FAC0035,2024,152548,29624.84,70,71785,2263,106783.6,0.0505,5531.69,10041.39,GO
BANK02,2024,2024-09,13.6532,6.9207,4.1524,UI0001257,FAC0035,2024,137044,37341.01,40,67590,2167,54817.6,0.0505,9037.87,7929.25,I-REC
BANK02,2024,2024-10,13.6487,6.516,3.9096,UI0001258,FAC0035,2024,129030,23299.17,40,67568,1651,51612.0,0.0505,5076.14,7215.05,I-REC
BANK02,2024,2024-11,13.0613,6.7183,3.3591,UI0001259,FAC0035,2024,133035,26506.68,50,64660,2818,66517.5,0.0505,5400.25,11788.14,GO
BANK02,2024,2024-12,18.14,9.1285,3.6514,UI0001260,FAC0035,2024,180762,36905.73,60,89802,2851,108457.2,0.0505,11877.68,12185.03,GO
BANK02,2022,2022-01,10.8191,72.1192,36.0596,UI0001261,FAC0036,2022,107721,20358.19,50,53560,1978,53860.5,0.6695,5674.01,7916.7,GO
BANK02,2022,2022-02,11.3379,69.1446,34.5723,UI0001262,FAC0036,2022,103278,19425.89,50,56128,1263,51639.0,0.6695,6511.33,6245.61,I-REC
BANK02,2022,2022-03,7.6053,53.5212,42.8169,UI0001263,FAC0036,2022,79942,25440.98,20,37650,1057,15988.4,0.6695,3162.41,4700.13,I-REC
BANK02,2022,2022-04,7.5774,56.71,34.026,UI0001264,FAC0036,2022,84705,19888.57,40,37512,1396,33882.0,0.6695,4603.2,5094.19,I-REC
BANK02,2022,2022-05,7.6922,55.0657,27.5329,UI0001265,FAC0036,2022,82249,17024.86,50,38080,1348,41124.5,0.6695,4473.6,4694.93,GO
BANK02,2022,2022-06,9.7382,61.5029,43.0521,UI0001266,FAC0036,2022,91864,19124.82,30,48209,2206,27559.2,0.6695,6087.78,6841.67,GO
BANK02,2022,2022-07,9.6489,68.8681,55.0945,UI0001267,FAC0036,2022,102865,24048.47,20,47767,1178,20573.0,0.6695,3786.42,3767.14,I-REC
BANK02,2022,2022-08,10.2707,65.8587,32.9294,UI0001268,FAC0036,2022,98370,30804.73,50,50845,1960,49185.0,0.6695,4735.61,8488.8,GO
BANK02,2022,2022-09,7.6219,56.1202,33.6721,UI0001269,FAC0036,2022,83824,25514.81,40,37732,1425,33529.6,0.6695,3571.13,7099.91,I-REC
BANK02,2022,2022-10,7.7334,52.2029,41.7623,UI0001270,FAC0036,2022,77973,14606.09,20,38284,1355,15594.6,0.6695,4083.53,4979.84,I-REC
BANK02,2022,2022-11,7.6473,59.0713,41.3499,UI0001271,FAC0036,2022,88232,19478.43,30,37858,1693,26469.6,0.6695,2802.41,5320.39,GO
BANK02,2022,2022-12,9.8653,72.7392,50.9174,UI0001272,FAC0036,2022,108647,33120.86,30,48838,1132,32594.1,0.6695,6364.09,3984.67,I-REC
BANK02,2023,2023-01,10.3456,74.6967,37.3484,UI0001273,FAC0036,2023,114918,20764.69,50,51216,1616,57459.0,0.65,6459.22,7540.86,GO
BANK02,2023,2023-02,9.9754,66.6425,26.657,UI0001274,FAC0036,2023,102527,18698.71,60,49383,1698,61516.2,0.65,6137.68,7934.75,GO
BANK02,2023,2023-03,8.184,56.5624,22.6249,UI0001275,FAC0036,2023,87019,15905.61,60,40515,1957,52211.4,0.65,3531.31,6630.26,I-REC
BANK02,2023,2023-04,7.3164,57.2137,34.3282,UI0001276,FAC0036,2023,88021,27135.38,40,36220,2230,35208.4,0.65,3835.29,8524.01,GO
BANK02,2023,2023-05,8.0774,49.6815,34.777,UI0001277,FAC0036,2023,76433,19542.24,30,39987,1431,22929.9,0.65,4858.9,4932.2,GO
BANK02,2023,2023-06,9.8342,71.2433,49.8703,UI0001278,FAC0036,2023,109605,22991.05,30,48684,1359,32881.5,0.65,5684.25,4109.93,GO
BANK02,2023,2023-07,9.5754,68.4762,27.3905,UI0001279,FAC0036,2023,105348,27758.43,60,47403,2080,63208.8,0.65,6198.44,10064.27,GO
BANK02,2023,2023-08,10.022,70.1025,35.0512,UI0001280,FAC0036,2023,107850,24495.86,50,49614,1170,53925.0,0.65,4003.85,4138.82,GO
BANK02,2023,2023-09,7.455,50.0682,35.0477,UI0001281,FAC0036,2023,77028,17087.54,30,36906,1349,23108.4,0.65,4945.63,5298.98,GO
BANK02,2023,2023-10,8.0358,51.6016,20.6406,UI0001282,FAC0036,2023,79387,17614.52,60,39781,1985,47632.2,0.65,4203.29,9860.17,I-REC
BANK02,2023,2023-11,7.6213,53.9305,32.3583,UI0001283,FAC0036,2023,82970,21590.89,40,37729,1836,33188.0,0.65,4428.56,8769.73,I-REC
BANK02,2023,2023-12,10.4254,72.0694,43.2416,UI0001284,FAC0036,2023,110876,30169.42,40,51611,1717,44350.4,0.65,5174.2,5729.92,GO
BANK02,2024,2024-01,9.5043,69.0133,41.408,UI0001285,FAC0036,2024,109354,31953.27,40,47051,1852,43741.6,0.6311,6486.51,6866.38,I-REC
BANK02,2024,2024-02,10.9084,67.8458,27.1383,UI0001286,FAC0036,2024,107504,28539.45,60,54002,1176,64502.4,0.6311,7072.66,4630.25,I-REC
BANK02,2024,2024-03,6.9539,54.06,16.218,UI0001287,FAC0036,2024,85660,23393.6,70,34425,1292,59962.0,0.6311,3545.14,5252.21,I-REC
BANK02,2024,2024-04,7.6354,50.1743,30.1046,UI0001288,FAC0036,2024,79503,21615.5,40,37799,2255,31801.2,0.6311,2822.4,10821.09,GO
BANK02,2024,2024-05,8.2089,52.9821,26.4911,UI0001289,FAC0036,2024,83952,17479.25,50,40638,1899,41976.0,0.6311,4269.44,8563.03,I-REC
BANK02,2024,2024-06,9.3261,57.2307,17.1692,UI0001290,FAC0036,2024,90684,25163.58,70,46169,2032,63478.8,0.6311,5836.62,7219.51,I-REC
BANK02,2024,2024-07,8.5095,62.6878,31.3439,UI0001291,FAC0036,2024,99331,20220.23,50,42126,1846,49665.5,0.6311,5577.69,5652.92,I-REC
BANK02,2024,2024-08,9.5384,63.5814,25.4326,UI0001292,FAC0036,2024,100747,20472.24,60,47220,1490,60448.2,0.6311,4693.63,5902.09,I-REC
BANK02,2024,2024-09,7.0379,54.9063,16.4719,UI0001293,FAC0036,2024,87001,18004.49,70,34841,2114,60900.7,0.6311,2444.94,8045.27,I-REC
BANK02,2024,2024-10,7.0435,54.0499,32.43,UI0001294,FAC0036,2024,85644,19870.63,40,34869,2269,34257.6,0.6311,4837.06,9210.47,I-REC
BANK02,2024,2024-11,7.8665,54.5567,27.2784,UI0001295,FAC0036,2024,86447,19129.52,50,38943,1611,43223.5,0.6311,3125.86,6062.14,I-REC
BANK02,2024,2024-12,9.6431,65.5713,39.3428,UI0001296,FAC0036,2024,103900,32281.62,40,47738,1405,41560.0,0.6311,6442.22,4876.94,I-REC
BANK02,2022,2022-01,5.2498,3.2235,2.5788,UI0001297,FAC0037,2022,60139,14616.39,20,25989,2793,12027.8,0.0536,2733.55,11614.81,I-REC
BANK02,2022,2022-02,6.0857,3.5617,2.8494,UI0001298,FAC0037,2022,66450,12295.09,20,30127,1946,13290.0,0.0536,3822.47,8807.25,GO
BANK02,2022,2022-03,4.5135,2.4021,1.201,UI0001299,FAC0037,2022,44815,8415.72,50,22344,3230,22407.5,0.0536,2953.88,11502.47,GO
BANK02,2022,2022-04,4.1935,2.4204,1.4522,UI0001300,FAC0037,2022,45157,8574.6,40,20760,2135,18062.8,0.0536,2602.77,8201.47,GO
BANK02,2022,2022-05,3.9867,2.3463,1.877,UI0001301,FAC0037,2022,43774,13045.48,20,19736,2537,8754.8,0.0536,2416.21,9959.09,I-REC
BANK02,2022,2022-06,5.2669,2.7202,2.1762,UI0001302,FAC0037,2022,50750,13098.36,20,26074,2130,10150.0,0.0536,2377.3,8562.29,I-REC
BANK02,2022,2022-07,5.4007,3.0432,1.5216,UI0001303,FAC0037,2022,56776,16791.41,50,26736,2270,28388.0,0.0536,2264.72,8006.63,GO
BANK02,2022,2022-08,5.0886,2.9855,2.0899,UI0001304,FAC0037,2022,55700,17508.06,30,25191,2537,16710.0,0.0536,2971.72,9633.46,GO
BANK02,2022,2022-09,4.3184,2.2669,1.5868,UI0001305,FAC0037,2022,42292,8290.6,30,21378,2848,12687.6,0.0536,2441.62,12348.36,GO
BANK02,2022,2022-10,4.5353,2.2069,1.7655,UI0001306,FAC0037,2022,41173,8302.79,20,22452,2962,8234.6,0.0536,2462.87,13560.7,GO
BANK02,2022,2022-11,4.143,2.4482,1.9585,UI0001307,FAC0037,2022,45675,11487.45,20,20510,2797,9135.0,0.0536,1627.82,12913.31,GO
BANK02,2022,2022-12,5.6388,3.346,1.673,UI0001308,FAC0037,2022,62426,17487.87,50,27915,3314,31213.0,0.0536,3614.62,13892.23,GO
BANK02,2023,2023-01,5.0371,3.3198,1.9919,UI0001309,FAC0037,2023,63842,15791.11,40,24936,2659,25536.8,0.052,2001.65,10927.62,I-REC
BANK02,2023,2023-02,5.657,3.0198,1.5099,UI0001310,FAC0037,2023,58074,17813.65,50,28005,1952,29037.0,0.052,2962.84,9485.54,GO
BANK02,2023,2023-03,3.9911,2.2876,1.6013,UI0001311,FAC0037,2023,43992,9412.77,30,19758,3288,13197.6,0.052,1820.36,12630.68,I-REC
BANK02,2023,2023-04,4.1632,2.2372,1.3423,UI0001312,FAC0037,2023,43023,13746.54,40,20610,2316,17209.2,0.052,1718.27,8589.18,I-REC
BANK02,2023,2023-05,4.4036,2.292,1.6044,UI0001313,FAC0037,2023,44076,12660.03,30,21800,2373,13222.8,0.052,2807.63,10242.82,GO
BANK02,2023,2023-06,4.6713,3.047,2.1329,UI0001314,FAC0037,2023,58596,16136.66,30,23125,2148,17578.8,0.052,2861.35,8334.15,GO
BANK02,2023,2023-07,4.9324,3.0612,1.2245,UI0001315,FAC0037,2023,58870,15688.94,60,24418,2773,35322.0,0.052,2863.87,12418.33,GO
BANK02,2023,2023-08,5.2914,2.8412,1.9889,UI0001316,FAC0037,2023,54639,12215.38,30,26195,2050,16391.7,0.052,3634.03,8353.32,I-REC
BANK02,2023,2023-09,3.802,2.1338,0.8535,UI0001317,FAC0037,2023,41034,12849.24,60,18822,1620,24620.4,0.052,2175.79,7133.06,GO
BANK02,2023,2023-10,4.5165,2.434,1.217,UI0001318,FAC0037,2023,46807,14000.74,50,22359,3438,23403.5,0.052,1875.73,13997.85,I-REC
BANK02,2023,2023-11,4.0081,2.291,1.6037,UI0001319,FAC0037,2023,44058,12517.39,30,19842,2985,13217.4,0.052,2198.39,11569.33,GO
BANK02,2023,2023-12,5.6693,3.3196,1.9917,UI0001320,FAC0037,2023,63838,13565.38,40,28066,2563,25535.2,0.052,3877.22,11811.82,GO
BANK02,2024,2024-01,5.273,3.0152,1.2061,UI0001321,FAC0037,2024,59706,14191.04,60,26104,2512,35823.6,0.0505,2691.64,11606.47,GO
BANK02,2024,2024-02,5.7115,2.6607,0.7982,UI0001322,FAC0037,2024,52687,14836.03,70,28275,1954,36880.9,0.0505,2824.93,7027.22,GO
BANK02,2024,2024-03,4.0156,1.9941,0.7977,UI0001323,FAC0037,2024,39488,9760.14,60,19879,3358,23692.8,0.0505,2446.84,13472.51,GO
BANK02,2024,2024-04,3.7608,2.0765,0.6229,UI0001324,FAC0037,2024,41118,9508.42,70,18618,2651,28782.6,0.0505,2223.91,8802.21,GO
BANK02,2024,2024-05,4.2089,2.3859,1.193,UI0001325,FAC0037,2024,47246,9195.23,50,20836,2811,23623.0,0.0505,2032.45,11578.85,GO
BANK02,2024,2024-06,5.1853,2.8261,1.6957,UI0001326,FAC0037,2024,55963,12670.01,40,25670,1765,22385.2,0.0505,2458.68,7784.43,I-REC
BANK02,2024,2024-07,4.641,2.5896,1.2948,UI0001327,FAC0037,2024,51280,10487.12,50,22975,3128,25640.0,0.0505,1753.75,14729.98,I-REC
BANK02,2024,2024-08,4.5468,2.8225,1.129,UI0001328,FAC0037,2024,55892,14266.78,60,22509,2183,33535.2,0.0505,2494.35,10029.13,GO
BANK02,2024,2024-09,4.0438,1.9952,0.7981,UI0001329,FAC0037,2024,39508,11507.07,60,20019,1905,23704.8,0.0505,2587.64,8416.36,I-REC
BANK02,2024,2024-10,4.2559,2.156,0.8624,UI0001330,FAC0037,2024,42694,10941.09,60,21069,2180,25616.4,0.0505,2433.91,10558.08,GO
BANK02,2024,2024-11,4.267,2.1994,1.3197,UI0001331,FAC0037,2024,43553,10429.08,40,21124,3330,17421.2,0.0505,2132.19,12232.22,I-REC
BANK02,2024,2024-12,5.8596,3.2038,1.9223,UI0001332,FAC0037,2024,63441,15011.95,40,29008,1646,25376.4,0.0505,3151.05,7063.09,GO
BANK02,2022,2022-01,3.0369,1.7626,1.0576,UI0001333,FAC0038,2022,32885,9776.34,40,15034,460,13154.0,0.0536,1755.0,1735.68,I-REC
BANK02,2022,2022-02,2.932,1.7453,1.2217,UI0001334,FAC0038,2022,32562,9024.86,30,14515,545,9768.6,0.0536,1839.93,1948.7,GO
BANK02,2022,2022-03,1.9554,1.2717,0.8902,UI0001335,FAC0038,2022,23726,6051.13,30,9680,846,7117.8,0.0536,873.17,3615.67,I-REC
BANK02,2022,2022-04,1.9861,1.1516,0.8061,UI0001336,FAC0038,2022,21485,5144.91,30,9832,913,6445.5,0.0536,1275.13,3374.23,I-REC
BANK02,2022,2022-05,1.9135,1.3195,0.6598,UI0001337,FAC0038,2022,24618,6868.21,50,9473,800,12309.0,0.0536,787.22,3292.53,I-REC
BANK02,2022,2022-06,2.5183,1.3918,0.6959,UI0001338,FAC0038,2022,25967,8272.9,50,12467,656,12983.5,0.0536,1233.86,3217.74,GO
BANK02,2022,2022-07,2.8385,1.3363,0.9354,UI0001339,FAC0038,2022,24931,5457.49,30,14052,811,7479.3,0.0536,1781.67,3928.03,GO
BANK02,2022,2022-08,2.7619,1.3758,0.963,UI0001340,FAC0038,2022,25667,5585.47,30,13673,476,7700.1,0.0536,1520.26,1465.72,I-REC
BANK02,2022,2022-09,1.9893,1.3115,0.6557,UI0001341,FAC0038,2022,24468,6301.04,50,9848,644,12234.0,0.0536,1303.65,2560.83,I-REC
BANK02,2022,2022-10,1.9079,1.2429,0.6214,UI0001342,FAC0038,2022,23188,6167.95,50,9445,664,11594.0,0.0536,877.61,2836.16,GO
BANK02,2022,2022-11,2.0715,1.16,0.928,UI0001343,FAC0038,2022,21642,5764.33,20,10255,555,4328.4,0.0536,869.52,2527.32,I-REC
BANK02,2022,2022-12,2.7927,1.5708,0.9425,UI0001344,FAC0038,2022,29306,7056.87,40,13825,868,11722.4,0.0536,1265.01,4111.81,I-REC
BANK02,2023,2023-01,2.5131,1.5016,0.9009,UI0001345,FAC0038,2023,28876,7177.02,40,12441,704,11550.4,0.052,982.55,2419.2,GO
BANK02,2023,2023-02,2.9159,1.5603,0.6241,UI0001346,FAC0038,2023,30006,9155.07,60,14435,600,18003.6,0.052,1650.78,2227.22,GO
BANK02,2023,2023-03,2.1279,1.2141,0.4857,UI0001347,FAC0038,2023,23349,5430.7,60,10534,670,14009.4,0.052,1386.86,3097.94,GO
BANK02,2023,2023-04,1.8816,1.1081,0.5541,UI0001348,FAC0038,2023,21310,3843.2,50,9315,524,10655.0,0.052,768.7,2412.06,I-REC
BANK02,2023,2023-05,2.1648,1.1184,0.5592,UI0001349,FAC0038,2023,21508,6218.57,50,10717,937,10754.0,0.052,1444.39,3290.4,GO
BANK02,2023,2023-06,2.5206,1.4251,0.8551,UI0001350,FAC0038,2023,27406,7130.3,40,12478,504,10962.4,0.052,1136.1,2273.07,I-REC
BANK02,2023,2023-07,2.3105,1.5401,0.77,UI0001351,FAC0038,2023,29617,6898.27,50,11438,908,14808.5,0.052,1392.3,2875.98,GO
BANK02,2023,2023-08,2.425,1.4639,0.8783,UI0001352,FAC0038,2023,28151,6476.52,40,12005,856,11260.4,0.052,936.53,3760.72,GO
BANK02,2023,2023-09,2.0808,1.175,0.5875,UI0001353,FAC0038,2023,22596,4743.17,50,10301,659,11298.0,0.052,817.7,2884.05,GO
BANK02,2023,2023-10,2.1044,1.106,0.4424,UI0001354,FAC0038,2023,21269,5303.99,60,10418,561,12761.4,0.052,1046.81,1789.32,I-REC
BANK02,2023,2023-11,2.1523,1.084,0.7588,UI0001355,FAC0038,2023,20846,3926.73,30,10655,842,6253.8,0.052,1285.16,3428.48,I-REC
BANK02,2023,2023-12,2.5315,1.6827,1.1779,UI0001356,FAC0038,2023,32359,7295.02,30,12532,518,9707.7,0.052,1700.37,1813.18,GO
BANK02,2024,2024-01,2.7238,1.4456,0.8673,UI0001357,FAC0038,2024,28625,8940.74,40,13484,499,11450.0,0.0505,957.83,2293.83,I-REC
BANK02,2024,2024-02,2.6811,1.3414,0.4024,UI0001358,FAC0038,2024,26562,7127.13,70,13273,431,18593.4,0.0505,1226.5,1552.63,I-REC
BANK02,2024,2024-03,2.0101,1.0617,0.637,UI0001359,FAC0038,2024,21023,4204.4,40,9951,435,8409.2,0.0505,994.57,1808.02,GO
BANK02,2024,2024-04,2.201,1.0325,0.413,UI0001360,FAC0038,2024,20445,6376.57,60,10896,798,12267.0,0.0505,899.4,3579.9,I-REC
BANK02,2024,2024-05,1.8392,0.9917,0.595,UI0001361,FAC0038,2024,19637,4043.31,40,9105,507,7854.8,0.0505,957.43,2407.52,GO
BANK02,2024,2024-06,2.5745,1.4712,0.8827,UI0001362,FAC0038,2024,29132,7997.88,40,12745,588,11652.8,0.0505,1708.92,1926.41,GO
BANK02,2024,2024-07,2.279,1.2862,0.6431,UI0001363,FAC0038,2024,25469,4681.79,50,11282,563,12734.5,0.0505,1112.63,1730.29,I-REC
BANK02,2024,2024-08,2.3586,1.2934,0.6467,UI0001364,FAC0038,2024,25612,4678.62,50,11676,807,12806.0,0.0505,1620.83,3069.5,GO
BANK02,2024,2024-09,1.9093,1.1852,0.5926,UI0001365,FAC0038,2024,23469,4647.37,50,9452,808,11734.5,0.0505,1225.94,2873.05,GO
BANK02,2024,2024-10,1.9554,0.9959,0.498,UI0001366,FAC0038,2024,19721,4058.32,50,9680,878,9860.5,0.0505,796.93,3288.0,GO
BANK02,2024,2024-11,1.837,1.0197,0.6118,UI0001367,FAC0038,2024,20192,6038.36,40,9094,927,8076.8,0.0505,709.07,3166.14,GO
BANK02,2024,2024-12,2.5476,1.4752,0.7376,UI0001368,FAC0038,2024,29211,6189.68,50,12612,719,14605.5,0.0505,1036.73,2418.05,I-REC
BANK02,2022,2022-01,3.4247,1.7553,1.2287,UI0001369,FAC0039,2022,32748,7009.91,30,16954,2911,9824.4,0.0536,1896.12,10686.49,GO
BANK02,2022,2022-02,3.2411,1.9284,1.3499,UI0001370,FAC0039,2022,35977,8008.45,30,16045,2039,10793.1,0.0536,1685.4,7333.88,GO
BANK02,2022,2022-03,2.3979,1.4312,1.145,UI0001371,FAC0039,2022,26702,5454.06,20,11871,2217,5340.4,0.0536,1315.97,8557.83,I-REC
BANK02,2022,2022-04,2.1935,1.2664,0.7598,UI0001372,FAC0039,2022,23627,5071.59,40,10859,1514,9450.8,0.0536,1330.5,6469.8,I-REC
BANK02,2022,2022-05,2.5367,1.342,0.8052,UI0001373,FAC0039,2022,25037,6826.64,40,12558,2957,10014.8,0.0536,1362.67,12567.76,I-REC
BANK02,2022,2022-06,2.852,1.5426,0.7713,UI0001374,FAC0039,2022,28779,8543.84,50,14119,1848,14389.5,0.0536,1079.37,8088.17,I-REC
BANK02,2022,2022-07,3.1445,1.813,1.0878,UI0001375,FAC0039,2022,33824,8753.0,40,15567,2172,13529.6,0.0536,1161.98,8635.55,GO
BANK02,2022,2022-08,3.1322,1.7799,1.246,UI0001376,FAC0039,2022,33208,10033.04,30,15506,2107,9962.4,0.0536,1639.96,8931.95,I-REC
BANK02,2022,2022-09,2.2529,1.3267,0.796,UI0001377,FAC0039,2022,24751,5214.65,40,11153,1913,9900.4,0.0536,1096.37,7964.22,GO
BANK02,2022,2022-10,2.2475,1.3143,0.7886,UI0001378,FAC0039,2022,24521,7585.14,40,11126,2242,9808.4,0.0536,1085.52,9953.04,GO
BANK02,2022,2022-11,2.2707,1.3942,0.6971,UI0001379,FAC0039,2022,26011,5145.48,50,11241,2468,13005.5,0.0536,1285.58,11184.35,I-REC
BANK02,2022,2022-12,3.0282,1.8174,1.0904,UI0001380,FAC0039,2022,33906,7064.54,40,14991,1882,13562.4,0.0536,2005.12,8487.74,GO
BANK02,2023,2023-01,3.3261,1.6721,1.1704,UI0001381,FAC0039,2023,32155,7312.87,30,16466,1695,9646.5,0.052,1246.9,7257.83,I-REC
BANK02,2023,2023-02,3.1876,1.8346,1.1007,UI0001382,FAC0039,2023,35280,10029.84,40,15780,2199,14112.0,0.052,1708.87,7584.82,I-REC
BANK02,2023,2023-03,2.5022,1.2241,0.612,UI0001383,FAC0039,2023,23540,5885.7,50,12387,1951,11770.0,0.052,1239.22,8462.49,I-REC
BANK02,2023,2023-04,2.4307,1.1611,0.6967,UI0001384,FAC0039,2023,22329,4944.64,40,12033,2152,8931.6,0.052,1238.52,9205.89,GO
BANK02,2023,2023-05,2.4157,1.3124,0.9187,UI0001385,FAC0039,2023,25239,6010.4,30,11959,2840,7571.7,0.052,1133.88,9795.75,I-REC
BANK02,2023,2023-06,2.5765,1.7077,1.0246,UI0001386,FAC0039,2023,32840,9104.87,40,12755,2152,13136.0,0.052,971.76,7509.8,GO
BANK02,2023,2023-07,2.6468,1.5668,1.0968,UI0001387,FAC0039,2023,30131,7412.66,30,13103,1658,9039.3,0.052,1069.51,7726.6,GO
BANK02,2023,2023-08,2.5834,1.4122,0.5649,UI0001388,FAC0039,2023,27158,7985.34,60,12789,2421,16294.8,0.052,1753.69,11639.37,GO
BANK02,2023,2023-09,2.482,1.1593,0.5797,UI0001389,FAC0039,2023,22295,5804.23,50,12287,2139,11147.5,0.052,961.43,10606.07,I-REC
BANK02,2023,2023-10,2.2529,1.4056,0.7028,UI0001390,FAC0039,2023,27031,7828.71,50,11153,1781,13515.5,0.052,1125.8,5998.21,GO
BANK02,2023,2023-11,2.4553,1.3192,0.7915,UI0001391,FAC0039,2023,25370,5946.83,40,12155,2820,10148.0,0.052,1448.6,10402.83,GO
BANK02,2023,2023-12,3.3221,1.6779,1.1746,UI0001392,FAC0039,2023,32268,7886.34,30,16446,1771,9680.4,0.052,2012.39,7385.35,I-REC
BANK02,2024,2024-01,3.0835,1.7275,0.8638,UI0001393,FAC0039,2024,34208,8051.11,50,15265,1977,17104.0,0.0505,1680.46,7930.25,GO
BANK02,2024,2024-02,3.3015,1.6814,0.5044,UI0001394,FAC0039,2024,33295,9267.74,70,16344,1618,23306.5,0.0505,1582.57,5799.34,GO
BANK02,2024,2024-03,2.3081,1.211,0.7266,UI0001395,FAC0039,2024,23981,5698.78,40,11426,2261,9592.4,0.0505,1510.87,7796.82,I-REC
BANK02,2024,2024-04,2.2988,1.1789,0.3537,UI0001396,FAC0039,2024,23345,4553.23,70,11380,1473,16341.5,0.0505,1075.33,6697.31,I-REC
BANK02,2024,2024-05,2.2093,1.1054,0.4422,UI0001397,FAC0039,2024,21890,6181.59,60,10937,2764,13134.0,0.0505,791.53,12462.05,I-REC
BANK02,2024,2024-06,2.6068,1.401,0.7005,UI0001398,FAC0039,2024,27742,6843.21,50,12905,3241,13871.0,0.0505,1504.88,15124.0,I-REC
BANK02,2024,2024-07,2.5921,1.5388,0.9233,UI0001399,FAC0039,2024,30472,6685.63,40,12832,2702,12188.8,0.0505,1639.76,11053.86,GO
BANK02,2024,2024-08,2.528,1.5492,0.9295,UI0001400,FAC0039,2024,30677,9236.74,40,12515,1528,12270.8,0.0505,1308.49,5245.65,GO
BANK02,2024,2024-09,2.1416,1.1168,0.6701,UI0001401,FAC0039,2024,22114,5220.32,40,10602,2436,8845.6,0.0505,1465.96,10125.68,I-REC
BANK02,2024,2024-10,2.3272,1.2721,0.7633,UI0001402,FAC0039,2024,25191,4702.11,40,11521,1568,10076.4,0.0505,1057.73,7523.13,I-REC
BANK02,2024,2024-11,2.4394,1.1382,0.3415,UI0001403,FAC0039,2024,22538,6749.01,70,12076,1695,15776.6,0.0505,1627.94,6455.23,I-REC
BANK02,2024,2024-12,2.7244,1.6421,0.9853,UI0001404,FAC0039,2024,32517,6974.98,40,13487,3227,13006.8,0.0505,1080.4,15843.11,I-REC
BANK02,2022,2022-01,8.7991,5.6031,3.3618,UI0001405,FAC0040,2022,104535,23241.36,40,43560,540,41814.0,0.0536,3845.45,1788.41,GO
BANK02,2022,2022-02,8.9128,4.8484,3.8787,UI0001406,FAC0040,2022,90455,25087.72,20,44123,270,18091.0,0.0536,4835.14,1172.5,GO
BANK02,2022,2022-03,7.5445,3.9758,2.783,UI0001407,FAC0040,2022,74175,22913.35,30,37349,440,22252.5,0.0536,3613.55,1390.26,I-REC
BANK02,2022,2022-04,6.379,4.2163,3.373,UI0001408,FAC0040,2022,78662,22867.06,20,31579,476,15732.4,0.0536,2466.97,2262.81,I-REC
BANK02,2022,2022-05,6.3773,4.2126,3.3701,UI0001409,FAC0040,2022,78594,25110.02,20,31571,470,15718.8,0.0536,2880.6,1846.09,GO
BANK02,2022,2022-06,7.9028,5.2314,4.1851,UI0001410,FAC0040,2022,97601,21521.6,20,39123,552,19520.2,0.0536,3065.14,2583.78,I-REC
BANK02,2022,2022-07,8.7003,4.8337,2.4169,UI0001411,FAC0040,2022,90181,28023.22,50,43071,350,45090.5,0.0536,3241.34,1700.61,I-REC
BANK02,2022,2022-08,8.3683,4.5937,2.7562,UI0001412,FAC0040,2022,85703,21316.08,40,41427,525,34281.2,0.0536,3754.09,2025.14,GO
BANK02,2022,2022-09,6.5731,4.0711,3.2569,UI0001413,FAC0040,2022,75954,14070.58,20,32540,505,15190.8,0.0536,3729.11,1819.68,I-REC
BANK02,2022,2022-10,7.154,4.3625,2.6175,UI0001414,FAC0040,2022,81390,16579.53,40,35416,370,32556.0,0.0536,4069.27,1198.04,GO
BANK02,2022,2022-11,6.3083,3.8149,3.0519,UI0001415,FAC0040,2022,71174,21979.34,20,31229,479,14234.8,0.0536,2662.14,1486.24,I-REC
BANK02,2022,2022-12,9.1237,5.4192,2.7096,UI0001416,FAC0040,2022,101105,19139.19,50,45167,463,50552.5,0.0536,4893.88,2142.9,I-REC
BANK02,2023,2023-01,9.9653,4.8898,1.9559,UI0001417,FAC0040,2023,94035,26662.98,60,49333,304,56421.0,0.052,6538.57,913.23,I-REC
BANK02,2023,2023-02,8.6688,5.1889,3.6322,UI0001418,FAC0040,2023,99787,31013.12,30,42915,482,29936.1,0.052,4405.57,1969.26,GO
BANK02,2023,2023-03,6.4921,3.9461,1.9731,UI0001419,FAC0040,2023,75887,18184.7,50,32139,418,37943.5,0.052,3609.71,1677.59,GO
BANK02,2023,2023-04,6.9296,4.1563,2.9094,UI0001420,FAC0040,2023,79928,18518.85,30,34305,568,23978.4,0.052,3820.18,2418.17,I-REC
BANK02,2023,2023-05,6.7052,3.9656,1.5862,UI0001421,FAC0040,2023,76261,15949.91,60,33194,360,45756.6,0.052,3169.51,1443.5,I-REC
BANK02,2023,2023-06,8.8912,4.9914,3.494,UI0001422,FAC0040,2023,95989,23401.72,30,44016,306,28796.7,0.052,4281.88,999.56,GO
BANK02,2023,2023-07,8.1493,4.7754,1.9102,UI0001423,FAC0040,2023,91835,27766.78,60,40343,254,55101.0,0.052,4169.4,1098.98,GO
BANK02,2023,2023-08,8.9034,4.2468,2.1234,UI0001424,FAC0040,2023,81670,15972.4,50,44076,460,40835.0,0.052,3771.75,2287.88,GO
BANK02,2023,2023-09,6.9981,3.6984,2.219,UI0001425,FAC0040,2023,71123,15397.76,40,34644,561,28449.2,0.052,4334.72,2257.41,I-REC
BANK02,2023,2023-10,6.2563,4.0017,1.6007,UI0001426,FAC0040,2023,76955,18260.26,60,30972,248,46173.0,0.052,3467.79,1077.47,I-REC
BANK02,2023,2023-11,7.2102,4.161,2.4966,UI0001427,FAC0040,2023,80020,20411.65,40,35694,279,32008.0,0.052,2517.84,1064.47,I-REC
BANK02,2023,2023-12,9.4611,4.7433,2.846,UI0001428,FAC0040,2023,91217,18207.0,40,46837,286,36486.8,0.052,3746.86,942.7,I-REC
BANK02,2024,2024-01,8.2681,4.4978,1.7991,UI0001429,FAC0040,2024,89065,21905.18,60,40931,250,53439.0,0.0505,5347.35,1013.0,GO
BANK02,2024,2024-02,9.0692,4.6738,2.8043,UI0001430,FAC0040,2024,92550,16675.7,40,44897,441,37020.0,0.0505,3432.77,1963.59,I-REC
BANK02,2024,2024-03,6.5973,3.647,1.8235,UI0001431,FAC0040,2024,72218,16770.72,50,32660,509,36109.0,0.0505,4073.45,2244.21,I-REC
BANK02,2024,2024-04,6.4569,3.9225,1.569,UI0001432,FAC0040,2024,77673,16093.35,60,31965,256,46603.8,0.0505,4401.67,1251.16,I-REC
BANK02,2024,2024-05,6.2141,3.9164,1.9582,UI0001433,FAC0040,2024,77553,23986.76,50,30763,457,38776.5,0.0505,2169.9,2220.55,I-REC
BANK02,2024,2024-06,8.3681,4.2238,1.6895,UI0001434,FAC0040,2024,83639,26255.15,60,41426,553,50183.4,0.0505,4513.64,1704.27,GO
BANK02,2024,2024-07,8.1802,4.6382,2.7829,UI0001435,FAC0040,2024,91845,27480.78,40,40496,256,36738.0,0.0505,2901.99,921.65,I-REC
BANK02,2024,2024-08,8.8084,4.5173,1.8069,UI0001436,FAC0040,2024,89451,19139.1,60,43606,480,53670.6,0.0505,3288.07,1759.6,GO
BANK02,2024,2024-09,7.0425,3.7948,2.2769,UI0001437,FAC0040,2024,75144,23307.93,40,34864,413,30057.6,0.0505,3081.44,1626.83,I-REC
BANK02,2024,2024-10,6.5995,3.5429,1.7715,UI0001438,FAC0040,2024,70157,18036.27,50,32671,486,35078.5,0.0505,2687.84,2081.6,I-REC
BANK02,2024,2024-11,7.2286,3.7335,1.1201,UI0001439,FAC0040,2024,73931,15605.49,70,35785,319,51751.7,0.0505,3367.54,1583.09,I-REC
BANK02,2024,2024-12,9.2546,4.8675,2.4337,UI0001440,FAC0040,2024,96386,23619.61,50,45815,254,48193.0,0.0505,5083.76,820.63,I-REC
BANK02,2022,2022-01,2.7868,8.241,4.1205,UI0001441,FAC0041,2022,29411,6325.76,50,13796,1030,14705.5,0.2802,1851.97,3583.47,GO
BANK02,2022,2022-02,3.0078,9.26,5.556,UI0001442,FAC0041,2022,33048,8505.13,40,14890,558,13219.2,0.2802,2040.64,2695.1,GO
BANK02,2022,2022-03,2.2541,7.0299,5.624,UI0001443,FAC0041,2022,25089,6429.37,20,11159,771,5017.8,0.2802,998.49,3201.06,GO
BANK02,2022,2022-04,2.3612,6.9666,3.4833,UI0001444,FAC0041,2022,24863,6447.01,50,11689,988,12431.5,0.2802,858.19,3552.92,GO
BANK02,2022,2022-05,2.222,7.1756,3.5878,UI0001445,FAC0041,2022,25609,4662.58,50,11000,1132,12804.5,0.2802,821.34,3505.74,GO
BANK02,2022,2022-06,2.6832,7.856,4.7136,UI0001446,FAC0041,2022,28037,6503.9,40,13283,718,11214.8,0.2802,1760.76,2273.18,GO
BANK02,2022,2022-07,2.6749,7.8347,5.4843,UI0001447,FAC0041,2022,27961,6670.25,30,13242,616,8388.3,0.2802,1446.16,2216.17,GO
BANK02,2022,2022-08,2.4662,8.7787,7.0229,UI0001448,FAC0041,2022,31330,7885.26,20,12209,809,6266.0,0.2802,1020.81,3596.63,GO
BANK02,2022,2022-09,2.063,6.8061,3.403,UI0001449,FAC0041,2022,24290,5377.96,50,10213,995,12145.0,0.2802,930.31,4525.01,I-REC
BANK02,2022,2022-10,2.3945,6.6503,5.3202,UI0001450,FAC0041,2022,23734,6038.18,20,11854,783,4746.8,0.2802,1390.14,2725.45,GO
BANK02,2022,2022-11,2.1028,6.1739,4.9391,UI0001451,FAC0041,2022,22034,6331.49,20,10410,703,4406.8,0.2802,928.3,2747.84,I-REC
BANK02,2022,2022-12,2.7211,8.2057,5.744,UI0001452,FAC0041,2022,29285,9134.62,30,13471,789,8785.5,0.2802,1318.57,2537.44,GO
BANK02,2023,2023-01,2.7852,8.4956,5.947,UI0001453,FAC0041,2023,31234,7302.02,30,13788,753,9370.2,0.272,1770.2,3107.03,I-REC
BANK02,2023,2023-02,2.6965,8.2329,3.2932,UI0001454,FAC0041,2023,30268,5708.57,60,13349,668,18160.8,0.272,1865.82,2288.43,I-REC
BANK02,2023,2023-03,2.2212,6.5269,3.2635,UI0001455,FAC0041,2023,23996,5524.77,50,10996,794,11998.0,0.272,1486.27,3729.14,GO
BANK02,2023,2023-04,2.1854,6.1029,2.4411,UI0001456,FAC0041,2023,22437,4749.7,60,10819,1139,13462.2,0.272,969.03,5493.74,I-REC
BANK02,2023,2023-05,2.1408,5.8722,4.1105,UI0001457,FAC0041,2023,21589,5223.83,30,10598,682,6476.7,0.272,815.46,2449.05,I-REC
BANK02,2023,2023-06,2.4596,7.2036,3.6018,UI0001458,FAC0041,2023,26484,5089.74,50,12176,643,13242.0,0.272,1247.81,3121.91,I-REC
BANK02,2023,2023-07,2.449,7.2344,4.3406,UI0001459,FAC0041,2023,26597,8138.11,40,12124,1047,10638.8,0.272,1173.26,3580.56,GO
BANK02,2023,2023-08,2.8282,8.2887,4.9732,UI0001460,FAC0041,2023,30473,8980.91,40,14001,837,12189.2,0.272,1716.62,4136.75,GO
BANK02,2023,2023-09,2.0521,5.8485,4.094,UI0001461,FAC0041,2023,21502,4779.68,30,10159,662,6450.6,0.272,1265.98,3073.43,GO
BANK02,2023,2023-10,2.0176,5.7047,3.9933,UI0001462,FAC0041,2023,20973,4087.09,30,9988,853,6291.9,0.272,866.51,2974.44,I-REC
BANK02,2023,2023-11,2.0499,6.1681,4.3177,UI0001463,FAC0041,2023,22677,5998.48,30,10148,989,6803.1,0.272,711.82,4245.04,GO
BANK02,2023,2023-12,2.9393,7.9038,5.5326,UI0001464,FAC0041,2023,29058,6763.24,30,14551,797,8717.4,0.272,1206.2,2933.78,I-REC
BANK02,2024,2024-01,2.9345,8.3743,5.0246,UI0001465,FAC0041,2024,31709,7989.94,40,14527,1059,12683.6,0.2641,1391.58,5231.09,I-REC
BANK02,2024,2024-02,2.9629,7.7218,3.8609,UI0001466,FAC0041,2024,29238,6191.63,50,14668,970,14619.0,0.2641,1320.06,4422.49,I-REC
BANK02,2024,2024-03,2.3285,6.2946,3.1473,UI0001467,FAC0041,2024,23834,4566.55,50,11527,647,11917.0,0.2641,1117.6,2753.02,GO
BANK02,2024,2024-04,2.2454,5.9798,2.3919,UI0001468,FAC0041,2024,22642,5126.37,60,11116,1108,13585.2,0.2641,1003.48,4950.36,I-REC
BANK02,2024,2024-05,2.1018,6.4282,3.8569,UI0001469,FAC0041,2024,24340,6476.67,40,10405,1119,9736.0,0.2641,1416.63,4146.44,GO
BANK02,2024,2024-06,2.7015,7.6209,4.5725,UI0001470,FAC0041,2024,28856,7901.1,40,13374,624,11542.4,0.2641,1848.05,2406.03,I-REC
BANK02,2024,2024-07,2.5606,7.2427,3.6213,UI0001471,FAC0041,2024,27424,7465.82,50,12676,590,13712.0,0.2641,1462.39,2666.41,GO
BANK02,2024,2024-08,2.3519,6.7219,4.0331,UI0001472,FAC0041,2024,25452,7508.12,40,11643,968,10180.8,0.2641,1343.14,3827.07,I-REC
BANK02,2024,2024-09,2.1945,5.4854,3.2912,UI0001473,FAC0041,2024,20770,4191.87,40,10864,1129,8308.0,0.2641,947.49,4911.54,GO
BANK02,2024,2024-10,2.1792,5.8897,1.7669,UI0001474,FAC0041,2024,22301,4089.24,70,10788,1044,15610.7,0.2641,1230.31,4129.7,GO
BANK02,2024,2024-11,2.0556,5.9341,2.967,UI0001475,FAC0041,2024,22469,6195.91,50,10176,646,11234.5,0.2641,800.01,2397.61,GO
BANK02,2024,2024-12,3.0433,7.4748,2.9899,UI0001476,FAC0041,2024,28303,7658.71,60,15066,824,16981.8,0.2641,1442.33,2835.66,GO
BANK02,2022,2022-01,0.5933,0.3719,0.2232,UI0001477,FAC0042,2022,6939,1436.09,40,2937,2330,2775.6,0.0536,213.82,11365.55,GO
BANK02,2022,2022-02,0.69,0.3531,0.2472,UI0001478,FAC0042,2022,6588,1711.38,30,3416,2223,1976.4,0.0536,367.74,10705.36,I-REC
BANK02,2022,2022-03,0.4606,0.2594,0.1816,UI0001479,FAC0042,2022,4840,968.23,30,2280,2113,1452.0,0.0536,229.4,8872.23,GO
BANK02,2022,2022-04,0.5195,0.2861,0.2003,UI0001480,FAC0042,2022,5338,1055.61,30,2572,1650,1601.4,0.0536,266.23,8132.66,GO
BANK02,2022,2022-05,0.4468,0.291,0.2037,UI0001481,FAC0042,2022,5429,1586.37,30,2212,2057,1628.7,0.0536,231.78,7580.04,GO
BANK02,2022,2022-06,0.6508,0.3118,0.2183,UI0001482,FAC0042,2022,5818,1080.83,30,3222,2402,1745.4,0.0536,247.72,8526.1,GO
BANK02,2022,2022-07,0.6306,0.3664,0.2564,UI0001483,FAC0042,2022,6835,1900.45,30,3122,2269,2050.5,0.0536,304.41,7641.94,I-REC
BANK02,2022,2022-08,0.628,0.3374,0.2024,UI0001484,FAC0042,2022,6294,1188.97,40,3109,1417,2517.6,0.0536,249.08,4769.85,I-REC
BANK02,2022,2022-09,0.5284,0.2668,0.1867,UI0001485,FAC0042,2022,4977,1236.59,30,2616,1417,1493.1,0.0536,335.92,6157.27,I-REC
BANK02,2022,2022-10,0.5098,0.2687,0.1343,UI0001486,FAC0042,2022,5013,1084.94,50,2524,1991,2506.5,0.0536,254.65,7141.74,GO
BANK02,2022,2022-11,0.4529,0.2749,0.1649,UI0001487,FAC0042,2022,5129,1431.72,40,2242,2284,2051.6,0.0536,287.27,6951.04,I-REC
BANK02,2022,2022-12,0.6003,0.3652,0.1826,UI0001488,FAC0042,2022,6813,1778.21,50,2972,1103,3406.5,0.0536,409.98,4232.89,I-REC
BANK02,2023,2023-01,0.6886,0.3455,0.2073,UI0001489,FAC0042,2023,6644,1957.18,40,3409,2349,2657.6,0.052,251.57,9028.15,GO
BANK02,2023,2023-02,0.6276,0.3273,0.1309,UI0001490,FAC0042,2023,6295,1291.14,60,3107,1705,3777.0,0.052,422.94,7637.36,GO
BANK02,2023,2023-03,0.4866,0.2761,0.1656,UI0001491,FAC0042,2023,5309,1146.94,40,2409,1948,2123.6,0.052,316.58,9219.78,GO
BANK02,2023,2023-04,0.483,0.2427,0.1213,UI0001492,FAC0042,2023,4667,1428.78,50,2391,1535,2333.5,0.052,198.51,7022.39,GO
BANK02,2023,2023-05,0.4751,0.2543,0.178,UI0001493,FAC0042,2023,4891,1076.81,30,2352,1898,1467.3,0.052,221.42,7564.47,GO
BANK02,2023,2023-06,0.623,0.3286,0.23,UI0001494,FAC0042,2023,6320,1902.08,30,3084,1295,1896.0,0.052,278.77,5582.59,GO
BANK02,2023,2023-07,0.547,0.3216,0.193,UI0001495,FAC0042,2023,6185,1194.35,40,2708,2044,2474.0,0.052,275.39,8914.43,I-REC
BANK02,2023,2023-08,0.6377,0.3533,0.212,UI0001496,FAC0042,2023,6794,1406.56,40,3157,1305,2717.6,0.052,363.55,6213.97,I-REC
BANK02,2023,2023-09,0.5163,0.2756,0.1378,UI0001497,FAC0042,2023,5300,1188.96,50,2556,2115,2650.0,0.052,307.34,8014.61,GO
BANK02,2023,2023-10,0.4975,0.2601,0.156,UI0001498,FAC0042,2023,5001,1185.13,40,2463,1112,2000.4,0.052,210.29,3648.75,I-REC
BANK02,2023,2023-11,0.5214,0.2846,0.1708,UI0001499,FAC0042,2023,5473,988.47,40,2581,1855,2189.2,0.052,192.84,6078.16,I-REC
BANK02,2023,2023-12,0.59,0.3746,0.2622,UI0001500,FAC0042,2023,7203,2195.39,30,2921,2295,2160.9,0.052,351.7,9262.58,I-REC
BANK02,2024,2024-01,0.5929,0.3369,0.1348,UI0001501,FAC0042,2024,6672,1923.22,60,2935,1661,4003.2,0.0505,384.13,5659.16,GO
BANK02,2024,2024-02,0.5858,0.3699,0.111,UI0001502,FAC0042,2024,7324,1341.84,70,2900,2335,5126.8,0.0505,363.37,7782.02,GO
BANK02,2024,2024-03,0.4699,0.2766,0.166,UI0001503,FAC0042,2024,5478,1520.82,40,2326,1687,2191.2,0.0505,224.89,7935.05,I-REC
BANK02,2024,2024-04,0.4432,0.2596,0.0779,UI0001504,FAC0042,2024,5140,1556.08,70,2194,2434,3598.0,0.0505,245.63,7418.96,GO
BANK02,2024,2024-05,0.505,0.277,0.1662,UI0001505,FAC0042,2024,5486,1074.83,40,2500,1504,2194.4,0.0505,207.86,5298.75,I-REC
BANK02,2024,2024-06,0.6117,0.3006,0.1503,UI0001506,FAC0042,2024,5952,1383.17,50,3028,2421,2976.0,0.0505,386.8,11955.5,I-REC
BANK02,2024,2024-07,0.5216,0.3317,0.1327,UI0001507,FAC0042,2024,6569,1542.47,60,2582,2407,3941.4,0.0505,266.63,11010.02,GO
BANK02,2024,2024-08,0.5915,0.3105,0.1863,UI0001508,FAC0042,2024,6149,1572.45,40,2928,2129,2459.6,0.0505,214.96,10439.16,I-REC
BANK02,2024,2024-09,0.4733,0.2643,0.1586,UI0001509,FAC0042,2024,5234,1151.57,40,2343,2201,2093.6,0.0505,268.66,6872.63,I-REC
BANK02,2024,2024-10,0.4422,0.2304,0.0691,UI0001510,FAC0042,2024,4562,1391.9,70,2189,1604,3193.4,0.0505,205.32,7016.23,I-REC
BANK02,2024,2024-11,0.4373,0.2694,0.1616,UI0001511,FAC0042,2024,5334,1165.06,40,2165,2021,2133.6,0.0505,249.41,7992.29,GO
BANK02,2024,2024-12,0.6032,0.3339,0.2003,UI0001512,FAC0042,2024,6611,1767.95,40,2986,1168,2644.4,0.0505,211.53,5658.2,I-REC
BANK02,2022,2022-01,1.4261,0.8537,0.6829,UI0001513,FAC0043,2022,15927,3952.89,20,7060,1395,3185.4,0.0536,897.29,5716.47,I-REC
BANK02,2022,2022-02,1.6168,0.772,0.5404,UI0001514,FAC0043,2022,14403,4384.28,30,8004,1836,4320.9,0.0536,1003.07,7920.72,GO
BANK02,2022,2022-03,1.1336,0.626,0.4382,UI0001515,FAC0043,2022,11680,2893.4,30,5612,1952,3504.0,0.0536,433.24,6220.67,GO
BANK02,2022,2022-04,1.2051,0.6211,0.3105,UI0001516,FAC0043,2022,11587,2268.68,50,5966,1588,5793.5,0.0536,655.14,6256.79,I-REC
BANK02,2022,2022-05,1.0965,0.6805,0.4764,UI0001517,FAC0043,2022,12696,3465.49,30,5428,1797,3808.8,0.0536,440.69,5627.03,I-REC
BANK02,2022,2022-06,1.4162,0.8377,0.5026,UI0001518,FAC0043,2022,15629,4934.86,40,7011,2183,6251.6,0.0536,753.97,8185.92,I-REC
BANK02,2022,2022-07,1.3958,0.7419,0.4451,UI0001519,FAC0043,2022,13841,3309.07,40,6910,1105,5536.4,0.0536,696.4,3646.39,I-REC
BANK02,2022,2022-08,1.3201,0.7597,0.5318,UI0001520,FAC0043,2022,14173,3699.02,30,6535,1338,4251.9,0.0536,728.84,6050.66,GO
BANK02,2022,2022-09,1.0344,0.5952,0.4166,UI0001521,FAC0043,2022,11104,2145.26,30,5121,1555,3331.2,0.0536,683.04,6843.24,I-REC
BANK02,2022,2022-10,1.0086,0.6172,0.3703,UI0001522,FAC0043,2022,11514,3570.08,40,4993,1935,4605.6,0.0536,499.02,7681.48,I-REC
BANK02,2022,2022-11,1.0001,0.6853,0.4797,UI0001523,FAC0043,2022,12785,2312.86,30,4951,2197,3835.5,0.0536,619.91,8089.23,I-REC
BANK02,2022,2022-12,1.5766,0.7926,0.3963,UI0001524,FAC0043,2022,14788,3552.07,50,7805,1256,7394.0,0.0536,852.4,5394.14,GO
BANK02,2023,2023-01,1.3257,0.7694,0.5386,UI0001525,FAC0043,2023,14796,3004.25,30,6563,1516,4438.8,0.052,517.2,6118.15,I-REC
BANK02,2023,2023-02,1.4292,0.8808,0.6165,UI0001526,FAC0043,2023,16938,4954.89,30,7075,2323,5081.4,0.052,726.59,7853.8,GO
BANK02,2023,2023-03,1.0954,0.6572,0.2629,UI0001527,FAC0043,2023,12638,2496.11,60,5423,1777,7582.8,0.052,653.71,5359.34,GO
BANK02,2023,2023-04,1.1593,0.6015,0.3609,UI0001528,FAC0043,2023,11567,3620.68,40,5739,1765,4626.8,0.052,720.45,6951.07,GO
BANK02,2023,2023-05,1.1857,0.6577,0.3288,UI0001529,FAC0043,2023,12648,2524.91,50,5870,1171,6324.0,0.052,463.61,5228.49,GO
BANK02,2023,2023-06,1.4417,0.7642,0.5349,UI0001530,FAC0043,2023,14696,2663.02,30,7137,1282,4408.8,0.052,952.92,4221.44,I-REC
BANK02,2023,2023-07,1.2342,0.6745,0.4047,UI0001531,FAC0043,2023,12972,2686.3,40,6110,2173,5188.8,0.052,716.46,8643.58,I-REC
BANK02,2023,2023-08,1.4532,0.7992,0.3197,UI0001532,FAC0043,2023,15370,4592.98,60,7194,1486,9222.0,0.052,851.93,5786.59,I-REC
BANK02,2023,2023-09,1.1439,0.6031,0.2412,UI0001533,FAC0043,2023,11598,3605.29,60,5663,2142,6958.8,0.052,665.12,8921.71,I-REC
BANK02,2023,2023-10,1.0609,0.6037,0.2415,UI0001534,FAC0043,2023,11610,2658.47,60,5252,1974,6966.0,0.052,514.24,8960.64,I-REC
BANK02,2023,2023-11,0.988,0.5955,0.2382,UI0001535,FAC0043,2023,11451,2901.25,60,4891,1838,6870.6,0.052,422.67,6571.11,GO
BANK02,2023,2023-12,1.3106,0.7712,0.4627,UI0001536,FAC0043,2023,14830,3004.66,40,6488,1979,5932.0,0.052,828.44,7051.37,I-REC
BANK02,2024,2024-01,1.4712,0.7143,0.2857,UI0001537,FAC0043,2024,14144,2934.58,60,7283,1936,8486.4,0.0505,743.76,6583.53,I-REC
BANK02,2024,2024-02,1.3154,0.7999,0.48,UI0001538,FAC0043,2024,15840,4537.11,40,6512,1133,6336.0,0.0505,567.01,4812.46,I-REC
BANK02,2024,2024-03,0.9639,0.5213,0.1564,UI0001539,FAC0043,2024,10322,2828.71,70,4772,1951,7225.4,0.0505,474.78,8827.35,GO
BANK02,2024,2024-04,1.1276,0.5584,0.335,UI0001540,FAC0043,2024,11057,3395.63,40,5582,1807,4422.8,0.0505,519.2,8114.23,GO
BANK02,2024,2024-05,0.9742,0.5309,0.2654,UI0001541,FAC0043,2024,10512,2508.88,50,4823,1972,5256.0,0.0505,347.98,6044.96,GO
BANK02,2024,2024-06,1.3189,0.6919,0.2768,UI0001542,FAC0043,2024,13701,4086.42,60,6529,1984,8220.6,0.0505,872.81,8324.36,GO
BANK02,2024,2024-07,1.4122,0.7571,0.3028,UI0001543,FAC0043,2024,14992,3305.18,60,6991,1289,8995.2,0.0505,734.25,4400.69,GO
BANK02,2024,2024-08,1.196,0.7047,0.2819,UI0001544,FAC0043,2024,13954,3626.14,60,5921,1267,8372.4,0.0505,610.1,4032.33,I-REC
BANK02,2024,2024-09,1.0112,0.5488,0.1647,UI0001545,FAC0043,2024,10868,3454.86,70,5006,2226,7607.6,0.0505,486.15,7940.73,I-REC
BANK02,2024,2024-10,1.1326,0.6158,0.3079,UI0001546,FAC0043,2024,12194,2351.33,50,5607,1045,6097.0,0.0505,782.98,4169.25,I-REC
BANK02,2024,2024-11,1.0997,0.5358,0.2679,UI0001547,FAC0043,2024,10609,3066.16,50,5444,1586,5304.5,0.0505,435.19,6004.11,GO
BANK02,2024,2024-12,1.5233,0.7443,0.3721,UI0001548,FAC0043,2024,14738,4692.43,50,7541,1815,7369.0,0.0505,790.78,5911.58,I-REC
BANK02,2022,2022-01,60.6434,29.559,20.6913,UI0001549,FAC0044,2022,551474,100870.53,30,300215,2234,165442.2,0.0536,29234.52,6923.74,GO
BANK02,2022,2022-02,59.9061,31.5389,18.9233,UI0001550,FAC0044,2022,588412,113000.0,40,296565,2390,235364.8,0.0536,21259.6,10830.0,GO
BANK02,2022,2022-03,45.5944,23.534,18.8272,UI0001551,FAC0044,2022,439068,103659.66,20,225715,1933,87813.6,0.0536,26096.98,8619.76,GO
BANK02,2022,2022-04,44.4996,26.4848,18.5394,UI0001552,FAC0044,2022,494120,111096.73,30,220295,1472,148236.0,0.0536,21909.79,6345.66,I-REC
BANK02,2022,2022-05,43.6621,23.2252,16.2576,UI0001553,FAC0044,2022,433306,127242.6,30,216149,2348,129991.8,0.0536,16483.23,7317.37,I-REC
BANK02,2022,2022-06,53.2712,31.4272,21.999,UI0001554,FAC0044,2022,586328,110953.96,30,263719,1981,175898.4,0.0536,26645.04,6394.5,GO
BANK02,2022,2022-07,56.947,27.1014,21.6811,UI0001555,FAC0044,2022,505623,103293.03,20,281916,2489,101124.6,0.0536,32436.92,12187.91,GO
BANK02,2022,2022-08,57.0656,29.1015,20.3711,UI0001556,FAC0044,2022,542939,145235.67,30,282503,1264,162881.7,0.0536,20775.29,5661.7,GO
BANK02,2022,2022-09,40.7866,22.3995,11.1997,UI0001557,FAC0044,2022,417901,99628.55,50,201914,1506,208950.5,0.0536,15385.13,6838.19,I-REC
BANK02,2022,2022-10,43.1098,24.0959,19.2767,UI0001558,FAC0044,2022,449550,89750.98,20,213415,2161,89910.0,0.0536,16987.27,9228.29,I-REC
BANK02,2022,2022-11,41.5255,24.7162,14.8297,UI0001559,FAC0044,2022,461124,133344.78,40,205572,2691,184449.6,0.0536,27256.6,13354.86,GO
BANK02,2022,2022-12,61.0541,34.5909,24.2136,UI0001560,FAC0044,2022,645353,122817.79,30,302248,2517,193605.9,0.0536,38680.07,12574.25,GO
BANK02,2023,2023-01,54.2606,28.3136,16.9882,UI0001561,FAC0044,2023,544493,149413.26,40,268617,2015,217797.2,0.052,32749.17,6078.72,GO
BANK02,2023,2023-02,55.9207,31.9121,12.7648,UI0001562,FAC0044,2023,613694,163624.78,60,276835,1479,368216.4,0.052,25002.38,4849.67,GO
BANK02,2023,2023-03,46.055,23.6758,14.2055,UI0001563,FAC0044,2023,455304,124487.96,40,227995,2323,182121.6,0.052,25637.65,9172.93,GO
BANK02,2023,2023-04,45.0149,22.9759,16.0832,UI0001564,FAC0044,2023,441845,104617.87,30,222846,2169,132553.5,0.052,23177.66,8584.63,GO
BANK02,2023,2023-05,42.0402,25.1226,15.0736,UI0001565,FAC0044,2023,483127,131482.19,40,208120,1907,193250.8,0.052,22474.57,9375.54,I-REC
BANK02,2023,2023-06,48.5832,28.0873,14.0436,UI0001566,FAC0044,2023,540140,99083.54,50,240511,2009,270070.0,0.052,29104.16,7620.19,GO
BANK02,2023,2023-07,52.7242,30.1857,12.0743,UI0001567,FAC0044,2023,580494,118458.89,60,261011,1878,348296.4,0.052,21174.27,7230.73,I-REC
BANK02,2023,2023-08,51.4403,28.235,19.7645,UI0001568,FAC0044,2023,542980,141056.78,30,254655,2237,162894.0,0.052,30086.23,8713.32,GO
BANK02,2023,2023-09,45.7374,22.9239,11.4619,UI0001569,FAC0044,2023,440844,89782.79,50,226423,2700,220422.0,0.052,24571.6,11560.45,GO
BANK02,2023,2023-10,43.7611,24.2295,16.9606,UI0001570,FAC0044,2023,465951,114126.28,30,216639,2665,139785.3,0.052,23972.1,9283.99,I-REC
BANK02,2023,2023-11,42.2616,22.5537,11.2768,UI0001571,FAC0044,2023,433725,115868.84,50,209216,1374,216862.5,0.052,21678.76,4540.5,I-REC
BANK02,2023,2023-12,57.1076,30.101,15.0505,UI0001572,FAC0044,2023,578866,106216.85,50,282711,1934,289433.0,0.052,36385.56,9330.14,GO
BANK02,2024,2024-01,57.4876,28.9252,17.3551,UI0001573,FAC0044,2024,572776,177216.25,40,284592,1202,229110.4,0.0505,38218.41,5868.62,I-REC
BANK02,2024,2024-02,57.8292,28.4592,8.5378,UI0001574,FAC0044,2024,563548,127447.85,70,286283,1334,394483.6,0.0505,31090.48,4504.84,GO
BANK02,2024,2024-03,43.7811,20.36,8.144,UI0001575,FAC0044,2024,403169,121529.8,60,216738,2080,241901.4,0.0505,20495.68,6626.1,GO
BANK02,2024,2024-04,37.6726,22.4224,8.969,UI0001576,FAC0044,2024,444008,112592.21,60,186498,1341,266404.8,0.0505,13568.93,6364.49,I-REC
BANK02,2024,2024-05,37.3708,21.6569,10.8285,UI0001577,FAC0044,2024,428850,92916.63,50,185004,2279,214425.0,0.0505,20647.48,9747.72,GO
BANK02,2024,2024-06,49.7328,27.3505,8.2052,UI0001578,FAC0044,2024,541595,123993.47,70,246202,2460,379116.5,0.0505,25214.5,7624.96,GO
BANK02,2024,2024-07,45.4048,25.7718,12.8859,UI0001579,FAC0044,2024,510332,93147.07,50,224776,1383,255166.0,0.0505,17334.11,6575.3,GO
BANK02,2024,2024-08,45.3698,26.3543,7.9063,UI0001580,FAC0044,2024,521867,154987.11,70,224603,2163,365306.9,0.0505,16290.24,7679.68,I-REC
BANK02,2024,2024-09,44.9826,22.595,9.038,UI0001581,FAC0044,2024,447426,89884.7,60,222686,1787,268455.6,0.0505,18411.92,6172.52,I-REC
BANK02,2024,2024-10,41.9861,20.8905,12.5343,UI0001582,FAC0044,2024,413673,96725.79,40,207852,2438,165469.2,0.0505,27446.96,7380.51,I-REC
BANK02,2024,2024-11,42.2675,24.2907,12.1453,UI0001583,FAC0044,2024,481003,141286.97,50,209245,1195,240501.5,0.0505,26152.43,5747.23,I-REC
BANK02,2024,2024-12,53.9938,30.5994,9.1798,UI0001584,FAC0044,2024,605929,139901.25,70,267296,1567,424150.3,0.0505,27496.78,7185.02,I-REC
BANK02,2022,2022-01,8.622,4.6329,2.7797,UI0001585,FAC0045,2022,86435,21546.04,40,42683,2651,34574.0,0.0536,5323.96,8440.9,GO
BANK02,2022,2022-02,7.4966,4.6392,2.7835,UI0001586,FAC0045,2022,86552,26500.56,40,37112,2090,34620.8,0.0536,4359.93,10066.77,GO
BANK02,2022,2022-03,6.1442,3.218,1.609,UI0001587,FAC0045,2022,60038,17438.52,50,30417,2368,30019.0,0.0536,2899.72,8543.41,I-REC
BANK02,2022,2022-04,5.554,3.6809,2.9447,UI0001588,FAC0045,2022,68673,15059.73,20,27495,1979,13734.6,0.0536,3185.9,9484.65,I-REC
BANK02,2022,2022-05,6.0764,3.7048,2.5934,UI0001589,FAC0045,2022,69120,18888.84,30,30081,2141,20736.0,0.0536,3943.04,8592.59,GO
BANK02,2022,2022-06,7.2811,4.3722,2.6233,UI0001590,FAC0045,2022,81570,22161.59,40,36045,2942,32628.0,0.0536,4906.77,12532.81,GO
BANK02,2022,2022-07,7.6703,4.4285,2.2142,UI0001591,FAC0045,2022,82621,24470.84,50,37972,1769,41310.5,0.0536,4033.8,6157.31,GO
BANK02,2022,2022-08,7.4271,3.7459,2.2475,UI0001592,FAC0045,2022,69886,17711.45,40,36768,2218,27954.4,0.0536,2585.54,8907.01,GO
BANK02,2022,2022-09,5.5833,3.457,1.7285,UI0001593,FAC0045,2022,64497,18575.36,50,27640,2790,32248.5,0.0536,3115.19,9588.91,GO
BANK02,2022,2022-10,5.5928,3.606,1.803,UI0001594,FAC0045,2022,67276,21498.34,50,27687,1821,33638.0,0.0536,3276.36,8618.87,I-REC
BANK02,2022,2022-11,5.3243,3.0664,1.8398,UI0001595,FAC0045,2022,57209,12853.59,40,26358,2700,22883.6,0.0536,1954.98,13470.44,I-REC
BANK02,2022,2022-12,7.3362,4.0887,2.0444,UI0001596,FAC0045,2022,76282,15494.85,50,36318,1867,38141.0,0.0536,4633.86,5791.94,GO
BANK02,2023,2023-01,7.1855,4.0291,2.4174,UI0001597,FAC0045,2023,77482,20098.85,40,35572,3180,30992.8,0.052,4225.46,12381.88,I-REC
BANK02,2023,2023-02,7.6742,4.6446,2.3223,UI0001598,FAC0045,2023,89319,19449.19,50,37991,1634,44659.5,0.052,4756.2,6030.64,GO
BANK02,2023,2023-03,5.9812,3.2996,2.3097,UI0001599,FAC0045,2023,63454,11985.25,30,29610,1817,19036.2,0.052,2358.13,7482.75,GO
BANK02,2023,2023-04,5.5992,3.1209,2.1847,UI0001600,FAC0045,2023,60018,13323.13,30,27719,2614,18005.4,0.052,2606.83,11281.68,GO
BANK02,2023,2023-05,5.2991,3.5122,2.1073,UI0001601,FAC0045,2023,67543,20523.65,40,26233,1758,27017.2,0.052,2092.05,6905.41,GO
BANK02,2023,2023-06,7.3078,3.7465,2.2479,UI0001602,FAC0045,2023,72049,21284.07,40,36177,2606,28819.6,0.052,4433.19,11051.74,I-REC
BANK02,2023,2023-07,6.81,4.1929,2.935,UI0001603,FAC0045,2023,80632,15774.4,30,33713,1518,24189.6,0.052,2923.93,5624.47,GO
BANK02,2023,2023-08,7.7449,3.5613,1.7806,UI0001604,FAC0045,2023,68486,14097.92,50,38341,1680,34243.0,0.052,3920.38,5927.69,I-REC
BANK02,2023,2023-09,6.16,3.2497,1.9498,UI0001605,FAC0045,2023,62494,18301.83,40,30495,2071,24997.6,0.052,2868.85,9078.85,I-REC
BANK02,2023,2023-10,5.7625,3.2319,1.6159,UI0001606,FAC0045,2023,62151,14220.06,50,28527,2342,31075.5,0.052,2680.27,7401.88,I-REC
BANK02,2023,2023-11,5.6881,3.3015,2.3111,UI0001607,FAC0045,2023,63491,16624.74,30,28159,1449,19047.3,0.052,2610.13,4574.18,GO
BANK02,2023,2023-12,8.3404,4.4309,2.2155,UI0001608,FAC0045,2023,85210,19067.7,50,41289,2004,42605.0,0.052,4867.91,8772.06,GO
BANK02,2024,2024-01,8.1745,4.244,1.2732,UI0001609,FAC0045,2024,84039,17321.01,70,40468,2140,58827.3,0.0505,5227.01,8199.34,GO
BANK02,2024,2024-02,7.4488,3.8368,1.9184,UI0001610,FAC0045,2024,75976,22672.75,50,36875,2080,37988.0,0.0505,4305.01,9694.69,GO
BANK02,2024,2024-03,5.5649,2.9846,1.4923,UI0001611,FAC0045,2024,59101,16935.22,50,27549,2697,29550.5,0.0505,2424.67,8638.51,GO
BANK02,2024,2024-04,5.1191,3.2164,1.9299,UI0001612,FAC0045,2024,63692,16022.55,40,25342,1846,25476.8,0.0505,3163.89,7170.14,GO
BANK02,2024,2024-05,5.7526,2.8531,0.8559,UI0001613,FAC0045,2024,56497,14685.99,70,28478,3083,39547.9,0.0505,2160.58,14380.7,GO
BANK02,2024,2024-06,7.3086,3.5475,1.419,UI0001614,FAC0045,2024,70248,21985.86,60,36181,1804,42148.8,0.0505,3636.47,7194.61,I-REC
BANK02,2024,2024-07,6.6805,3.4119,1.706,UI0001615,FAC0045,2024,67563,20841.56,50,33072,2679,33781.5,0.0505,2604.52,11665.33,I-REC
BANK02,2024,2024-08,6.8258,3.9091,2.3454,UI0001616,FAC0045,2024,77407,24202.85,40,33791,2614,30962.8,0.0505,4617.84,8967.66,GO
BANK02,2024,2024-09,6.0224,3.2339,1.9403,UI0001617,FAC0045,2024,64037,14293.1,40,29814,2347,25614.8,0.0505,2805.23,11433.46,I-REC
BANK02,2024,2024-10,5.8216,3.1579,1.2631,UI0001618,FAC0045,2024,62532,16576.79,60,28820,1479,37519.2,0.0505,2506.2,5317.83,GO
BANK02,2024,2024-11,5.8548,2.7836,1.3918,UI0001619,FAC0045,2024,55120,10747.81,50,28984,2387,27560.0,0.0505,2546.96,9411.37,I-REC
BANK02,2024,2024-12,7.4477,4.2999,2.58,UI0001620,FAC0045,2024,85147,16640.1,40,36870,2229,34058.8,0.0505,3435.79,9319.32,I-REC
BANK02,2022,2022-01,4.5828,2.6962,2.157,UI0001621,FAC0046,2022,50303,12726.02,20,22687,140,10060.6,0.0536,2711.26,601.13,GO
BANK02,2022,2022-02,4.8098,2.4395,1.9516,UI0001622,FAC0046,2022,45513,13841.59,20,23811,166,9102.6,0.0536,2809.63,782.11,GO
BANK02,2022,2022-03,3.4079,1.9898,1.5918,UI0001623,FAC0046,2022,37123,8348.85,20,16871,183,7424.6,0.0536,1662.81,799.1,I-REC
BANK02,2022,2022-04,3.4669,1.778,1.2446,UI0001624,FAC0046,2022,33171,7781.11,30,17163,180,9951.3,0.0536,2141.22,662.3,I-REC
BANK02,2022,2022-05,3.3187,1.7586,1.4068,UI0001625,FAC0046,2022,32809,9772.47,20,16429,238,6561.8,0.0536,1312.48,1006.45,I-REC
BANK02,2022,2022-06,4.2848,2.4692,1.7285,UI0001626,FAC0046,2022,46068,9303.08,30,21212,183,13820.4,0.0536,2366.4,639.1,GO
BANK02,2022,2022-07,3.7477,2.3862,1.6703,UI0001627,FAC0046,2022,44518,12247.6,30,18553,159,13355.4,0.0536,1863.84,630.93,GO
BANK02,2022,2022-08,3.98,2.483,1.2415,UI0001628,FAC0046,2022,46325,11499.04,50,19703,195,23162.5,0.0536,1988.92,698.89,I-REC
BANK02,2022,2022-09,3.512,2.0615,1.6492,UI0001629,FAC0046,2022,38460,8932.04,20,17386,235,7692.0,0.0536,1456.16,824.52,GO
BANK02,2022,2022-10,3.0227,1.8562,1.485,UI0001630,FAC0046,2022,34631,6868.38,20,14964,257,6926.2,0.0536,1724.36,1152.59,I-REC
BANK02,2022,2022-11,3.3914,1.9344,1.5475,UI0001631,FAC0046,2022,36090,10978.13,20,16789,193,7218.0,0.0536,2050.51,698.54,GO
BANK02,2022,2022-12,4.0703,2.4896,1.2448,UI0001632,FAC0046,2022,46447,11303.46,50,20150,199,23223.5,0.0536,1969.91,691.62,I-REC
BANK02,2023,2023-01,4.179,2.5784,1.547,UI0001633,FAC0046,2023,49584,10821.21,40,20688,200,19833.6,0.052,2439.92,783.7,I-REC
BANK02,2023,2023-02,4.4882,2.3678,1.4207,UI0001634,FAC0046,2023,45535,9726.87,40,22219,190,18214.0,0.052,2214.73,761.9,GO
BANK02,2023,2023-03,3.539,1.6647,0.9988,UI0001635,FAC0046,2023,32014,7763.3,40,17520,234,12805.6,0.052,1314.3,1109.79,I-REC
BANK02,2023,2023-04,3.1154,1.7633,1.2343,UI0001636,FAC0046,2023,33909,6580.96,30,15423,153,10172.7,0.052,1414.83,504.56,I-REC
BANK02,2023,2023-05,3.3071,1.6845,0.8422,UI0001637,FAC0046,2023,32394,9441.33,50,16372,192,16197.0,0.052,1345.24,872.04,I-REC
BANK02,2023,2023-06,4.1622,2.3461,0.9385,UI0001638,FAC0046,2023,45118,11424.6,60,20605,122,27070.8,0.052,2486.13,521.47,GO
BANK02,2023,2023-07,4.2872,2.1142,1.48,UI0001639,FAC0046,2023,40658,11009.85,30,21224,146,12197.4,0.052,2527.76,727.18,GO
BANK02,2023,2023-08,4.0939,2.3453,1.1726,UI0001640,FAC0046,2023,45101,12209.84,50,20267,180,22550.5,0.052,2026.47,606.31,GO
BANK02,2023,2023-09,3.1876,1.6641,1.1648,UI0001641,FAC0046,2023,32001,9257.12,30,15780,123,9600.3,0.052,2172.22,593.68,GO
BANK02,2023,2023-10,3.2403,1.8157,0.9078,UI0001642,FAC0046,2023,34917,10544.61,50,16041,151,17458.5,0.052,1153.84,650.57,GO
BANK02,2023,2023-11,3.3538,1.8437,1.1062,UI0001643,FAC0046,2023,35456,8659.38,40,16603,126,14182.4,0.052,1777.12,398.39,I-REC
BANK02,2023,2023-12,4.6246,2.2517,1.1258,UI0001644,FAC0046,2023,43301,12635.09,50,22894,223,21650.5,0.052,2089.66,784.76,GO
BANK02,2024,2024-01,4.3814,2.2607,0.6782,UI0001645,FAC0046,2024,44766,10214.54,70,21690,132,31336.2,0.0505,2109.66,426.33,I-REC
BANK02,2024,2024-02,4.2289,2.1783,0.6535,UI0001646,FAC0046,2024,43134,10458.3,70,20935,123,30193.8,0.0505,2468.34,397.62,I-REC
BANK02,2024,2024-03,3.2189,1.8321,0.9161,UI0001647,FAC0046,2024,36280,10829.73,50,15935,172,18140.0,0.0505,1383.74,637.91,GO
BANK02,2024,2024-04,3.374,1.606,0.4818,UI0001648,FAC0046,2024,31801,9836.47,70,16703,224,22260.7,0.0505,1684.39,770.0,I-REC
BANK02,2024,2024-05,3.1302,1.5776,0.9466,UI0001649,FAC0046,2024,31240,6478.66,40,15496,142,12496.0,0.0505,2002.47,575.03,GO
BANK02,2024,2024-06,4.1875,2.2359,1.118,UI0001650,FAC0046,2024,44276,9317.36,50,20730,118,22138.0,0.0505,2401.97,523.3,I-REC
BANK02,2024,2024-07,4.0648,2.3245,0.9298,UI0001651,FAC0046,2024,46030,10200.1,60,20123,253,27618.0,0.0505,1959.35,951.92,GO
BANK02,2024,2024-08,3.701,2.1281,0.8512,UI0001652,FAC0046,2024,42140,13198.25,60,18322,143,25284.0,0.0505,1424.2,659.38,I-REC
BANK02,2024,2024-09,2.9585,1.7139,1.0283,UI0001653,FAC0046,2024,33938,7888.65,40,14646,155,13575.2,0.0505,1328.19,535.3,GO
BANK02,2024,2024-10,3.5338,1.7784,0.8892,UI0001654,FAC0046,2024,35215,10712.56,50,17494,220,17607.5,0.0505,1733.59,870.85,GO
BANK02,2024,2024-11,3.1462,1.8623,0.5587,UI0001655,FAC0046,2024,36877,9700.19,70,15575,167,25813.9,0.0505,2074.09,810.61,I-REC
BANK02,2024,2024-12,4.3347,2.1924,1.0962,UI0001656,FAC0046,2024,43414,7832.69,50,21459,226,21707.0,0.0505,1920.18,777.39,I-REC
BANK02,2022,2022-01,7.5998,4.1777,2.9244,UI0001657,FAC0047,2022,77943,21560.07,30,37623,653,23382.9,0.0536,2841.03,2408.94,I-REC
BANK02,2022,2022-02,7.3562,4.4136,3.5309,UI0001658,FAC0047,2022,82344,22445.73,20,36417,598,16468.8,0.0536,2976.61,2912.31,GO
BANK02,2022,2022-03,5.3611,2.9522,2.3617,UI0001659,FAC0047,2022,55078,16914.34,20,26540,688,11015.6,0.0536,1950.47,3086.13,I-REC
BANK02,2022,2022-04,5.3409,3.135,1.5675,UI0001660,FAC0047,2022,58488,11922.63,50,26440,556,29244.0,0.0536,2801.3,1980.21,I-REC
BANK02,2022,2022-05,4.9345,2.7955,2.2364,UI0001661,FAC0047,2022,52154,12646.77,20,24428,559,10430.8,0.0536,2707.53,2782.59,GO
BANK02,2022,2022-06,5.8521,3.6209,2.1726,UI0001662,FAC0047,2022,67555,18564.14,40,28971,1054,27022.0,0.0536,3094.32,4698.94,I-REC
BANK02,2022,2022-07,6.4527,3.9431,1.9716,UI0001663,FAC0047,2022,73566,22453.42,50,31944,669,36783.0,0.0536,3536.66,2607.49,GO
BANK02,2022,2022-08,6.1893,3.7686,2.638,UI0001664,FAC0047,2022,70309,13703.49,30,30640,1122,21092.7,0.0536,2411.27,3992.43,GO
BANK02,2022,2022-09,5.5633,3.2365,1.9419,UI0001665,FAC0047,2022,60383,15237.63,40,27541,1161,24153.2,0.0536,2110.87,4922.2,I-REC
BANK02,2022,2022-10,5.7782,3.1212,2.497,UI0001666,FAC0047,2022,58232,14009.08,20,28605,1096,11646.4,0.0536,2988.54,4673.0,GO
BANK02,2022,2022-11,5.7388,3.1344,1.5672,UI0001667,FAC0047,2022,58478,17579.65,50,28410,973,29239.0,0.0536,2177.06,3712.84,I-REC
BANK02,2022,2022-12,6.545,4.2956,2.5774,UI0001668,FAC0047,2022,80142,23769.51,40,32401,809,32056.8,0.0536,3285.6,2715.02,GO
BANK02,2023,2023-01,6.7525,4.1129,2.0564,UI0001669,FAC0047,2023,79094,20978.29,50,33428,781,39547.0,0.052,2849.88,3770.44,GO
BANK02,2023,2023-02,6.3048,3.8373,2.3024,UI0001670,FAC0047,2023,73794,18712.52,40,31212,1062,29517.6,0.052,3691.81,4439.11,GO
BANK02,2023,2023-03,5.2405,2.9203,1.7522,UI0001671,FAC0047,2023,56159,15594.11,40,25943,763,22463.6,0.052,2022.72,2605.16,I-REC
BANK02,2023,2023-04,5.1522,3.0597,1.2239,UI0001672,FAC0047,2023,58840,13458.37,60,25506,786,35304.0,0.052,3205.44,3451.49,GO
BANK02,2023,2023-05,4.8658,2.6525,1.5915,UI0001673,FAC0047,2023,51010,12192.55,40,24088,1158,20404.0,0.052,1889.4,5413.83,GO
BANK02,2023,2023-06,6.441,3.2153,1.6076,UI0001674,FAC0047,2023,61832,16136.63,50,31886,853,30916.0,0.052,3915.66,2636.47,GO
BANK02,2023,2023-07,6.7193,3.6455,2.1873,UI0001675,FAC0047,2023,70105,18521.23,40,33264,663,28042.0,0.052,4074.22,2481.7,GO
BANK02,2023,2023-08,6.302,3.7068,1.4827,UI0001676,FAC0047,2023,71284,21850.88,60,31198,729,42770.4,0.052,3975.34,2528.78,I-REC
BANK02,2023,2023-09,5.2411,2.93,2.051,UI0001677,FAC0047,2023,56347,11350.58,30,25946,1008,16904.1,0.052,3361.12,5038.37,I-REC
BANK02,2023,2023-10,5.2888,2.7117,1.3558,UI0001678,FAC0047,2023,52148,15060.73,50,26182,598,26074.0,0.052,3467.5,1920.59,GO
BANK02,2023,2023-11,4.7092,3.0513,1.8308,UI0001679,FAC0047,2023,58679,13212.98,40,23313,902,23471.6,0.052,3068.94,2826.45,GO
BANK02,2023,2023-12,7.5316,4.015,2.0075,UI0001680,FAC0047,2023,77212,22892.59,50,37285,1135,38606.0,0.052,4874.46,5443.53,I-REC
BANK02,2024,2024-01,6.2026,3.942,1.971,UI0001681,FAC0047,2024,78059,21773.28,50,30706,971,39029.5,0.0505,3021.69,2985.48,I-REC
BANK02,2024,2024-02,6.5915,3.79,1.516,UI0001682,FAC0047,2024,75049,17270.35,60,32631,883,45029.4,0.0505,2507.26,3016.17,GO
BANK02,2024,2024-03,4.7987,2.8843,1.1537,UI0001683,FAC0047,2024,57114,13395.84,60,23756,657,34268.4,0.0505,2953.31,2763.48,GO
BANK02,2024,2024-04,5.3239,2.4664,0.7399,UI0001684,FAC0047,2024,48839,12355.5,70,26356,815,34187.3,0.0505,3204.4,3708.53,I-REC
BANK02,2024,2024-05,5.2015,2.8017,1.1207,UI0001685,FAC0047,2024,55480,12800.94,60,25750,787,33288.0,0.0505,3223.34,3208.41,I-REC
BANK02,2024,2024-06,5.897,3.0993,1.5497,UI0001686,FAC0047,2024,61373,17084.19,50,29193,988,30686.5,0.0505,2985.37,4220.84,GO
BANK02,2024,2024-07,5.96,3.605,2.163,UI0001687,FAC0047,2024,71387,17032.59,40,29505,1133,28554.8,0.0505,3115.01,3549.79,GO
BANK02,2024,2024-08,6.7432,3.1465,0.944,UI0001688,FAC0047,2024,62307,15165.21,70,33382,815,43614.9,0.0505,3454.21,2666.82,GO
BANK02,2024,2024-09,4.7731,2.7236,1.6341,UI0001689,FAC0047,2024,53932,15041.02,40,23629,697,21572.8,0.0505,1952.18,2275.85,GO
BANK02,2024,2024-10,4.7169,2.5556,1.0222,UI0001690,FAC0047,2024,50605,9775.27,60,23351,1069,30363.0,0.0505,2642.66,5087.5,I-REC
BANK02,2024,2024-11,4.7763,2.9209,0.8763,UI0001691,FAC0047,2024,57839,15866.35,70,23645,1042,40487.3,0.0505,2061.71,4654.65,GO
BANK02,2024,2024-12,6.4749,3.5986,2.1592,UI0001692,FAC0047,2024,71260,19299.62,40,32054,511,28504.0,0.0505,2939.36,1807.36,GO
BANK02,2022,2022-01,23.1316,32.4702,19.4821,UI0001693,FAC0048,2022,217483,43875.5,40,114513,646,86993.2,0.1493,15913.58,1977.82,I-REC
BANK02,2022,2022-02,20.0568,35.1551,21.093,UI0001694,FAC0048,2022,235466,42625.28,40,99291,632,94186.4,0.1493,11127.01,2451.17,GO
BANK02,2022,2022-03,17.1027,24.6294,12.3147,UI0001695,FAC0048,2022,164966,44876.0,50,84667,335,82483.0,0.1493,11734.1,1284.07,I-REC
BANK02,2022,2022-04,16.2095,24.2381,19.3905,UI0001696,FAC0048,2022,162345,36243.54,20,80245,528,32469.0,0.1493,7591.88,2239.77,I-REC
BANK02,2022,2022-05,14.4729,25.9952,20.7962,UI0001697,FAC0048,2022,174114,39138.85,20,71648,375,34822.8,0.1493,9182.21,1225.68,I-REC
BANK02,2022,2022-06,21.274,33.1292,26.5034,UI0001698,FAC0048,2022,221897,55740.51,20,105317,571,44379.4,0.1493,13451.68,2153.29,GO
BANK02,2022,2022-07,20.9318,28.3966,22.7172,UI0001699,FAC0048,2022,190198,51357.38,20,103623,609,38039.6,0.1493,9562.48,2216.18,GO
BANK02,2022,2022-08,20.3412,29.5822,20.7075,UI0001700,FAC0048,2022,198139,36642.35,30,100699,535,59441.7,0.1493,13793.42,1863.79,I-REC
BANK02,2022,2022-09,15.4768,24.7878,12.3939,UI0001701,FAC0048,2022,166027,43829.93,50,76618,531,83013.5,0.1493,9521.76,2198.18,GO
BANK02,2022,2022-10,15.9703,24.0339,14.4203,UI0001702,FAC0048,2022,160977,31068.74,40,79061,336,64390.8,0.1493,5896.35,1560.87,I-REC
BANK02,2022,2022-11,14.8753,26.8197,18.7738,UI0001703,FAC0048,2022,179636,52037.29,30,73640,568,53890.8,0.1493,6729.82,2022.58,GO
BANK02,2022,2022-12,19.6516,34.7339,17.3669,UI0001704,FAC0048,2022,232645,63807.23,50,97285,299,116322.5,0.1493,10299.28,1009.32,GO
BANK02,2023,2023-01,19.4772,31.6362,18.9817,UI0001705,FAC0048,2023,218181,68360.05,40,96422,418,87272.4,0.145,8486.56,1649.13,GO
BANK02,2023,2023-02,22.607,29.6544,11.8618,UI0001706,FAC0048,2023,204513,62653.41,60,111916,508,122707.8,0.145,9827.13,1561.88,GO
BANK02,2023,2023-03,16.4933,23.8457,14.3074,UI0001707,FAC0048,2023,164453,36146.61,40,81650,622,65781.2,0.145,9873.29,2085.68,GO
BANK02,2023,2023-04,16.9169,26.3059,13.1529,UI0001708,FAC0048,2023,181420,33184.49,50,83747,519,90710.0,0.145,7439.18,1909.95,I-REC
BANK02,2023,2023-05,15.7764,25.77,12.885,UI0001709,FAC0048,2023,177724,47137.56,50,78101,437,88862.0,0.145,10273.38,2116.1,I-REC
BANK02,2023,2023-06,20.3759,31.5597,12.6239,UI0001710,FAC0048,2023,217653,63757.88,60,100871,397,130591.8,0.145,11333.2,1953.37,GO
BANK02,2023,2023-07,17.8843,28.2514,11.3005,UI0001711,FAC0048,2023,194837,46114.03,60,88536,538,116902.2,0.145,6475.18,2106.71,GO
BANK02,2023,2023-08,19.0749,31.3177,15.6588,UI0001712,FAC0048,2023,215984,47161.32,50,94430,300,107992.0,0.145,10248.82,1469.72,GO
BANK02,2023,2023-09,14.8353,22.7711,9.1084,UI0001713,FAC0048,2023,157042,42931.31,60,73442,412,94225.2,0.145,7795.44,1593.32,I-REC
BANK02,2023,2023-10,15.656,23.9198,9.5679,UI0001714,FAC0048,2023,164964,30072.3,60,77505,529,98978.4,0.145,9227.41,2071.12,I-REC
BANK02,2023,2023-11,15.9778,25.869,10.3476,UI0001715,FAC0048,2023,178407,46705.86,60,79098,646,107044.2,0.145,6007.51,2275.03,GO
BANK02,2023,2023-12,18.9819,31.8308,19.0985,UI0001716,FAC0048,2023,219523,64052.18,40,93970,309,87809.2,0.145,8292.82,1514.96,I-REC
BANK02,2024,2024-01,22.1073,31.9799,9.594,UI0001717,FAC0048,2024,227130,56160.35,70,109442,339,158991.0,0.1408,10407.36,1309.99,I-REC
BANK02,2024,2024-02,20.9189,29.5884,8.8765,UI0001718,FAC0048,2024,210145,65589.53,70,103559,329,147101.5,0.1408,12223.66,1239.91,I-REC
BANK02,2024,2024-03,14.4959,23.7382,11.8691,UI0001719,FAC0048,2024,168595,35171.86,50,71762,651,84297.5,0.1408,8511.02,3215.49,I-REC
BANK02,2024,2024-04,16.4046,22.3851,8.954,UI0001720,FAC0048,2024,158985,29032.33,60,81211,690,95391.0,0.1408,11235.41,3348.37,I-REC
BANK02,2024,2024-05,16.4709,22.184,6.6552,UI0001721,FAC0048,2024,157557,37371.57,70,81539,555,110289.9,0.1408,9745.43,2543.0,I-REC
BANK02,2024,2024-06,18.0239,26.5805,10.6322,UI0001722,FAC0048,2024,188782,57800.09,60,89227,317,113269.2,0.1408,11213.9,1226.56,I-REC
BANK02,2024,2024-07,19.3631,27.9425,11.177,UI0001723,FAC0048,2024,198455,57991.57,60,95857,532,119073.0,0.1408,7544.52,2616.34,I-REC
BANK02,2024,2024-08,17.9766,30.038,15.019,UI0001724,FAC0048,2024,213338,54496.86,50,88993,689,106669.0,0.1408,11657.24,3443.61,I-REC
BANK02,2024,2024-09,14.2271,22.6605,9.0642,UI0001725,FAC0048,2024,160941,40554.35,60,70431,448,96564.6,0.1408,8822.96,1907.75,I-REC
BANK02,2024,2024-10,14.4614,24.1907,12.0954,UI0001726,FAC0048,2024,171809,49175.81,50,71591,556,85904.5,0.1408,7052.02,2289.93,GO
BANK02,2024,2024-11,14.8755,20.9312,8.3725,UI0001727,FAC0048,2024,148659,31352.61,60,73641,427,89195.4,0.1408,8866.84,1353.23,GO
BANK02,2024,2024-12,21.7209,32.3106,9.6932,UI0001728,FAC0048,2024,229479,60617.22,70,107529,355,160635.3,0.1408,8159.75,1637.62,GO
BANK02,2022,2022-01,8.5525,5.6237,3.3742,UI0001729,FAC0049,2022,104919,21050.97,40,42339,1988,41967.6,0.0536,5536.92,8779.46,GO
BANK02,2022,2022-02,9.5455,5.4174,4.3339,UI0001730,FAC0049,2022,101070,30807.62,20,47255,2873,20214.0,0.0536,4588.95,11003.33,GO
BANK02,2022,2022-03,6.689,3.7287,2.2372,UI0001731,FAC0049,2022,69566,15483.04,40,33114,2232,27826.4,0.0536,2969.93,9503.27,GO
BANK02,2022,2022-04,7.1369,3.898,2.7286,UI0001732,FAC0049,2022,72723,15458.59,30,35331,2566,21816.9,0.0536,3801.8,11158.33,I-REC
BANK02,2022,2022-05,6.729,3.8098,1.9049,UI0001733,FAC0049,2022,71078,13677.46,50,33312,2265,35539.0,0.0536,3996.92,10159.81,GO
BANK02,2022,2022-06,9.3744,4.5535,2.2768,UI0001734,FAC0049,2022,84954,18877.07,50,46408,3024,42477.0,0.0536,6063.07,11860.03,I-REC
BANK02,2022,2022-07,8.1384,5.3929,3.775,UI0001735,FAC0049,2022,100614,23577.62,30,40289,2215,30184.2,0.0536,5480.27,8614.12,I-REC
BANK02,2022,2022-08,7.9087,4.8192,2.4096,UI0001736,FAC0049,2022,89911,26426.68,50,39152,2598,44955.5,0.0536,3466.82,10370.15,GO
BANK02,2022,2022-09,6.9456,4.32,2.592,UI0001737,FAC0049,2022,80597,21842.5,40,34384,1947,32238.8,0.0536,4671.63,9109.28,I-REC
BANK02,2022,2022-10,6.6092,4.2704,2.9893,UI0001738,FAC0049,2022,79672,19317.08,30,32719,2102,23901.6,0.0536,3343.19,7372.76,GO
BANK02,2022,2022-11,6.4513,4.363,3.0541,UI0001739,FAC0049,2022,81399,20078.51,30,31937,2862,24419.7,0.0536,3276.77,11777.55,GO
BANK02,2022,2022-12,9.0532,5.2226,2.6113,UI0001740,FAC0049,2022,97437,23285.01,50,44818,1714,48718.5,0.0536,4250.02,6198.25,I-REC
BANK02,2023,2023-01,8.7504,5.1355,2.5677,UI0001741,FAC0049,2023,98759,28206.89,50,43319,1596,49379.5,0.052,5356.7,6868.36,I-REC
BANK02,2023,2023-02,9.5366,4.8891,3.4224,UI0001742,FAC0049,2023,94022,25392.42,30,47211,1539,28206.6,0.052,3458.48,7236.7,I-REC
BANK02,2023,2023-03,7.3958,4.0801,2.04,UI0001743,FAC0049,2023,78463,22098.02,50,36613,2137,39231.5,0.052,2947.39,9594.55,GO
BANK02,2023,2023-04,6.7634,4.0675,2.0337,UI0001744,FAC0049,2023,78221,21249.3,50,33482,2428,39110.5,0.052,3334.36,8478.58,I-REC
BANK02,2023,2023-05,7.5598,4.2478,2.5487,UI0001745,FAC0049,2023,81688,25470.98,40,37425,3075,32675.2,0.052,3745.82,9421.13,GO
BANK02,2023,2023-06,9.2427,4.9344,3.4541,UI0001746,FAC0049,2023,94893,20537.88,30,45756,2880,28467.9,0.052,3295.49,14397.35,I-REC
BANK02,2023,2023-07,7.8,4.9852,2.4926,UI0001747,FAC0049,2023,95869,25106.94,50,38614,2829,47934.5,0.052,4739.58,10533.35,I-REC
BANK02,2023,2023-08,7.8146,4.6849,1.874,UI0001748,FAC0049,2023,90094,26730.6,60,38686,2741,54056.4,0.052,5398.76,8698.64,GO
BANK02,2023,2023-09,7.5221,3.5842,1.4337,UI0001749,FAC0049,2023,68926,20006.31,60,37238,2385,41355.6,0.052,3327.88,9188.86,GO
BANK02,2023,2023-10,6.7119,3.7478,2.6235,UI0001750,FAC0049,2023,72074,18126.74,30,33227,2282,21622.2,0.052,4103.14,8709.77,GO
BANK02,2023,2023-11,6.284,3.8841,1.5536,UI0001751,FAC0049,2023,74694,17626.69,60,31109,2800,44816.4,0.052,3595.05,12779.05,I-REC
BANK02,2023,2023-12,10.0271,5.0714,3.5499,UI0001752,FAC0049,2023,97526,27663.48,30,49639,2776,29257.8,0.052,5948.79,10375.91,I-REC
BANK02,2024,2024-01,9.3065,4.7867,2.872,UI0001753,FAC0049,2024,94786,20727.02,40,46072,2142,37914.4,0.0505,3754.18,7422.76,I-REC
BANK02,2024,2024-02,9.5429,4.6765,2.3382,UI0001754,FAC0049,2024,92603,23103.81,50,47242,2521,46301.5,0.0505,6310.53,11875.75,GO
BANK02,2024,2024-03,7.3053,3.5696,1.0709,UI0001755,FAC0049,2024,70685,14452.46,70,36165,2723,49479.5,0.0505,2925.37,9548.89,GO
BANK02,2024,2024-04,6.4543,3.5985,1.0796,UI0001756,FAC0049,2024,71258,16578.42,70,31952,1596,49880.6,0.0505,2926.26,5769.63,I-REC
BANK02,2024,2024-05,6.4501,3.9788,2.3873,UI0001757,FAC0049,2024,78789,16976.37,40,31931,2553,31515.6,0.0505,3874.07,10213.75,I-REC
BANK02,2024,2024-06,8.2881,4.2289,2.1144,UI0001758,FAC0049,2024,83740,15104.42,50,41030,3074,41870.0,0.0505,3812.18,10835.58,I-REC
BANK02,2024,2024-07,9.0823,4.1704,2.0852,UI0001759,FAC0049,2024,82582,25458.82,50,44962,2849,41291.0,0.0505,3858.42,11421.92,I-REC
BANK02,2024,2024-08,8.9288,4.6615,1.3984,UI0001760,FAC0049,2024,92306,21960.22,70,44202,3317,64614.2,0.0505,5958.3,15686.28,GO
BANK02,2024,2024-09,6.2889,3.6908,1.8454,UI0001761,FAC0049,2024,73086,22555.38,50,31133,1600,36543.0,0.0505,2345.71,6957.81,I-REC
BANK02,2024,2024-10,6.6446,3.3421,1.3369,UI0001762,FAC0049,2024,66181,20257.89,60,32894,2140,39708.6,0.0505,4537.22,9726.07,I-REC
BANK02,2024,2024-11,6.2656,3.7319,1.4928,UI0001763,FAC0049,2024,73899,19899.33,60,31018,1828,44339.4,0.0505,3677.61,7271.64,I-REC
BANK02,2024,2024-12,8.8381,5.0429,3.0258,UI0001764,FAC0049,2024,99860,29282.79,40,43753,2613,39944.0,0.0505,4663.02,11527.94,I-REC
BANK02,2022,2022-01,13.312,7.2393,3.6197,UI0001765,FAC0050,2022,135062,30556.55,50,65901,2960,67531.0,0.0536,8338.82,13849.86,I-REC
BANK02,2022,2022-02,11.2134,7.6526,5.3568,UI0001766,FAC0050,2022,142773,29999.25,30,55512,2150,42831.9,0.0536,4684.51,10121.4,GO
BANK02,2022,2022-03,8.7757,5.3353,4.2682,UI0001767,FAC0050,2022,99539,25549.91,20,43444,2686,19907.8,0.0536,5219.94,8278.53,I-REC
BANK02,2022,2022-04,8.566,4.7773,2.8664,UI0001768,FAC0050,2022,89129,26851.07,40,42406,2278,35651.6,0.0536,3529.68,7413.23,GO
BANK02,2022,2022-05,9.6976,5.3553,3.7487,UI0001769,FAC0050,2022,99913,19422.24,30,48008,1886,29973.9,0.0536,5404.67,7053.55,I-REC
BANK02,2022,2022-06,11.9077,6.3616,5.0893,UI0001770,FAC0050,2022,118687,35328.17,20,58949,3069,23737.4,0.0536,7161.44,9830.65,GO
BANK02,2022,2022-07,10.7333,5.8489,4.0943,UI0001771,FAC0050,2022,109122,24151.63,30,53135,2171,32736.6,0.0536,7402.25,7797.03,GO
BANK02,2022,2022-08,10.4709,6.2825,3.7695,UI0001772,FAC0050,2022,117211,27045.51,40,51836,1481,46884.4,0.0536,6709.04,7263.62,I-REC
BANK02,2022,2022-09,8.2794,5.0554,3.0333,UI0001773,FAC0050,2022,94318,20896.77,40,40987,1437,37727.2,0.0536,4159.55,5842.34,I-REC
BANK02,2022,2022-10,8.3905,5.4235,2.7118,UI0001774,FAC0050,2022,101185,23320.99,50,41537,1416,50592.5,0.0536,4503.94,6127.44,GO
BANK02,2022,2022-11,9.0413,5.0472,2.5236,UI0001775,FAC0050,2022,94164,20078.9,50,44759,2649,47082.0,0.0536,5640.32,9671.69,GO
BANK02,2022,2022-12,11.2354,7.5315,5.272,UI0001776,FAC0050,2022,140513,37048.93,30,55621,2324,42153.9,0.0536,4276.12,8861.92,GO
BANK02,2023,2023-01,12.8821,6.7983,4.079,UI0001777,FAC0050,2023,130737,24540.73,40,63773,1806,52294.8,0.052,5833.64,5714.31,I-REC
BANK02,2023,2023-02,12.4743,6.8039,2.7216,UI0001778,FAC0050,2023,130845,41351.97,60,61754,1515,78507.0,0.052,8289.87,6812.09,GO
BANK02,2023,2023-03,8.7244,5.466,3.8262,UI0001779,FAC0050,2023,105115,19787.09,30,43190,2426,31534.5,0.052,5302.13,11354.66,I-REC
BANK02,2023,2023-04,8.9852,5.1869,2.5934,UI0001780,FAC0050,2023,99748,19825.88,50,44481,1567,49874.0,0.052,5417.95,5968.7,I-REC
BANK02,2023,2023-05,9.5176,4.6276,2.7766,UI0001781,FAC0050,2023,88993,24578.26,40,47117,2975,35597.2,0.052,5385.35,11895.37,GO
BANK02,2023,2023-06,10.7102,6.6144,2.6458,UI0001782,FAC0050,2023,127200,37777.4,60,53021,2487,76320.0,0.052,5821.37,9358.37,I-REC
BANK02,2023,2023-07,10.9878,5.6617,2.2647,UI0001783,FAC0050,2023,108878,28331.25,60,54395,2453,65326.8,0.052,7357.9,7782.63,I-REC
BANK02,2023,2023-08,10.586,5.4884,2.7442,UI0001784,FAC0050,2023,105547,26272.62,50,52406,1741,52773.5,0.052,6456.65,7142.52,I-REC
BANK02,2023,2023-09,9.3017,4.9412,3.4588,UI0001785,FAC0050,2023,95023,17724.42,30,46048,1612,28506.9,0.052,5303.68,6329.69,I-REC
BANK02,2023,2023-10,9.0431,5.3295,3.1977,UI0001786,FAC0050,2023,102490,22094.02,40,44768,2425,40996.0,0.052,3733.48,9520.94,GO
BANK02,2023,2023-11,9.1346,4.6084,2.3042,UI0001787,FAC0050,2023,88623,18263.19,50,45221,1489,44311.5,0.052,5435.8,4600.1,I-REC
BANK02,2023,2023-12,11.9453,6.8821,4.8175,UI0001788,FAC0050,2023,132348,36913.13,30,59135,2976,39704.4,0.052,4749.69,12688.19,GO
BANK02,2024,2024-01,10.5482,6.3463,2.5385,UI0001789,FAC0050,2024,125670,32339.73,60,52219,2007,75402.0,0.0505,4289.54,9775.31,GO
BANK02,2024,2024-02,10.541,5.9237,2.3695,UI0001790,FAC0050,2024,117300,35670.61,60,52183,2723,70380.0,0.0505,4615.29,13367.86,I-REC
BANK02,2024,2024-03,9.5996,4.6489,2.7893,UI0001791,FAC0050,2024,92057,25824.05,40,47523,3048,36822.8,0.0505,3404.1,14451.33,I-REC
BANK02,2024,2024-04,9.5861,4.8722,1.9489,UI0001792,FAC0050,2024,96480,23250.83,60,47456,2370,57888.0,0.0505,6520.72,8340.43,GO
BANK02,2024,2024-05,9.4609,4.3036,1.7214,UI0001793,FAC0050,2024,85219,20486.49,60,46836,1917,51131.4,0.0505,3719.6,7724.83,I-REC
BANK02,2024,2024-06,10.7242,5.7898,1.7369,UI0001794,FAC0050,2024,114649,26216.01,70,53090,2239,80254.3,0.0505,6307.52,10797.9,GO
BANK02,2024,2024-07,11.4114,5.9304,1.7791,UI0001795,FAC0050,2024,117433,31972.34,70,56492,1464,82203.1,0.0505,4161.92,6286.87,I-REC
BANK02,2024,2024-08,9.9307,6.2455,3.7473,UI0001796,FAC0050,2024,123673,39441.87,40,49162,2383,49469.2,0.0505,6192.22,11286.54,GO
BANK02,2024,2024-09,7.8992,4.7977,1.9191,UI0001797,FAC0050,2024,95004,25951.03,60,39105,1828,57002.4,0.0505,3961.54,8709.35,GO
BANK02,2024,2024-10,8.9613,4.9853,2.9912,UI0001798,FAC0050,2024,98718,20634.43,40,44363,1713,39487.2,0.0505,3481.95,7609.25,GO
BANK02,2024,2024-11,9.6259,4.5134,1.8054,UI0001799,FAC0050,2024,89374,25219.5,60,47653,2374,53624.4,0.0505,5204.11,11636.11,I-REC
BANK02,2024,2024-12,11.2306,6.4141,3.8484,UI0001800,FAC0050,2024,127011,27478.34,40,55597,2378,50804.4,0.0505,7039.78,10611.0,I-REC
BANK03,2022,2022-01,38.3242,43.9321,30.7525,UI0001801,FAC0051,2022,473917,124352.67,30,189724,376,142175.1,0.0927,25003.6,1847.9,GO
BANK03,2022,2022-02,38.1762,39.5188,23.7113,UI0001802,FAC0051,2022,426309,120227.58,40,188991,255,170523.6,0.0927,14897.52,1137.38,I-REC
BANK03,2022,2022-03,32.2317,30.1498,15.0749,UI0001803,FAC0051,2022,325241,95639.38,50,159563,318,162620.5,0.0927,17074.91,1443.86,I-REC
BANK03,2022,2022-04,29.3405,32.2106,22.5474,UI0001804,FAC0051,2022,347471,91391.88,30,145250,455,104241.3,0.0927,11863.43,2069.61,I-REC
BANK03,2022,2022-05,30.5737,32.8418,22.9892,UI0001805,FAC0051,2022,354280,89836.62,30,151355,296,106284.0,0.0927,12340.35,1205.62,I-REC
BANK03,2022,2022-06,39.0686,33.2204,23.2543,UI0001806,FAC0051,2022,358365,76821.17,30,193409,404,107509.5,0.0927,16377.26,1564.93,GO
BANK03,2022,2022-07,35.9433,36.9718,22.1831,UI0001807,FAC0051,2022,398833,109843.06,40,177937,406,159533.2,0.0927,22816.19,1611.79,GO
BANK03,2022,2022-08,37.0741,36.2305,18.1152,UI0001808,FAC0051,2022,390836,85591.47,50,183535,243,195418.0,0.0927,23147.38,835.34,GO
BANK03,2022,2022-09,31.7837,33.0489,16.5245,UI0001809,FAC0051,2022,356515,80879.43,50,157345,419,178257.5,0.0927,11888.12,1556.51,I-REC
BANK03,2022,2022-10,33.0199,28.3822,17.0293,UI0001810,FAC0051,2022,306173,84416.51,40,163465,339,122469.2,0.0927,19556.68,1423.6,I-REC
BANK03,2022,2022-11,30.3804,28.1284,16.8771,UI0001811,FAC0051,2022,303435,77449.62,40,150398,434,121374.0,0.0927,15342.82,1541.94,GO
BANK03,2022,2022-12,36.9561,44.0121,22.0061,UI0001812,FAC0051,2022,474780,130918.97,50,182951,438,237390.0,0.0927,25392.36,1451.09,I-REC
BANK03,2023,2023-01,41.7415,37.868,26.5076,UI0001813,FAC0051,2023,420755,122266.04,30,206641,502,126226.5,0.09,23416.0,1932.1,I-REC
BANK03,2023,2023-02,37.8344,37.0321,18.5161,UI0001814,FAC0051,2023,411468,78208.47,50,187299,365,205734.0,0.09,17807.14,1563.17,GO
BANK03,2023,2023-03,27.4437,27.6365,11.0546,UI0001815,FAC0051,2023,307072,65486.67,60,135860,364,184243.2,0.09,16382.51,1757.04,GO
BANK03,2023,2023-04,32.4654,26.1379,15.6827,UI0001816,FAC0051,2023,290421,54757.01,40,160720,348,116168.4,0.09,12490.84,1589.86,I-REC
BANK03,2023,2023-05,27.2906,30.6608,12.2643,UI0001817,FAC0051,2023,340675,92428.22,60,135102,470,204405.0,0.09,10925.21,2276.65,I-REC
BANK03,2023,2023-06,36.5444,32.6117,19.567,UI0001818,FAC0051,2023,362352,80711.5,40,180913,477,144940.8,0.09,21057.78,1590.69,I-REC
BANK03,2023,2023-07,36.7551,34.2756,17.1378,UI0001819,FAC0051,2023,380840,91792.02,50,181956,416,190420.0,0.09,21578.35,2042.49,GO
BANK03,2023,2023-08,39.0894,37.245,18.6225,UI0001820,FAC0051,2023,413833,74959.61,50,193512,544,206916.5,0.09,16308.94,2622.07,GO
BANK03,2023,2023-09,27.208,29.0317,17.419,UI0001821,FAC0051,2023,322574,77872.17,40,134693,507,129029.6,0.09,11710.31,2326.68,GO
BANK03,2023,2023-10,29.1615,28.8791,20.2154,UI0001822,FAC0051,2023,320879,99471.25,30,144364,473,96263.7,0.09,13402.86,1676.85,GO
BANK03,2023,2023-11,28.8331,30.9114,12.3646,UI0001823,FAC0051,2023,343460,63789.59,60,142738,422,206076.0,0.09,18889.54,1674.97,I-REC
BANK03,2023,2023-12,41.6393,36.5165,21.9099,UI0001824,FAC0051,2023,405739,101194.62,40,206135,550,162295.6,0.09,15123.19,2016.03,I-REC
BANK03,2024,2024-01,42.1863,34.3069,13.7227,UI0001825,FAC0051,2024,392527,104948.81,60,208843,506,235516.2,0.0874,15539.52,2124.49,I-REC
BANK03,2024,2024-02,39.1189,33.9201,10.176,UI0001826,FAC0051,2024,388102,94007.09,70,193658,547,271671.4,0.0874,22049.44,2387.98,GO
BANK03,2024,2024-03,28.3695,28.993,17.3958,UI0001827,FAC0051,2024,331728,100555.73,40,140443,250,132691.2,0.0874,19163.11,1234.92,I-REC
BANK03,2024,2024-04,31.2001,28.5537,14.2768,UI0001828,FAC0051,2024,326701,84286.11,50,154456,442,163350.5,0.0874,20119.85,1921.44,I-REC
BANK03,2024,2024-05,31.3456,27.0848,16.2509,UI0001829,FAC0051,2024,309895,95443.33,40,155176,410,123958.0,0.0874,15058.19,1571.76,GO
BANK03,2024,2024-06,36.4052,31.5237,12.6095,UI0001830,FAC0051,2024,360683,79494.53,60,180224,363,216409.8,0.0874,17604.22,1412.66,I-REC
BANK03,2024,2024-07,38.0079,34.1429,13.6572,UI0001831,FAC0051,2024,390651,74812.03,60,188158,500,234390.6,0.0874,23461.3,2062.58,GO
BANK03,2024,2024-08,32.7892,33.8756,10.1627,UI0001832,FAC0051,2024,387593,95990.67,70,162323,397,271315.1,0.0874,15570.47,1312.62,I-REC
BANK03,2024,2024-09,27.8615,28.3073,11.3229,UI0001833,FAC0051,2024,323882,85686.92,60,137928,267,194329.2,0.0874,11250.07,911.01,I-REC
BANK03,2024,2024-10,31.5958,25.1512,12.5756,UI0001834,FAC0051,2024,287771,72749.05,50,156415,433,143885.5,0.0874,18317.36,1510.77,GO
BANK03,2024,2024-11,28.2057,28.8706,11.5482,UI0001835,FAC0051,2024,330327,79805.84,60,139632,417,198196.2,0.0874,14019.91,1567.28,GO
BANK03,2024,2024-12,41.9742,35.1308,14.0523,UI0001836,FAC0051,2024,401954,90704.98,60,207793,389,241172.4,0.0874,25095.14,1371.87,I-REC
BANK03,2022,2022-01,9.5231,32.1667,22.5167,UI0001837,FAC0052,2022,114799,36478.38,30,47144,1240,34439.7,0.2802,4725.42,4887.46,I-REC
BANK03,2022,2022-02,9.7778,30.3367,21.2357,UI0001838,FAC0052,2022,108268,33899.24,30,48405,908,32480.4,0.2802,5848.03,4231.4,GO
BANK03,2022,2022-03,7.7522,21.718,10.859,UI0001839,FAC0052,2022,77509,18345.46,50,38377,1288,38754.5,0.2802,5237.01,4484.79,I-REC
BANK03,2022,2022-04,7.3478,24.45,12.225,UI0001840,FAC0052,2022,87259,21406.99,50,36375,868,43629.5,0.2802,5077.5,3756.69,I-REC
BANK03,2022,2022-05,8.2636,21.0077,10.5039,UI0001841,FAC0052,2022,74974,18269.63,50,40909,1090,37487.0,0.2802,3518.59,3897.27,GO
BANK03,2022,2022-06,8.7852,30.4171,18.2503,UI0001842,FAC0052,2022,108555,30090.67,40,43491,643,43422.0,0.2802,4517.1,2151.41,GO
BANK03,2022,2022-07,9.2076,30.3148,15.1574,UI0001843,FAC0052,2022,108190,23329.95,50,45582,978,54095.0,0.2802,3903.08,3462.83,I-REC
BANK03,2022,2022-08,9.5146,30.4477,15.2238,UI0001844,FAC0052,2022,108664,27682.74,50,47102,828,54332.0,0.2802,6183.91,3103.5,I-REC
BANK03,2022,2022-09,7.8321,21.4827,15.0379,UI0001845,FAC0052,2022,76669,19558.03,30,38773,705,23000.7,0.2802,5337.94,2607.82,GO
BANK03,2022,2022-10,7.999,20.588,12.3528,UI0001846,FAC0052,2022,73476,18224.83,40,39599,1173,29390.4,0.2802,4429.0,5472.9,I-REC
BANK03,2022,2022-11,7.5841,22.1577,11.0788,UI0001847,FAC0052,2022,79078,14724.61,50,37545,1098,39539.0,0.2802,4697.59,5292.25,I-REC
BANK03,2022,2022-12,9.6285,32.0428,22.43,UI0001848,FAC0052,2022,114357,27157.07,30,47666,1087,34307.1,0.2802,4131.86,4873.38,GO
BANK03,2023,2023-01,10.8228,29.7998,20.8598,UI0001849,FAC0052,2023,109558,24330.82,30,53578,823,32867.4,0.272,5494.48,2883.17,I-REC
BANK03,2023,2023-02,10.8914,30.6764,21.4735,UI0001850,FAC0052,2023,112781,24318.74,30,53918,934,33834.3,0.272,7469.53,4052.52,I-REC
BANK03,2023,2023-03,7.8897,21.6297,12.9778,UI0001851,FAC0052,2023,79521,25159.42,40,39058,1228,31808.4,0.272,3074.41,4541.88,I-REC
BANK03,2023,2023-04,7.1922,20.8937,12.5362,UI0001852,FAC0052,2023,76815,19196.37,40,35605,619,30726.0,0.272,3198.68,2740.79,GO
BANK03,2023,2023-05,6.8692,21.2538,8.5015,UI0001853,FAC0052,2023,78139,15167.42,60,34006,606,46883.4,0.272,2565.7,2239.7,I-REC
BANK03,2023,2023-06,9.37,27.4361,19.2053,UI0001854,FAC0052,2023,100868,24346.12,30,46386,617,30260.4,0.272,3361.53,2323.89,I-REC
BANK03,2023,2023-07,9.3465,26.8796,10.7518,UI0001855,FAC0052,2023,98822,25300.35,60,46270,1036,59293.2,0.272,5508.49,3477.02,I-REC
BANK03,2023,2023-08,8.743,26.6476,15.9885,UI0001856,FAC0052,2023,97969,19140.98,40,43282,663,39187.6,0.272,5447.86,2755.83,I-REC
BANK03,2023,2023-09,7.6746,22.8934,9.1574,UI0001857,FAC0052,2023,84167,20395.66,60,37993,1189,50500.2,0.272,4459.62,4406.29,GO
BANK03,2023,2023-10,7.3237,20.3674,10.1837,UI0001858,FAC0052,2023,74880,22695.14,50,36256,1368,37440.0,0.272,4557.05,6028.04,GO
BANK03,2023,2023-11,6.7545,22.0859,13.2515,UI0001859,FAC0052,2023,81198,16125.72,40,33438,632,32479.2,0.272,3600.71,2237.39,GO
BANK03,2023,2023-12,9.3393,26.5059,18.5541,UI0001860,FAC0052,2023,97448,27817.45,30,46234,1213,29234.4,0.272,5217.34,3819.52,GO
BANK03,2024,2024-01,9.9097,25.7944,10.3178,UI0001861,FAC0052,2024,97669,19836.14,60,49058,1299,58601.4,0.2641,5615.56,6431.56,I-REC
BANK03,2024,2024-02,9.5245,25.9985,12.9993,UI0001862,FAC0052,2024,98442,22042.22,50,47151,1112,49221.0,0.2641,5651.46,4953.25,GO
BANK03,2024,2024-03,7.6726,20.2718,8.1087,UI0001863,FAC0052,2024,76758,19406.14,60,37983,1278,46054.8,0.2641,2718.23,5632.39,GO
BANK03,2024,2024-04,7.8511,22.0872,13.2523,UI0001864,FAC0052,2024,83632,25757.34,40,38867,595,33452.8,0.2641,4553.2,2056.71,I-REC
BANK03,2024,2024-05,7.4692,20.0661,10.033,UI0001865,FAC0052,2024,75979,17822.89,50,36976,1246,37989.5,0.2641,2653.52,4171.87,GO
BANK03,2024,2024-06,8.3325,26.9736,8.0921,UI0001866,FAC0052,2024,102134,21777.0,70,41250,1362,71493.8,0.2641,4993.82,6291.84,I-REC
BANK03,2024,2024-07,9.2688,27.4585,13.7292,UI0001867,FAC0052,2024,103970,31616.22,50,45885,1212,51985.0,0.2641,5987.02,4903.97,I-REC
BANK03,2024,2024-08,9.0476,24.8529,12.4264,UI0001868,FAC0052,2024,94104,25794.91,50,44790,656,47052.0,0.2641,6135.51,3013.35,GO
BANK03,2024,2024-09,6.9375,19.2495,7.6998,UI0001869,FAC0052,2024,72887,21964.0,60,34344,1101,43732.2,0.2641,4339.61,3484.9,GO
BANK03,2024,2024-10,7.2657,19.0102,9.5051,UI0001870,FAC0052,2024,71981,21450.79,50,35969,1088,35990.5,0.2641,4557.3,5146.56,GO
BANK03,2024,2024-11,7.6574,20.1904,8.0762,UI0001871,FAC0052,2024,76450,20495.08,60,37908,836,45870.0,0.2641,3377.58,4037.4,GO
BANK03,2024,2024-12,9.0888,28.6023,11.4409,UI0001872,FAC0052,2024,108301,23742.07,60,44994,1123,64980.6,0.2641,6061.47,3614.66,I-REC
BANK03,2022,2022-01,3.1352,2.7184,1.6311,UI0001873,FAC0053,2022,29325,5628.81,40,15521,2375,11730.0,0.0927,1501.55,9263.19,I-REC
BANK03,2022,2022-02,2.6868,2.963,2.3704,UI0001874,FAC0053,2022,31963,6675.5,20,13301,2015,6392.6,0.0927,1699.7,8638.18,GO
BANK03,2022,2022-03,2.2715,2.04,1.02,UI0001875,FAC0053,2022,22006,5541.52,50,11245,2212,11003.0,0.0927,1401.38,9011.94,I-REC
BANK03,2022,2022-04,2.3915,2.3937,1.4362,UI0001876,FAC0053,2022,25822,6028.93,40,11839,3128,10328.8,0.0927,940.26,9558.55,GO
BANK03,2022,2022-05,2.3022,2.0286,1.42,UI0001877,FAC0053,2022,21883,4930.46,30,11397,1841,6564.9,0.0927,1575.46,8834.59,I-REC
BANK03,2022,2022-06,2.6945,2.4993,1.2496,UI0001878,FAC0053,2022,26961,4896.08,50,13339,2392,13480.5,0.0927,935.24,9480.37,GO
BANK03,2022,2022-07,2.9545,2.8605,1.4303,UI0001879,FAC0053,2022,30858,5754.07,50,14626,2257,15429.0,0.0927,1610.48,11246.11,I-REC
BANK03,2022,2022-08,2.7163,2.7975,1.9583,UI0001880,FAC0053,2022,30178,8708.38,30,13447,1590,9053.4,0.0927,1296.36,7124.67,GO
BANK03,2022,2022-09,2.2224,2.161,1.7288,UI0001881,FAC0053,2022,23312,6273.52,20,11002,2601,4662.4,0.0927,913.03,8291.0,GO
BANK03,2022,2022-10,2.1327,2.0608,1.0304,UI0001882,FAC0053,2022,22231,5747.34,50,10558,2359,11115.5,0.0927,1224.45,7562.85,I-REC
BANK03,2022,2022-11,2.263,2.1684,1.5179,UI0001883,FAC0053,2022,23392,5478.34,30,11203,1472,7017.6,0.0927,1017.41,5383.12,GO
BANK03,2022,2022-12,3.0415,2.8976,2.3181,UI0001884,FAC0053,2022,31258,8203.2,20,15057,2254,6251.6,0.0927,1141.8,6928.82,GO
BANK03,2023,2023-01,3.0215,2.9354,2.0548,UI0001885,FAC0053,2023,32616,7637.58,30,14958,1816,9784.8,0.09,2001.69,8339.38,GO
BANK03,2023,2023-02,3.1849,2.8517,1.1407,UI0001886,FAC0053,2023,31686,8565.49,60,15767,2721,19011.6,0.09,1356.95,8874.21,GO
BANK03,2023,2023-03,2.403,2.2423,0.8969,UI0001887,FAC0053,2023,24914,6865.67,60,11896,2695,14948.4,0.09,935.46,8457.73,I-REC
BANK03,2023,2023-04,2.2111,2.263,0.9052,UI0001888,FAC0053,2023,25144,8023.09,60,10946,1574,15086.4,0.09,875.18,5953.69,GO
BANK03,2023,2023-05,2.1689,2.3014,1.1507,UI0001889,FAC0053,2023,25571,7904.46,50,10737,1713,12785.5,0.09,801.94,5991.97,GO
BANK03,2023,2023-06,2.7931,2.7854,1.3927,UI0001890,FAC0053,2023,30949,9698.3,50,13827,2835,15474.5,0.09,1356.53,8524.55,I-REC
BANK03,2023,2023-07,2.63,2.4105,1.6873,UI0001891,FAC0053,2023,26783,6884.74,30,13020,2750,8034.9,0.09,1376.25,10267.61,I-REC
BANK03,2023,2023-08,2.4095,2.4631,1.4779,UI0001892,FAC0053,2023,27368,5688.66,40,11928,2991,10947.2,0.09,1664.62,12234.6,GO
BANK03,2023,2023-09,2.3285,2.2176,1.5523,UI0001893,FAC0053,2023,24640,4449.9,30,11527,1745,7392.0,0.09,1099.05,6070.2,GO
BANK03,2023,2023-10,2.339,2.2377,1.1188,UI0001894,FAC0053,2023,24863,7671.69,50,11579,2278,12431.5,0.09,1116.41,7825.71,GO
BANK03,2023,2023-11,2.1178,2.1899,1.3139,UI0001895,FAC0053,2023,24332,6881.49,40,10484,1437,9732.8,0.09,957.17,6918.71,I-REC
BANK03,2023,2023-12,2.7102,2.962,1.7772,UI0001896,FAC0053,2023,32911,6323.82,40,13417,2395,13164.4,0.09,1249.52,9643.36,I-REC
BANK03,2024,2024-01,2.9734,2.7491,1.6494,UI0001897,FAC0053,2024,31454,9764.66,40,14720,2438,12581.6,0.0874,1379.58,11011.8,GO
BANK03,2024,2024-02,2.627,2.732,1.6392,UI0001898,FAC0053,2024,31259,9377.16,40,13005,3109,12503.6,0.0874,1546.92,10522.38,I-REC
BANK03,2024,2024-03,2.1418,1.9456,0.7782,UI0001899,FAC0053,2024,22261,4236.71,60,10603,3070,13356.6,0.0874,930.47,14937.76,I-REC
BANK03,2024,2024-04,2.0689,1.9603,0.7841,UI0001900,FAC0053,2024,22429,5735.59,60,10242,3173,13457.4,0.0874,883.17,13546.12,I-REC
BANK03,2024,2024-05,2.0648,2.0299,0.609,UI0001901,FAC0053,2024,23225,5996.84,70,10222,1832,16257.5,0.0874,798.04,7538.14,I-REC
BANK03,2024,2024-06,2.5672,2.5835,0.775,UI0001902,FAC0053,2024,29559,8870.04,70,12709,2250,20691.3,0.0874,897.98,8009.17,GO
BANK03,2024,2024-07,2.8488,2.3607,0.7082,UI0001903,FAC0053,2024,27010,7419.25,70,14103,2604,18907.0,0.0874,1646.96,9026.39,GO
BANK03,2024,2024-08,2.7551,2.2478,1.3487,UI0001904,FAC0053,2024,25718,5448.89,40,13639,2797,10287.2,0.0874,1123.76,11636.33,I-REC
BANK03,2024,2024-09,2.2824,1.9757,0.7903,UI0001905,FAC0053,2024,22605,6956.4,60,11299,2732,13563.0,0.0874,1568.91,13092.49,I-REC
BANK03,2024,2024-10,2.2994,1.9129,1.1478,UI0001906,FAC0053,2024,21887,4865.64,40,11383,1604,8754.8,0.0874,1020.64,6522.92,I-REC
BANK03,2024,2024-11,2.0576,1.8243,0.5473,UI0001907,FAC0053,2024,20873,5876.81,70,10186,3006,14611.1,0.0874,867.9,9721.81,GO
BANK03,2024,2024-12,2.7668,2.4589,0.9836,UI0001908,FAC0053,2024,28134,8392.87,60,13697,1425,16880.4,0.0874,1114.3,4421.67,I-REC
BANK03,2022,2022-01,9.0223,25.8263,15.4958,UI0001909,FAC0054,2022,92171,27141.41,40,44665,1388,36868.4,0.2802,5371.79,4993.74,I-REC
BANK03,2022,2022-02,8.994,25.2331,20.1865,UI0001910,FAC0054,2022,90054,22313.25,20,44525,723,18010.8,0.2802,6212.4,2852.46,GO
BANK03,2022,2022-03,6.2618,18.276,10.9656,UI0001911,FAC0054,2022,65225,15560.46,40,30999,880,26090.0,0.2802,3170.99,3540.66,GO
BANK03,2022,2022-04,5.8849,20.1147,14.0803,UI0001912,FAC0054,2022,71787,15896.95,30,29133,962,21536.1,0.2802,2728.3,4700.86,I-REC
BANK03,2022,2022-05,6.6523,19.6967,11.818,UI0001913,FAC0054,2022,70295,22067.66,40,32932,1125,28118.0,0.2802,3181.75,5306.11,I-REC
BANK03,2022,2022-06,6.9757,24.3586,17.051,UI0001914,FAC0054,2022,86933,26871.31,30,34533,1002,26079.9,0.2802,4723.08,4444.53,I-REC
BANK03,2022,2022-07,7.2958,22.8069,11.4034,UI0001915,FAC0054,2022,81395,23559.81,50,36118,746,40697.5,0.2802,3732.62,3170.2,GO
BANK03,2022,2022-08,8.3236,24.9196,12.4598,UI0001916,FAC0054,2022,88935,23430.82,50,41206,1388,44467.5,0.2802,4235.45,6265.07,I-REC
BANK03,2022,2022-09,6.4078,17.8899,12.523,UI0001917,FAC0054,2022,63847,14855.59,30,31722,1333,19154.1,0.2802,3324.15,5569.97,I-REC
BANK03,2022,2022-10,6.7151,20.4535,16.3628,UI0001918,FAC0054,2022,72996,19987.12,20,33243,1415,14599.2,0.2802,2525.73,6923.18,GO
BANK03,2022,2022-11,6.9433,19.997,9.9985,UI0001919,FAC0054,2022,71367,14568.49,50,34373,739,35683.5,0.2802,3995.8,2265.01,I-REC
BANK03,2022,2022-12,9.1104,25.5492,15.3295,UI0001920,FAC0054,2022,91182,18987.76,40,45101,1410,36472.8,0.2802,3888.97,6160.04,I-REC
BANK03,2023,2023-01,7.5247,25.4467,15.268,UI0001921,FAC0054,2023,93554,20143.33,40,37251,756,37421.6,0.272,3596.06,3458.7,GO
BANK03,2023,2023-02,8.9094,25.6306,10.2522,UI0001922,FAC0054,2023,94230,24428.17,60,44106,1341,56538.0,0.272,6095.53,5921.1,GO
BANK03,2023,2023-03,5.5821,18.737,11.2422,UI0001923,FAC0054,2023,68886,14238.88,40,27634,1152,27554.4,0.272,2780.95,5483.42,GO
BANK03,2023,2023-04,5.7534,17.4458,10.4675,UI0001924,FAC0054,2023,64139,16087.26,40,28482,893,25655.6,0.272,2477.1,3956.71,GO
BANK03,2023,2023-05,6.5529,16.4527,8.2264,UI0001925,FAC0054,2023,60488,13037.17,50,32440,1363,30244.0,0.272,4282.23,5603.8,I-REC
BANK03,2023,2023-06,7.5445,21.1643,12.6986,UI0001926,FAC0054,2023,77810,15167.4,40,37349,1436,31124.0,0.272,5129.11,6122.39,GO
BANK03,2023,2023-07,7.6073,23.2748,13.9649,UI0001927,FAC0054,2023,85569,19740.37,40,37660,643,34227.6,0.272,5175.09,3092.21,GO
BANK03,2023,2023-08,6.8288,22.2346,8.8939,UI0001928,FAC0054,2023,81745,19408.52,60,33806,844,49047.0,0.272,4717.12,4170.41,GO
BANK03,2023,2023-09,6.5719,17.5979,7.0391,UI0001929,FAC0054,2023,64698,16633.26,60,32534,1040,38818.8,0.272,3729.3,4048.99,I-REC
BANK03,2023,2023-10,6.4206,17.7126,10.6276,UI0001930,FAC0054,2023,65120,13260.37,40,31785,670,26048.0,0.272,2779.2,2110.72,I-REC
BANK03,2023,2023-11,6.6973,18.0151,9.0076,UI0001931,FAC0054,2023,66232,17116.04,50,33155,713,33116.0,0.272,4559.21,3454.49,I-REC
BANK03,2023,2023-12,8.7211,26.2912,10.5165,UI0001932,FAC0054,2023,96659,25055.99,60,43174,1194,57995.4,0.272,5369.62,3962.84,GO
BANK03,2024,2024-01,8.0954,24.7147,14.8288,UI0001933,FAC0054,2024,93581,20140.85,40,40076,1334,37432.4,0.2641,3247.17,4828.32,GO
BANK03,2024,2024-02,7.9521,22.3135,13.3881,UI0001934,FAC0054,2024,84489,20813.4,40,39367,1122,33795.6,0.2641,4592.45,4246.33,I-REC
BANK03,2024,2024-03,5.9865,16.5221,8.261,UI0001935,FAC0054,2024,62560,16006.99,50,29636,833,31280.0,0.2641,3125.39,3283.7,GO
BANK03,2024,2024-04,5.5631,15.555,4.6665,UI0001936,FAC0054,2024,58898,13176.11,70,27540,669,41228.6,0.2641,3247.91,2207.78,I-REC
BANK03,2024,2024-05,6.2951,15.5613,9.3368,UI0001937,FAC0054,2024,58922,11284.6,40,31164,1253,23568.8,0.2641,4117.43,4663.3,GO
BANK03,2024,2024-06,7.086,20.4722,6.1417,UI0001938,FAC0054,2024,77517,20676.26,70,35079,972,54261.9,0.2641,4072.62,4269.37,GO
BANK03,2024,2024-07,8.0014,19.1639,9.5819,UI0001939,FAC0054,2024,72563,21944.68,50,39611,978,36281.5,0.2641,3658.78,4380.9,I-REC
BANK03,2024,2024-08,7.2106,22.2108,6.6632,UI0001940,FAC0054,2024,84100,18115.2,70,35696,978,58870.0,0.2641,2925.53,3033.37,GO
BANK03,2024,2024-09,5.9513,18.4749,7.3899,UI0001941,FAC0054,2024,69954,15454.91,60,29462,1042,41972.4,0.2641,3181.89,5082.57,I-REC
BANK03,2024,2024-10,5.4839,16.1376,4.8413,UI0001942,FAC0054,2024,61104,12211.4,70,27148,1453,42772.8,0.2641,2352.47,5972.97,GO
BANK03,2024,2024-11,6.3268,16.8578,10.1147,UI0001943,FAC0054,2024,63831,18599.52,40,31321,643,25532.4,0.2641,4087.7,2360.55,I-REC
BANK03,2024,2024-12,7.5388,25.1384,7.5415,UI0001944,FAC0054,2024,95185,18139.1,70,37321,748,66629.5,0.2641,4549.69,3039.16,I-REC
BANK03,2022,2022-01,9.3025,30.3925,24.314,UI0001945,FAC0055,2022,108467,20976.6,20,46052,883,21693.4,0.2802,3366.4,2837.71,I-REC
BANK03,2022,2022-02,10.3331,29.9797,14.9899,UI0001946,FAC0055,2022,106994,29284.61,50,51154,1019,53497.0,0.2802,3680.0,3320.16,GO
BANK03,2022,2022-03,7.0239,20.8497,14.5948,UI0001947,FAC0055,2022,74410,19120.34,30,34772,555,22323.0,0.2802,4188.67,1805.22,GO
BANK03,2022,2022-04,7.0522,21.5482,17.2386,UI0001948,FAC0055,2022,76903,22793.1,20,34912,839,15380.6,0.2802,3849.9,3944.97,I-REC
BANK03,2022,2022-05,7.7138,23.9512,19.161,UI0001949,FAC0055,2022,85479,19498.95,20,38187,801,17095.8,0.2802,5251.73,3414.88,GO
BANK03,2022,2022-06,8.9407,27.1452,13.5726,UI0001950,FAC0055,2022,96878,28862.33,50,44261,558,48439.0,0.2802,5583.31,2394.85,I-REC
BANK03,2022,2022-07,9.4576,25.5369,12.7684,UI0001951,FAC0055,2022,91138,20669.6,50,46820,1100,45569.0,0.2802,6346.1,3965.95,GO
BANK03,2022,2022-08,10.1869,29.8601,20.9021,UI0001952,FAC0055,2022,106567,23643.35,30,50430,1093,31970.1,0.2802,6391.96,5086.22,GO
BANK03,2022,2022-09,7.066,23.1711,18.5369,UI0001953,FAC0055,2022,82695,20872.09,20,34980,562,16539.0,0.2802,3784.1,2465.05,GO
BANK03,2022,2022-10,7.8164,21.3246,10.6623,UI0001954,FAC0055,2022,76105,21451.44,50,38695,1086,38052.5,0.2802,3346.9,5264.94,GO
BANK03,2022,2022-11,8.023,22.4936,13.4962,UI0001955,FAC0055,2022,80277,17788.53,40,39718,785,32110.8,0.2802,4546.72,2665.16,I-REC
BANK03,2022,2022-12,10.8399,32.7215,16.3607,UI0001956,FAC0055,2022,116779,29503.62,50,53663,876,58389.5,0.2802,4375.43,4335.3,I-REC
BANK03,2023,2023-01,9.8635,28.1972,11.2789,UI0001957,FAC0055,2023,103666,29583.75,60,48829,694,62199.6,0.272,6328.17,2391.25,I-REC
BANK03,2023,2023-02,10.2594,29.0191,17.4115,UI0001958,FAC0055,2023,106688,28365.53,40,50789,506,42675.2,0.272,5586.53,2290.05,I-REC
BANK03,2023,2023-03,8.0687,20.4974,10.2487,UI0001959,FAC0055,2023,75358,14887.01,50,39944,891,37679.0,0.272,4112.75,4212.9,I-REC
BANK03,2023,2023-04,7.6205,23.6833,11.8417,UI0001960,FAC0055,2023,87071,15788.39,50,37725,938,43535.5,0.272,2814.55,4125.33,GO
BANK03,2023,2023-05,7.3995,21.6099,12.9659,UI0001961,FAC0055,2023,79448,18811.1,40,36631,560,31779.2,0.272,4345.04,2765.29,I-REC
BANK03,2023,2023-06,8.4044,28.2692,16.9615,UI0001962,FAC0055,2023,103931,32135.26,40,41606,645,41572.4,0.272,3555.55,2943.64,GO
BANK03,2023,2023-07,9.2575,25.0762,12.5381,UI0001963,FAC0055,2023,92192,28507.0,50,45829,532,46096.0,0.272,5227.58,1658.4,I-REC
BANK03,2023,2023-08,8.7789,24.3837,17.0686,UI0001964,FAC0055,2023,89646,27986.69,30,43460,776,26893.8,0.272,3387.94,3042.1,I-REC
BANK03,2023,2023-09,7.2779,23.07,11.535,UI0001965,FAC0055,2023,84816,21101.2,50,36029,1060,42408.0,0.272,4706.82,4072.74,I-REC
BANK03,2023,2023-10,6.708,23.7206,16.6044,UI0001966,FAC0055,2023,87208,22066.98,30,33208,486,26162.4,0.272,2617.16,2051.29,I-REC
BANK03,2023,2023-11,8.1442,20.4816,10.2408,UI0001967,FAC0055,2023,75300,18280.77,50,40318,868,37650.0,0.272,3686.36,2878.14,I-REC
BANK03,2023,2023-12,9.3993,29.1356,14.5678,UI0001968,FAC0055,2023,107116,28525.41,50,46531,985,53558.0,0.272,5486.35,4750.84,GO
BANK03,2024,2024-01,9.6663,27.4078,10.9631,UI0001969,FAC0055,2024,103778,22300.59,60,47853,1075,62266.8,0.2641,5343.22,4922.73,I-REC
BANK03,2024,2024-02,10.2343,25.674,10.2696,UI0001970,FAC0055,2024,97213,23826.54,60,50665,583,58327.8,0.2641,6310.63,2218.53,I-REC
BANK03,2024,2024-03,7.6037,18.6135,11.1681,UI0001971,FAC0055,2024,70479,18356.32,40,37642,570,28191.6,0.2641,4487.75,2435.22,GO
BANK03,2024,2024-04,7.7827,20.3537,8.1415,UI0001972,FAC0055,2024,77068,17121.03,60,38528,738,46240.8,0.2641,3914.93,2935.6,I-REC
BANK03,2024,2024-05,7.5833,22.0444,13.2267,UI0001973,FAC0055,2024,83470,23372.92,40,37541,681,33388.0,0.2641,3374.55,2916.45,I-REC
BANK03,2024,2024-06,9.1146,23.3264,13.9958,UI0001974,FAC0055,2024,88324,24983.24,40,45122,860,35329.6,0.2641,4557.38,3205.54,I-REC
BANK03,2024,2024-07,9.6966,27.0494,13.5247,UI0001975,FAC0055,2024,102421,22820.3,50,48003,622,51210.5,0.2641,4137.08,2580.76,GO
BANK03,2024,2024-08,8.5056,25.6594,12.8297,UI0001976,FAC0055,2024,97158,28250.23,50,42107,1023,48579.0,0.2641,4977.99,3426.06,GO
BANK03,2024,2024-09,7.5663,20.5042,10.2521,UI0001977,FAC0055,2024,77638,16671.74,50,37457,692,38819.0,0.2641,4714.71,2783.14,I-REC
BANK03,2024,2024-10,6.9141,22.2504,11.1252,UI0001978,FAC0055,2024,84250,18434.98,50,34228,1075,42125.0,0.2641,2991.48,5156.01,I-REC
BANK03,2024,2024-11,6.6288,21.3726,6.4118,UI0001979,FAC0055,2024,80926,18081.43,70,32816,1107,56648.2,0.2641,4238.49,3658.69,GO
BANK03,2024,2024-12,10.5535,28.9311,11.5724,UI0001980,FAC0055,2024,109546,22645.66,60,52245,492,65727.6,0.2641,6652.11,1630.77,I-REC
BANK03,2022,2022-01,4.7799,7.4884,5.9908,UI0001981,FAC0056,2022,50157,11835.37,20,23663,960,10031.4,0.1493,1864.31,4457.28,I-REC
BANK03,2022,2022-02,5.2453,7.6227,6.0981,UI0001982,FAC0056,2022,51056,11803.6,20,25967,1106,10211.2,0.1493,2465.69,4499.92,GO
BANK03,2022,2022-03,3.923,5.9206,3.5524,UI0001983,FAC0056,2022,39656,10658.22,40,19421,1525,15862.4,0.1493,2308.74,5408.82,I-REC
BANK03,2022,2022-04,3.8073,5.5105,3.3063,UI0001984,FAC0056,2022,36909,11533.42,40,18848,1285,14763.6,0.1493,1838.23,4038.0,I-REC
BANK03,2022,2022-05,3.4439,6.0334,4.8267,UI0001985,FAC0056,2022,40411,8018.49,20,17049,1397,8082.2,0.1493,1470.99,6428.39,I-REC
BANK03,2022,2022-06,4.5076,6.5661,5.2529,UI0001986,FAC0056,2022,43979,13115.74,20,22315,1133,8795.8,0.1493,2846.52,5059.43,GO
BANK03,2022,2022-07,4.8848,7.797,5.4579,UI0001987,FAC0056,2022,52224,14731.95,30,24182,983,15667.2,0.1493,2217.59,4838.32,I-REC
BANK03,2022,2022-08,4.9486,7.8632,3.9316,UI0001988,FAC0056,2022,52667,10291.69,50,24498,1222,26333.5,0.1493,2901.55,5763.74,GO
BANK03,2022,2022-09,3.6954,5.7021,2.851,UI0001989,FAC0056,2022,38192,9185.71,50,18294,779,19096.0,0.1493,1575.9,3830.8,I-REC
BANK03,2022,2022-10,3.4255,6.0785,4.2549,UI0001990,FAC0056,2022,40713,7427.8,30,16958,919,12213.9,0.1493,2117.52,2978.16,I-REC
BANK03,2022,2022-11,3.9535,5.8163,3.4898,UI0001991,FAC0056,2022,38957,11876.0,40,19572,737,15582.8,0.1493,2351.15,2561.0,I-REC
BANK03,2022,2022-12,5.2997,7.3142,3.6571,UI0001992,FAC0056,2022,48990,15262.18,50,26236,671,24495.0,0.1493,2410.73,2401.06,GO
BANK03,2023,2023-01,4.9359,6.8463,3.4232,UI0001993,FAC0056,2023,47216,12912.17,50,24435,1260,23608.0,0.145,2428.89,4902.39,GO
BANK03,2023,2023-02,4.6448,8.0826,3.233,UI0001994,FAC0056,2023,55742,10220.69,60,22994,1284,33445.2,0.145,3111.76,3959.94,GO
BANK03,2023,2023-03,3.2894,5.9359,2.9679,UI0001995,FAC0056,2023,40937,11754.68,50,16284,710,20468.5,0.145,1615.89,2266.39,GO
BANK03,2023,2023-04,3.4189,5.1294,3.5906,UI0001996,FAC0056,2023,35375,9031.68,30,16925,804,10612.5,0.145,1430.14,2863.92,I-REC
BANK03,2023,2023-05,3.5451,6.1708,3.7025,UI0001997,FAC0056,2023,42557,10966.12,40,17550,773,17022.8,0.145,1368.4,3813.8,I-REC
BANK03,2023,2023-06,4.4612,6.8523,3.4261,UI0001998,FAC0056,2023,47257,14676.3,50,22085,985,23628.5,0.145,2985.17,3045.12,GO
BANK03,2023,2023-07,4.0178,6.6833,3.3417,UI0001999,FAC0056,2023,46092,14705.95,50,19890,1199,23046.0,0.145,2448.7,4883.05,GO
BANK03,2023,2023-08,4.4107,6.4212,4.4948,UI0002000,FAC0056,2023,44284,10941.84,30,21835,1139,13285.2,0.145,1767.01,4529.29,GO
BANK03,2023,2023-09,3.7865,6.0021,4.2015,UI0002001,FAC0056,2023,41394,11352.39,30,18745,1550,12418.2,0.145,2550.35,5550.19,I-REC
BANK03,2023,2023-10,3.4019,5.247,2.0988,UI0002002,FAC0056,2023,36186,7945.74,60,16841,859,21711.6,0.145,1728.35,2960.59,I-REC
BANK03,2023,2023-11,3.8279,5.8896,3.5338,UI0002003,FAC0056,2023,40618,7593.96,40,18950,1528,16247.2,0.145,1857.55,5939.17,I-REC
BANK03,2023,2023-12,5.0837,8.0932,4.0466,UI0002004,FAC0056,2023,55815,10853.43,50,25167,1193,27907.5,0.145,2211.46,5909.98,I-REC
BANK03,2024,2024-01,4.4557,7.3058,4.3835,UI0002005,FAC0056,2024,51888,11230.11,40,22058,1083,20755.2,0.1408,2286.45,4471.27,GO
BANK03,2024,2024-02,4.621,7.7868,2.336,UI0002006,FAC0056,2024,55304,13434.54,70,22876,1131,38712.8,0.1408,1710.82,4662.4,I-REC
BANK03,2024,2024-03,3.8311,5.6459,2.2584,UI0002007,FAC0056,2024,40099,9206.94,60,18966,746,24059.4,0.1408,1387.94,3235.9,GO
BANK03,2024,2024-04,3.7798,5.681,2.2724,UI0002008,FAC0056,2024,40348,8668.85,60,18712,856,24208.8,0.1408,2292.87,3430.47,GO
BANK03,2024,2024-05,3.6625,5.8103,2.9051,UI0002009,FAC0056,2024,41266,7521.8,50,18131,858,20633.0,0.1408,1310.26,3173.72,GO
BANK03,2024,2024-06,4.2075,6.9951,3.4975,UI0002010,FAC0056,2024,49681,10613.44,50,20829,967,24840.5,0.1408,2142.9,3823.17,GO
BANK03,2024,2024-07,3.9228,6.9421,2.0826,UI0002011,FAC0056,2024,49305,12292.63,70,19420,849,34513.5,0.1408,2116.87,2730.83,I-REC
BANK03,2024,2024-08,4.6359,6.9267,2.7707,UI0002012,FAC0056,2024,49195,12625.94,60,22950,767,29517.0,0.1408,2688.15,2320.35,GO
BANK03,2024,2024-09,3.3831,4.9386,1.9754,UI0002013,FAC0056,2024,35075,11004.52,60,16748,722,21045.0,0.1408,1512.43,2629.88,I-REC
BANK03,2024,2024-10,3.9047,5.5336,3.3201,UI0002014,FAC0056,2024,39301,9865.31,40,19330,935,15720.4,0.1408,2360.31,2873.21,I-REC
BANK03,2024,2024-11,3.8489,5.4322,1.6297,UI0002015,FAC0056,2024,38581,9113.01,70,19054,1424,27006.7,0.1408,1944.98,5754.18,I-REC
BANK03,2024,2024-12,4.5555,7.1208,3.5604,UI0002016,FAC0056,2024,50574,9196.71,50,22552,758,25287.0,0.1408,2838.92,3444.26,GO
BANK03,2022,2022-01,0.6068,1.835,1.468,UI0002017,FAC0057,2022,6549,1206.24,20,3004,1481,1309.8,0.2802,226.99,5104.72,I-REC
BANK03,2022,2022-02,0.6181,1.7997,1.4398,UI0002018,FAC0057,2022,6423,1598.3,20,3060,1758,1284.6,0.2802,422.76,6251.38,I-REC
BANK03,2022,2022-03,0.4886,1.431,0.7155,UI0002019,FAC0057,2022,5107,1143.83,50,2419,1784,2553.5,0.2802,215.3,8044.39,GO
BANK03,2022,2022-04,0.4937,1.3483,0.809,UI0002020,FAC0057,2022,4812,933.38,40,2444,1504,1924.8,0.2802,274.69,5647.8,I-REC
BANK03,2022,2022-05,0.4488,1.3464,0.6732,UI0002021,FAC0057,2022,4805,902.36,50,2222,1592,2402.5,0.2802,181.35,5571.4,I-REC
BANK03,2022,2022-06,0.6361,1.6397,0.9838,UI0002022,FAC0057,2022,5852,1366.52,40,3149,1081,2340.8,0.2802,323.61,5087.44,I-REC
BANK03,2022,2022-07,0.5424,1.9395,1.1637,UI0002023,FAC0057,2022,6922,1748.58,40,2685,1156,2768.8,0.2802,326.39,5377.86,I-REC
BANK03,2022,2022-08,0.5913,1.6302,1.3042,UI0002024,FAC0057,2022,5818,1321.58,20,2927,1437,1163.6,0.2802,289.47,5550.72,I-REC
BANK03,2022,2022-09,0.5113,1.5097,1.0568,UI0002025,FAC0057,2022,5388,1406.68,30,2531,1667,1616.4,0.2802,263.59,6845.79,I-REC
BANK03,2022,2022-10,0.4808,1.5277,0.7638,UI0002026,FAC0057,2022,5452,1591.72,50,2380,1422,2726.0,0.2802,235.95,5194.24,I-REC
BANK03,2022,2022-11,0.4929,1.4413,0.8648,UI0002027,FAC0057,2022,5144,1143.95,40,2440,1645,2057.6,0.2802,197.32,5411.22,I-REC
BANK03,2022,2022-12,0.6119,2.0477,1.2286,UI0002028,FAC0057,2022,7308,1864.54,40,3029,1360,2923.2,0.2802,389.37,4600.59,GO
BANK03,2023,2023-01,0.6763,1.6801,1.1761,UI0002029,FAC0057,2023,6177,1371.47,30,3348,1026,1853.1,0.272,244.1,5013.08,GO
BANK03,2023,2023-02,0.6767,1.9622,1.3735,UI0002030,FAC0057,2023,7214,2000.9,30,3350,1733,2164.2,0.272,323.67,6518.33,I-REC
BANK03,2023,2023-03,0.4367,1.4024,0.9817,UI0002031,FAC0057,2023,5156,1364.28,30,2162,1056,1546.8,0.272,188.95,4379.77,I-REC
BANK03,2023,2023-04,0.4333,1.2425,0.8697,UI0002032,FAC0057,2023,4568,1380.77,30,2145,1056,1370.4,0.272,235.41,4740.08,I-REC
BANK03,2023,2023-05,0.5022,1.4696,0.8818,UI0002033,FAC0057,2023,5403,1527.48,40,2486,1620,2161.2,0.272,321.41,6085.9,I-REC
BANK03,2023,2023-06,0.589,1.7381,0.6952,UI0002034,FAC0057,2023,6390,1516.28,60,2916,1707,3834.0,0.272,316.84,7773.89,I-REC
BANK03,2023,2023-07,0.6317,1.6138,1.1296,UI0002035,FAC0057,2023,5933,1301.26,30,3127,1011,1779.9,0.272,262.23,3174.06,GO
BANK03,2023,2023-08,0.6288,1.5512,1.0859,UI0002036,FAC0057,2023,5703,1275.69,30,3113,1823,1710.9,0.272,424.66,6715.22,GO
BANK03,2023,2023-09,0.4917,1.2643,0.885,UI0002037,FAC0057,2023,4648,1126.17,30,2434,945,1394.4,0.272,270.44,2839.21,GO
BANK03,2023,2023-10,0.4288,1.3265,0.9286,UI0002038,FAC0057,2023,4877,1268.77,30,2123,1158,1463.1,0.272,189.46,3584.63,GO
BANK03,2023,2023-11,0.4618,1.5161,0.6065,UI0002039,FAC0057,2023,5574,1414.23,60,2286,886,3344.4,0.272,171.09,3008.74,I-REC
BANK03,2023,2023-12,0.6686,1.7509,0.7003,UI0002040,FAC0057,2023,6437,1403.57,60,3310,1576,3862.2,0.272,341.48,7710.95,I-REC
BANK03,2024,2024-01,0.5961,1.6274,0.651,UI0002041,FAC0057,2024,6162,1791.16,60,2951,1799,3697.2,0.2641,300.56,6360.29,GO
BANK03,2024,2024-02,0.6615,1.6519,0.6608,UI0002042,FAC0057,2024,6255,1352.07,60,3275,1758,3753.0,0.2641,373.08,7430.84,I-REC
BANK03,2024,2024-03,0.4583,1.4349,0.7174,UI0002043,FAC0057,2024,5433,1165.76,50,2269,1411,2716.5,0.2641,175.75,4878.56,I-REC
BANK03,2024,2024-04,0.5092,1.3768,0.6884,UI0002044,FAC0057,2024,5213,1533.74,50,2521,1083,2606.5,0.2641,247.86,3899.8,GO
BANK03,2024,2024-05,0.4525,1.1816,0.3545,UI0002045,FAC0057,2024,4474,1280.78,70,2240,1015,3131.8,0.2641,227.5,3519.5,I-REC
BANK03,2024,2024-06,0.5824,1.4639,0.4392,UI0002046,FAC0057,2024,5543,1715.92,70,2883,829,3880.1,0.2641,281.84,2632.22,GO
BANK03,2024,2024-07,0.5185,1.7111,0.5133,UI0002047,FAC0057,2024,6479,1750.37,70,2567,1820,4535.3,0.2641,232.76,8323.97,I-REC
BANK03,2024,2024-08,0.5349,1.4959,0.5983,UI0002048,FAC0057,2024,5664,1036.42,60,2648,821,3398.4,0.2641,237.43,2940.15,GO
BANK03,2024,2024-09,0.4598,1.3173,0.3952,UI0002049,FAC0057,2024,4988,1438.97,70,2276,1094,3491.6,0.2641,260.67,5068.08,GO
BANK03,2024,2024-10,0.4638,1.3356,0.4007,UI0002050,FAC0057,2024,5057,918.84,70,2296,1320,3539.9,0.2641,265.13,5029.96,I-REC
BANK03,2024,2024-11,0.5082,1.2085,0.3626,UI0002051,FAC0057,2024,4576,1334.87,70,2516,1742,3203.2,0.2641,176.81,5476.21,GO
BANK03,2024,2024-12,0.6737,1.7441,0.5232,UI0002052,FAC0057,2024,6604,1478.29,70,3335,1679,4622.8,0.2641,445.29,7036.75,I-REC
BANK03,2022,2022-01,8.3165,24.9622,12.4811,UI0002053,FAC0058,2022,89087,22618.54,50,41171,1229,44543.5,0.2802,3200.85,5862.25,I-REC
BANK03,2022,2022-02,7.9376,23.2384,18.5907,UI0002054,FAC0058,2022,82935,26454.45,20,39295,1101,16587.0,0.2802,3515.42,3355.02,I-REC
BANK03,2022,2022-03,5.5946,19.12,11.472,UI0002055,FAC0058,2022,68237,15475.21,40,27696,762,27294.8,0.2802,3086.28,2968.35,I-REC
BANK03,2022,2022-04,5.5538,16.6711,10.0026,UI0002056,FAC0058,2022,59497,16236.9,40,27494,1031,23798.8,0.2802,3330.31,5123.92,I-REC
BANK03,2022,2022-05,5.7188,19.1332,15.3065,UI0002057,FAC0058,2022,68284,16880.23,20,28311,666,13656.8,0.2802,3328.79,3088.3,GO
BANK03,2022,2022-06,6.97,22.5284,18.0227,UI0002058,FAC0058,2022,80401,17974.15,20,34505,1210,16080.2,0.2802,4093.37,5047.31,GO
BANK03,2022,2022-07,7.3518,20.1716,14.1201,UI0002059,FAC0058,2022,71990,20208.15,30,36395,1263,21597.0,0.2802,4375.93,6207.0,GO
BANK03,2022,2022-08,7.3821,22.0391,17.6313,UI0002060,FAC0058,2022,78655,25108.48,20,36545,881,15731.0,0.2802,3111.88,3643.68,I-REC
BANK03,2022,2022-09,5.7818,16.9389,10.1634,UI0002061,FAC0058,2022,60453,15168.83,40,28623,1214,24181.2,0.2802,3441.51,4011.63,I-REC
BANK03,2022,2022-10,6.2103,19.1071,11.4643,UI0002062,FAC0058,2022,68191,20348.99,40,30744,1140,27276.4,0.2802,2961.51,4171.42,GO
BANK03,2022,2022-11,6.2606,18.2007,9.1003,UI0002063,FAC0058,2022,64956,17683.58,50,30993,660,32478.0,0.2802,3011.32,2578.27,I-REC
BANK03,2022,2022-12,8.1372,21.5933,15.1153,UI0002064,FAC0058,2022,77064,16822.08,30,40283,1271,23119.2,0.2802,3385.91,4129.14,I-REC
BANK03,2023,2023-01,8.3058,23.5508,16.4856,UI0002065,FAC0058,2023,86584,20802.58,30,41118,833,25975.2,0.272,3929.66,3430.65,GO
BANK03,2023,2023-02,8.2374,20.5814,8.2326,UI0002066,FAC0058,2023,75667,20055.8,60,40779,1150,45400.2,0.272,3192.63,5099.33,GO
BANK03,2023,2023-03,5.5643,16.4,9.84,UI0002067,FAC0058,2023,60294,18740.87,40,27546,835,24117.6,0.272,2643.58,2944.17,GO
BANK03,2023,2023-04,5.4144,16.1106,6.4442,UI0002068,FAC0058,2023,59230,10790.56,60,26804,980,35538.0,0.272,3637.49,4238.74,GO
BANK03,2023,2023-05,5.5512,17.2045,10.3227,UI0002069,FAC0058,2023,63252,16692.33,40,27481,902,25300.8,0.272,2380.23,3899.19,I-REC
BANK03,2023,2023-06,7.5047,20.4005,8.1602,UI0002070,FAC0058,2023,75002,17674.57,60,37152,620,45001.2,0.272,4544.26,3056.45,GO
BANK03,2023,2023-07,6.5016,19.936,13.9552,UI0002071,FAC0058,2023,73294,16571.58,30,32186,1156,21988.2,0.272,3652.46,3869.44,GO
BANK03,2023,2023-08,6.3343,22.4895,15.7427,UI0002072,FAC0058,2023,82682,22606.18,30,31358,1034,24804.6,0.272,3841.02,3273.98,GO
BANK03,2023,2023-09,5.2593,16.1924,6.477,UI0002073,FAC0058,2023,59531,12320.16,60,26036,599,35718.6,0.272,2292.59,2099.35,I-REC
BANK03,2023,2023-10,5.8913,17.6841,10.6104,UI0002074,FAC0058,2023,65015,20327.48,40,29165,923,26006.0,0.272,3787.92,2771.23,GO
BANK03,2023,2023-11,5.8138,17.3528,10.4117,UI0002075,FAC0058,2023,63797,16224.84,40,28781,650,25518.8,0.272,2625.02,3212.97,I-REC
BANK03,2023,2023-12,7.8568,23.8511,9.5405,UI0002076,FAC0058,2023,87688,21652.8,60,38895,1105,52612.8,0.272,3258.04,5375.09,I-REC
BANK03,2024,2024-01,7.1575,19.4663,11.6798,UI0002077,FAC0058,2024,73708,18362.92,40,35433,739,29483.2,0.2641,4685.23,3664.0,GO
BANK03,2024,2024-02,7.1294,23.1909,9.2764,UI0002078,FAC0058,2024,87811,27723.67,60,35294,1272,52686.6,0.2641,4260.86,3994.61,I-REC
BANK03,2024,2024-03,6.1842,14.807,7.4035,UI0002079,FAC0058,2024,56066,16989.69,50,30615,1111,28033.0,0.2641,2188.04,3807.0,I-REC
BANK03,2024,2024-04,5.8905,14.6253,5.8501,UI0002080,FAC0058,2024,55378,10910.52,60,29161,838,33226.8,0.2641,2825.95,3583.41,GO
BANK03,2024,2024-05,5.8798,16.3676,8.1838,UI0002081,FAC0058,2024,61975,12800.42,50,29108,1152,30987.5,0.2641,2570.99,3724.11,I-REC
BANK03,2024,2024-06,7.0347,20.0064,10.0032,UI0002082,FAC0058,2024,75753,16996.02,50,34825,857,37876.5,0.2641,3962.99,3584.07,GO
BANK03,2024,2024-07,6.8347,19.1715,9.5858,UI0002083,FAC0058,2024,72592,14563.98,50,33835,747,36296.0,0.2641,4219.52,3236.64,GO
BANK03,2024,2024-08,7.209,20.3389,8.1355,UI0002084,FAC0058,2024,77012,15370.65,60,35688,1028,46207.2,0.2641,4745.75,3390.72,I-REC
BANK03,2024,2024-09,5.9782,17.1958,10.3175,UI0002085,FAC0058,2024,65111,13313.42,40,29595,1135,26044.4,0.2641,3911.41,3950.71,I-REC
BANK03,2024,2024-10,5.7528,16.2263,6.4905,UI0002086,FAC0058,2024,61440,18333.23,60,28479,1003,36864.0,0.2641,2323.29,3383.12,GO
BANK03,2024,2024-11,5.7639,14.9555,5.9822,UI0002087,FAC0058,2024,56628,12581.6,60,28534,1103,33976.8,0.2641,3036.49,4985.83,GO
BANK03,2024,2024-12,8.1463,20.21,6.063,UI0002088,FAC0058,2024,76524,19209.16,70,40328,1007,53566.8,0.2641,5284.89,4800.96,I-REC
BANK03,2022,2022-01,13.4277,34.9423,27.9539,UI0002089,FAC0059,2022,124705,29885.8,20,66474,101,24941.0,0.2802,4766.29,445.92,GO
BANK03,2022,2022-02,12.8654,34.5613,20.7368,UI0002090,FAC0059,2022,123345,27680.71,40,63690,128,49338.0,0.2802,6008.54,556.75,GO
BANK03,2022,2022-03,8.6842,30.2591,15.1295,UI0002091,FAC0059,2022,107991,30000.34,50,42991,145,53995.5,0.2802,3511.63,574.63,I-REC
BANK03,2022,2022-04,9.7402,28.5241,17.1144,UI0002092,FAC0059,2022,101799,26548.96,40,48219,96,40719.6,0.2802,5697.88,291.04,GO
BANK03,2022,2022-05,10.3975,29.9612,14.9806,UI0002093,FAC0059,2022,106928,21766.46,50,51473,177,53464.0,0.2802,5089.24,844.76,GO
BANK03,2022,2022-06,11.4051,38.2778,26.7945,UI0002094,FAC0059,2022,136609,28228.43,30,56461,80,40982.7,0.2802,5962.87,251.59,I-REC
BANK03,2022,2022-07,10.8924,37.0853,18.5427,UI0002095,FAC0059,2022,132353,32502.85,50,53923,111,66176.5,0.2802,4632.88,434.09,GO
BANK03,2022,2022-08,11.815,37.9301,22.7581,UI0002096,FAC0059,2022,135368,42877.06,40,58490,141,54147.2,0.2802,7585.57,512.07,GO
BANK03,2022,2022-09,9.6536,27.7642,19.4349,UI0002097,FAC0059,2022,99087,21371.07,30,47790,145,29726.1,0.2802,4855.5,632.83,I-REC
BANK03,2022,2022-10,9.492,26.2015,13.1008,UI0002098,FAC0059,2022,93510,29441.11,50,46990,101,46755.0,0.2802,4789.38,347.12,GO
BANK03,2022,2022-11,8.8609,28.8037,14.4019,UI0002099,FAC0059,2022,102797,30921.17,50,43866,115,51398.5,0.2802,3390.19,381.87,I-REC
BANK03,2022,2022-12,12.1786,41.6161,29.1313,UI0002100,FAC0059,2022,148523,31059.01,30,60290,166,44556.9,0.2802,7581.7,678.29,I-REC
BANK03,2023,2023-01,13.5904,35.3276,21.1966,UI0002101,FAC0059,2023,129881,33889.21,40,67279,81,51952.4,0.272,5491.92,283.94,I-REC
BANK03,2023,2023-02,11.5556,37.3334,22.4,UI0002102,FAC0059,2023,137255,40066.37,40,57206,126,54902.0,0.272,4161.86,496.87,I-REC
BANK03,2023,2023-03,9.3867,28.4284,11.3713,UI0002103,FAC0059,2023,104516,22171.38,60,46469,87,62709.6,0.272,4641.01,322.45,GO
BANK03,2023,2023-04,9.4241,29.5378,20.6765,UI0002104,FAC0059,2023,108595,26722.09,30,46654,94,32578.5,0.272,3287.28,398.03,I-REC
BANK03,2023,2023-05,9.4346,29.1307,11.6523,UI0002105,FAC0059,2023,107098,23076.81,60,46706,92,64258.8,0.272,5471.11,356.38,GO
BANK03,2023,2023-06,11.3934,34.7483,20.849,UI0002106,FAC0059,2023,127751,34249.06,40,56403,151,51100.4,0.272,5236.3,500.42,I-REC
BANK03,2023,2023-07,11.0215,34.8476,24.3933,UI0002107,FAC0059,2023,128116,23389.48,30,54562,113,38434.8,0.272,5207.41,357.25,I-REC
BANK03,2023,2023-08,11.6865,33.3948,16.6974,UI0002108,FAC0059,2023,122775,34303.43,50,57854,150,61387.5,0.272,4571.48,713.13,GO
BANK03,2023,2023-09,8.4953,25.6591,17.9614,UI0002109,FAC0059,2023,94335,30134.8,30,42056,100,28300.5,0.272,3340.29,348.13,I-REC
BANK03,2023,2023-10,9.7996,24.7343,17.314,UI0002110,FAC0059,2023,90935,25348.54,30,48513,133,27280.5,0.272,4042.49,471.28,GO
BANK03,2023,2023-11,9.9368,25.3014,10.1206,UI0002111,FAC0059,2023,93020,21052.77,60,49192,107,55812.0,0.272,4148.35,345.55,I-REC
BANK03,2023,2023-12,12.6361,35.8599,25.102,UI0002112,FAC0059,2023,131838,39686.62,30,62555,166,39551.4,0.272,4868.66,635.96,GO
BANK03,2024,2024-01,11.287,33.8568,10.157,UI0002113,FAC0059,2024,128197,34063.26,70,55876,165,89737.9,0.2641,7181.76,650.51,GO
BANK03,2024,2024-02,11.007,35.7906,21.4743,UI0002114,FAC0059,2024,135519,29217.01,40,54490,99,54207.6,0.2641,4876.38,347.04,GO
BANK03,2024,2024-03,8.9514,28.2267,11.2907,UI0002115,FAC0059,2024,106879,27921.06,60,44314,123,64127.4,0.2641,3115.27,537.7,GO
BANK03,2024,2024-04,9.6823,24.8275,14.8965,UI0002116,FAC0059,2024,94008,18235.61,40,47932,112,37603.2,0.2641,5800.77,357.28,GO
BANK03,2024,2024-05,8.4996,25.4487,12.7243,UI0002117,FAC0059,2024,96360,24302.13,50,42077,176,48180.0,0.2641,4672.42,632.09,GO
BANK03,2024,2024-06,10.0826,29.2773,8.7832,UI0002118,FAC0059,2024,110857,29503.3,70,49914,163,77599.9,0.2641,6911.88,624.52,GO
BANK03,2024,2024-07,11.7982,33.1551,16.5776,UI0002119,FAC0059,2024,125540,35046.85,50,58407,91,62770.0,0.2641,5611.36,400.06,I-REC
BANK03,2024,2024-08,10.3668,32.9364,19.7619,UI0002120,FAC0059,2024,124712,28111.68,40,51321,160,49884.8,0.2641,6601.0,541.79,I-REC
BANK03,2024,2024-09,9.053,25.7019,10.2808,UI0002121,FAC0059,2024,97319,30068.92,60,44817,110,58391.4,0.2641,5459.24,540.02,GO
BANK03,2024,2024-10,8.7985,27.7493,13.8746,UI0002122,FAC0059,2024,105071,32716.87,50,43557,181,52535.5,0.2641,5324.0,787.84,GO
BANK03,2024,2024-11,8.3238,26.4269,15.8561,UI0002123,FAC0059,2024,100064,30824.61,40,41207,89,40025.6,0.2641,5123.7,412.44,I-REC
BANK03,2024,2024-12,12.6583,33.3241,9.9972,UI0002124,FAC0059,2024,126180,30579.09,70,62665,165,88326.0,0.2641,6769.75,672.64,I-REC
BANK03,2022,2022-01,6.5523,20.4468,12.2681,UI0002125,FAC0060,2022,72972,18565.05,40,32437,776,29188.8,0.2802,2313.01,2697.31,I-REC
BANK03,2022,2022-02,7.5833,19.8331,15.8665,UI0002126,FAC0060,2022,70782,19743.78,20,37541,695,14156.4,0.2802,4186.22,2248.65,I-REC
BANK03,2022,2022-03,4.7543,15.7783,9.467,UI0002127,FAC0060,2022,56311,16654.23,40,23536,734,22524.4,0.2802,1863.75,3096.24,GO
BANK03,2022,2022-04,5.0672,16.8711,10.1227,UI0002128,FAC0060,2022,60211,16407.81,40,25085,651,24084.4,0.2802,2395.93,3097.82,I-REC
BANK03,2022,2022-05,5.4508,14.2193,7.1097,UI0002129,FAC0060,2022,50747,12281.47,50,26984,494,25373.5,0.2802,2729.28,2074.39,I-REC
BANK03,2022,2022-06,5.8374,20.9632,10.4816,UI0002130,FAC0060,2022,74815,23830.18,50,28898,641,37407.5,0.2802,3636.05,2209.53,GO
BANK03,2022,2022-07,6.69,19.9158,13.941,UI0002131,FAC0060,2022,71077,17193.62,30,33119,546,21323.1,0.2802,2898.18,2475.62,I-REC
BANK03,2022,2022-08,5.8366,19.8171,11.8903,UI0002132,FAC0060,2022,70725,22314.95,40,28894,510,28290.0,0.2802,3176.34,2459.79,I-REC
BANK03,2022,2022-09,5.4716,14.1997,9.9398,UI0002133,FAC0060,2022,50677,10409.8,30,27087,729,15203.1,0.2802,3368.57,2480.67,GO
BANK03,2022,2022-10,5.3035,16.297,13.0376,UI0002134,FAC0060,2022,58162,17923.08,20,26255,504,11632.4,0.2802,2197.62,1974.17,GO
BANK03,2022,2022-11,4.7573,16.2076,11.3453,UI0002135,FAC0060,2022,57843,10468.69,30,23551,637,17352.9,0.2802,3278.0,2542.7,I-REC
BANK03,2022,2022-12,6.3923,20.3988,14.2792,UI0002136,FAC0060,2022,72801,20549.77,30,31645,388,21840.3,0.2802,3482.76,1749.96,GO
BANK03,2023,2023-01,7.3227,19.7581,11.8548,UI0002137,FAC0060,2023,72640,17819.75,40,36251,715,29056.0,0.272,4144.87,3473.5,I-REC
BANK03,2023,2023-02,7.3924,20.6184,12.371,UI0002138,FAC0060,2023,75803,15886.35,40,36596,745,30321.2,0.272,4295.39,3349.77,I-REC
BANK03,2023,2023-03,5.2807,16.0173,9.6104,UI0002139,FAC0060,2023,58887,14831.93,40,26142,731,23554.8,0.272,3172.9,3601.25,I-REC
BANK03,2023,2023-04,5.2175,15.0617,10.5432,UI0002140,FAC0060,2023,55374,14200.87,30,25829,514,16612.2,0.272,3194.77,2339.67,I-REC
BANK03,2023,2023-05,5.0672,16.2768,11.3937,UI0002141,FAC0060,2023,59841,16734.36,30,25085,648,17952.3,0.272,3330.24,1955.08,I-REC
BANK03,2023,2023-06,5.9063,16.3834,8.1917,UI0002142,FAC0060,2023,60233,17434.85,50,29239,599,30116.5,0.272,2686.61,2616.42,GO
BANK03,2023,2023-07,5.9255,18.706,9.353,UI0002143,FAC0060,2023,68772,13441.12,50,29334,694,34386.0,0.272,4030.81,2709.24,GO
BANK03,2023,2023-08,6.6434,18.484,11.0904,UI0002144,FAC0060,2023,67956,15900.63,40,32888,669,27182.4,0.272,4077.55,2466.42,GO
BANK03,2023,2023-09,4.8941,15.3394,7.6697,UI0002145,FAC0060,2023,56395,17995.19,50,24228,538,28197.5,0.272,1881.03,2034.72,GO
BANK03,2023,2023-10,5.3389,16.1802,9.7081,UI0002146,FAC0060,2023,59486,18376.79,40,26430,448,23794.4,0.272,2804.24,2199.51,GO
BANK03,2023,2023-11,5.47,15.2878,6.1151,UI0002147,FAC0060,2023,56205,16509.23,60,27079,668,33723.0,0.272,3230.06,2768.6,I-REC
BANK03,2023,2023-12,6.8092,19.5598,11.7359,UI0002148,FAC0060,2023,71911,22225.58,40,33709,477,28764.4,0.272,3532.08,1828.47,GO
BANK03,2024,2024-01,6.7341,20.7152,8.2861,UI0002149,FAC0060,2024,78437,25055.89,60,33337,506,47062.2,0.2641,2842.5,1828.26,GO
BANK03,2024,2024-02,7.1191,17.1385,10.2831,UI0002150,FAC0060,2024,64894,20730.45,40,35243,647,25957.6,0.2641,4075.88,2067.63,GO
BANK03,2024,2024-03,4.9644,14.6882,8.8129,UI0002151,FAC0060,2024,55616,16864.03,40,24576,765,22246.4,0.2641,2900.6,3610.62,I-REC
BANK03,2024,2024-04,4.5242,13.6392,4.0918,UI0002152,FAC0060,2024,51644,12967.84,70,22397,617,36150.8,0.2641,1909.43,2571.49,GO
BANK03,2024,2024-05,4.6959,13.1643,5.2657,UI0002153,FAC0060,2024,49846,10943.84,60,23247,655,29907.6,0.2641,2011.81,2212.71,I-REC
BANK03,2024,2024-06,6.2363,17.5885,7.0354,UI0002154,FAC0060,2024,66598,18347.52,60,30873,394,39958.8,0.2641,2254.51,1329.58,GO
BANK03,2024,2024-07,6.7197,15.8766,4.763,UI0002155,FAC0060,2024,60116,13472.51,70,33266,398,42081.2,0.2641,2697.99,1383.36,I-REC
BANK03,2024,2024-08,6.367,17.9786,7.1914,UI0002156,FAC0060,2024,68075,18191.66,60,31520,698,40845.0,0.2641,2550.32,2923.55,GO
BANK03,2024,2024-09,4.6383,12.8955,5.1582,UI0002157,FAC0060,2024,48828,12084.44,60,22962,393,29296.8,0.2641,1727.63,1512.17,I-REC
BANK03,2024,2024-10,5.3845,14.4777,5.7911,UI0002158,FAC0060,2024,54819,12276.98,60,26656,598,32891.4,0.2641,2509.06,2333.98,GO
BANK03,2024,2024-11,5.4116,15.5431,9.3258,UI0002159,FAC0060,2024,58853,13980.55,40,26790,403,23541.2,0.2641,2757.19,1268.36,GO
BANK03,2024,2024-12,6.4103,18.5699,7.428,UI0002160,FAC0060,2024,70314,18204.58,60,31734,756,42188.4,0.2641,3996.97,3476.38,I-REC
BANK03,2022,2022-01,1.6942,5.0383,3.5268,UI0002161,FAC0061,2022,17981,5570.59,30,8387,1028,5394.3,0.2802,937.62,5050.67,GO
BANK03,2022,2022-02,1.882,5.0778,4.0622,UI0002162,FAC0061,2022,18122,5400.06,20,9317,1190,3624.4,0.2802,864.1,4611.49,GO
BANK03,2022,2022-03,1.474,4.0195,2.8136,UI0002163,FAC0061,2022,14345,4402.33,30,7297,726,4303.5,0.2802,787.14,2521.91,I-REC
BANK03,2022,2022-04,1.2342,4.2694,2.5616,UI0002164,FAC0061,2022,15237,3636.99,40,6110,898,6094.8,0.2802,724.94,3140.0,I-REC
BANK03,2022,2022-05,1.2968,3.6911,2.2146,UI0002165,FAC0061,2022,13173,3441.95,40,6420,885,5269.2,0.2802,472.34,4371.06,GO
BANK03,2022,2022-06,1.6105,4.7194,2.3597,UI0002166,FAC0061,2022,16843,4180.78,50,7973,598,8421.5,0.2802,858.89,2753.2,I-REC
BANK03,2022,2022-07,1.7641,4.8192,3.3734,UI0002167,FAC0061,2022,17199,4271.24,30,8733,776,5159.7,0.2802,1135.71,2625.5,GO
BANK03,2022,2022-08,1.5203,5.2313,2.6157,UI0002168,FAC0061,2022,18670,3453.04,50,7526,1128,9335.0,0.2802,800.53,4950.3,I-REC
BANK03,2022,2022-09,1.336,4.3633,3.0543,UI0002169,FAC0061,2022,15572,4869.76,30,6614,890,4671.6,0.2802,659.32,4323.85,GO
BANK03,2022,2022-10,1.4851,3.7017,2.9614,UI0002170,FAC0061,2022,13211,3421.55,20,7352,738,2642.2,0.2802,707.39,2711.65,GO
BANK03,2022,2022-11,1.2554,3.7068,2.9654,UI0002171,FAC0061,2022,13229,3180.69,20,6215,1203,2645.8,0.2802,843.37,4721.12,GO
BANK03,2022,2022-12,1.6602,5.9192,4.7354,UI0002172,FAC0061,2022,21125,4313.09,20,8219,862,4225.0,0.2802,607.44,3592.85,I-REC
BANK03,2023,2023-01,1.7134,4.8944,1.9577,UI0002173,FAC0061,2023,17994,4748.23,60,8482,619,10796.4,0.272,1124.57,2986.51,I-REC
BANK03,2023,2023-02,1.8626,5.0747,3.0448,UI0002174,FAC0061,2023,18657,5149.73,40,9221,1028,7462.8,0.272,1132.74,4765.6,GO
BANK03,2023,2023-03,1.3722,3.9666,2.3799,UI0002175,FAC0061,2023,14583,3804.98,40,6793,1255,5833.2,0.272,655.22,5393.48,GO
BANK03,2023,2023-04,1.2031,3.6225,2.5357,UI0002176,FAC0061,2023,13318,3292.93,30,5956,859,3995.4,0.272,483.47,4156.95,I-REC
BANK03,2023,2023-05,1.2173,3.5409,2.1245,UI0002177,FAC0061,2023,13018,3274.38,40,6026,1034,5207.2,0.272,697.0,4021.17,I-REC
BANK03,2023,2023-06,1.6178,4.5541,2.277,UI0002178,FAC0061,2023,16743,4468.07,50,8009,635,8371.5,0.272,742.36,2838.88,GO
BANK03,2023,2023-07,1.615,4.7978,2.8787,UI0002179,FAC0061,2023,17639,3328.47,40,7995,724,7055.6,0.272,667.95,2401.91,GO
BANK03,2023,2023-08,1.7408,4.9167,3.4417,UI0002180,FAC0061,2023,18076,5683.06,30,8618,1183,5422.8,0.272,1194.97,3945.09,I-REC
BANK03,2023,2023-09,1.3504,4.2688,2.1344,UI0002181,FAC0061,2023,15694,3738.84,50,6685,1305,7847.0,0.272,664.06,5228.53,GO
BANK03,2023,2023-10,1.4003,3.7607,1.5043,UI0002182,FAC0061,2023,13826,2514.12,60,6932,806,8295.6,0.272,760.79,3737.38,I-REC
BANK03,2023,2023-11,1.3752,4.1488,2.0744,UI0002183,FAC0061,2023,15253,3685.04,50,6808,1293,7626.5,0.272,807.66,4543.78,GO
BANK03,2023,2023-12,1.7253,5.5262,3.3157,UI0002184,FAC0061,2023,20317,4945.7,40,8541,878,8126.8,0.272,876.34,3074.07,I-REC
BANK03,2024,2024-01,1.8875,4.94,1.482,UI0002185,FAC0061,2024,18705,3376.34,70,9344,799,13093.5,0.2641,1109.89,3365.38,I-REC
BANK03,2024,2024-02,1.7382,4.8626,2.9176,UI0002186,FAC0061,2024,18412,5876.39,40,8605,954,7364.8,0.2641,654.4,4588.51,I-REC
BANK03,2024,2024-03,1.3372,3.7193,1.8597,UI0002187,FAC0061,2024,14083,3610.96,50,6620,1346,7041.5,0.2641,535.26,5444.44,I-REC
BANK03,2024,2024-04,1.214,3.9282,1.9641,UI0002188,FAC0061,2024,14874,4538.08,50,6010,1222,7437.0,0.2641,709.73,3840.01,GO
BANK03,2024,2024-05,1.2772,3.8157,2.2894,UI0002189,FAC0061,2024,14448,2603.29,40,6323,687,5779.2,0.2641,529.31,2737.96,GO
BANK03,2024,2024-06,1.7414,4.6651,1.3995,UI0002190,FAC0061,2024,17664,4981.41,70,8621,619,12364.8,0.2641,843.54,2494.96,GO
BANK03,2024,2024-07,1.4639,4.8005,1.4402,UI0002191,FAC0061,2024,18177,4233.78,70,7247,1256,12723.9,0.2641,1014.3,6203.17,GO
BANK03,2024,2024-08,1.5578,4.603,1.3809,UI0002192,FAC0061,2024,17429,4558.88,70,7712,643,12200.3,0.2641,642.9,2087.45,I-REC
BANK03,2024,2024-09,1.3778,3.4671,1.3868,UI0002193,FAC0061,2024,13128,2800.87,60,6821,800,7876.8,0.2641,655.6,3497.08,I-REC
BANK03,2024,2024-10,1.2829,3.3998,2.0399,UI0002194,FAC0061,2024,12873,4078.1,40,6351,607,5149.2,0.2641,691.91,2138.69,GO
BANK03,2024,2024-11,1.2936,3.3527,2.0116,UI0002195,FAC0061,2024,12695,3122.71,40,6404,1328,5078.0,0.2641,758.55,6054.2,GO
BANK03,2024,2024-12,1.7408,5.1283,2.0513,UI0002196,FAC0061,2024,19418,3958.88,60,8618,1302,11650.8,0.2641,892.55,5595.64,GO
BANK03,2022,2022-01,7.4958,25.8409,20.6727,UI0002197,FAC0062,2022,92223,20279.6,20,37108,2384,18444.6,0.2802,3181.84,11801.0,GO
BANK03,2022,2022-02,8.6103,25.1211,12.5605,UI0002198,FAC0062,2022,89654,24916.13,50,42625,2037,44827.0,0.2802,4917.57,7307.42,GO
BANK03,2022,2022-03,5.6204,17.0017,13.6014,UI0002199,FAC0062,2022,60677,11219.07,20,27824,2607,12135.4,0.2802,3561.68,12644.75,GO
BANK03,2022,2022-04,6.1331,16.8832,8.4416,UI0002200,FAC0062,2022,60254,15529.71,50,30362,2367,30127.0,0.2802,2894.97,10540.31,I-REC
BANK03,2022,2022-05,5.6136,16.7369,10.0421,UI0002201,FAC0062,2022,59732,15479.46,40,27790,1660,23892.8,0.2802,2263.3,7511.84,GO
BANK03,2022,2022-06,7.8495,23.244,18.5952,UI0002202,FAC0062,2022,82955,15883.16,20,38859,2068,16591.0,0.2802,5412.4,6916.01,I-REC
BANK03,2022,2022-07,7.4986,24.4886,12.2443,UI0002203,FAC0062,2022,87397,19023.2,50,37122,2502,43698.5,0.2802,3795.72,10972.87,I-REC
BANK03,2022,2022-08,8.2022,23.4113,11.7056,UI0002204,FAC0062,2022,83552,18797.59,50,40605,2102,41776.0,0.2802,5306.86,10458.56,GO
BANK03,2022,2022-09,5.8683,19.4683,11.681,UI0002205,FAC0062,2022,69480,13978.59,40,29051,2283,27792.0,0.2802,3382.04,9955.97,GO
BANK03,2022,2022-10,5.8725,19.5255,15.6204,UI0002206,FAC0062,2022,69684,15287.23,20,29072,2114,13936.8,0.2802,2858.14,6819.79,I-REC
BANK03,2022,2022-11,5.815,19.5812,11.7487,UI0002207,FAC0062,2022,69883,13487.99,40,28787,1575,27953.2,0.2802,3824.78,5316.11,GO
BANK03,2022,2022-12,8.6908,24.5256,17.1679,UI0002208,FAC0062,2022,87529,26396.62,30,43024,2060,26258.7,0.2802,5389.14,9460.43,GO
BANK03,2023,2023-01,8.1824,23.0346,9.2138,UI0002209,FAC0062,2023,84686,19740.72,60,40507,2318,50811.6,0.272,3162.17,10088.21,I-REC
BANK03,2023,2023-02,8.7369,22.9465,11.4732,UI0002210,FAC0062,2023,84362,19242.19,50,43252,2400,42181.0,0.272,5349.3,11080.01,I-REC
BANK03,2023,2023-03,6.1673,17.4959,8.7479,UI0002211,FAC0062,2023,64323,16269.54,50,30531,1204,32161.5,0.272,3452.34,4553.49,I-REC
BANK03,2023,2023-04,5.7758,17.677,12.3739,UI0002212,FAC0062,2023,64989,16388.35,30,28593,2023,19496.7,0.272,2424.71,9384.65,GO
BANK03,2023,2023-05,5.9279,17.071,11.9497,UI0002213,FAC0062,2023,62761,17217.71,30,29346,1562,18828.3,0.272,2966.72,5515.53,I-REC
BANK03,2023,2023-06,7.5653,19.525,11.715,UI0002214,FAC0062,2023,71783,14756.58,40,37452,1977,28713.2,0.272,3601.83,6893.75,I-REC
BANK03,2023,2023-07,7.3053,20.0363,14.0254,UI0002215,FAC0062,2023,73663,22554.93,30,36165,2028,22098.9,0.272,2760.73,9989.11,I-REC
BANK03,2023,2023-08,7.4187,23.339,16.3373,UI0002216,FAC0062,2023,85805,27003.04,30,36726,2345,25741.5,0.272,3214.26,10212.14,I-REC
BANK03,2023,2023-09,6.1806,19.046,9.523,UI0002217,FAC0062,2023,70022,18451.05,50,30597,2144,35011.0,0.272,3894.86,6759.49,GO
BANK03,2023,2023-10,6.141,17.1401,10.284,UI0002218,FAC0062,2023,63015,11804.23,40,30401,1312,25206.0,0.272,3530.64,5833.71,I-REC
BANK03,2023,2023-11,5.7758,16.5811,11.6068,UI0002219,FAC0062,2023,60960,18462.46,30,28593,2551,18288.0,0.272,2081.34,8449.92,I-REC
BANK03,2023,2023-12,7.9327,24.2635,9.7054,UI0002220,FAC0062,2023,89204,24332.86,60,39271,1368,53522.4,0.272,3118.03,5020.41,I-REC
BANK03,2024,2024-01,7.9764,21.6335,6.49,UI0002221,FAC0062,2024,81914,25310.97,70,39487,1382,57339.8,0.2641,4278.98,4427.86,GO
BANK03,2024,2024-02,8.643,22.8777,9.1511,UI0002222,FAC0062,2024,86625,21298.25,60,42787,2425,51975.0,0.2641,5041.0,10227.92,GO
BANK03,2024,2024-03,5.8641,16.9235,6.7694,UI0002223,FAC0062,2024,64080,13099.92,60,29030,1719,38448.0,0.2641,2535.87,6723.58,I-REC
BANK03,2024,2024-04,6.1891,15.4588,4.6376,UI0002224,FAC0062,2024,58534,18621.62,70,30639,2523,40973.8,0.2641,4031.19,7975.73,GO
BANK03,2024,2024-05,5.8772,16.5541,9.9324,UI0002225,FAC0062,2024,62681,18378.95,40,29095,1889,25072.4,0.2641,2737.54,6211.25,GO
BANK03,2024,2024-06,6.7817,21.8841,6.5652,UI0002226,FAC0062,2024,82863,22104.06,70,33573,1808,58004.1,0.2641,3533.27,7770.98,I-REC
BANK03,2024,2024-07,7.9586,20.336,6.1008,UI0002227,FAC0062,2024,77001,17424.56,70,39399,1927,53900.7,0.2641,3526.79,7757.03,GO
BANK03,2024,2024-08,7.6186,22.0946,11.0473,UI0002228,FAC0062,2024,83660,18310.57,50,37716,2595,41830.0,0.2641,2945.18,10952.85,I-REC
BANK03,2024,2024-09,6.1903,18.4524,9.2262,UI0002229,FAC0062,2024,69869,16645.09,50,30645,2013,34934.5,0.2641,4055.45,6052.13,I-REC
BANK03,2024,2024-10,6.0481,16.2131,4.8639,UI0002230,FAC0062,2024,61390,13911.1,70,29941,1409,42973.0,0.2641,4172.97,7010.82,GO
BANK03,2024,2024-11,5.632,17.0632,10.2379,UI0002231,FAC0062,2024,64609,12632.56,40,27881,2488,25843.6,0.2641,3591.65,11651.25,I-REC
BANK03,2024,2024-12,8.3573,22.5116,11.2558,UI0002232,FAC0062,2024,85239,20378.13,50,41373,1858,42619.5,0.2641,5179.18,6872.64,I-REC
BANK03,2022,2022-01,10.7308,9.1481,4.574,UI0002233,FAC0063,2022,98685,25422.62,50,53123,2431,49342.5,0.0927,5213.73,10721.93,I-REC
BANK03,2022,2022-02,9.4419,10.3016,5.1508,UI0002234,FAC0063,2022,111128,20442.13,50,46742,2311,55564.0,0.0927,4642.51,9767.62,I-REC
BANK03,2022,2022-03,8.0172,7.4547,5.9637,UI0002235,FAC0063,2022,80417,18739.37,20,39689,2412,16083.4,0.0927,3143.07,7865.71,GO
BANK03,2022,2022-04,7.1702,7.6288,5.3402,UI0002236,FAC0063,2022,82296,24456.69,30,35496,1401,24688.8,0.0927,4870.6,4696.88,GO
BANK03,2022,2022-05,7.6948,7.9991,3.9995,UI0002237,FAC0063,2022,86290,16346.5,50,38093,2107,43145.0,0.0927,3770.06,9054.62,I-REC
BANK03,2022,2022-06,9.0504,8.6861,4.343,UI0002238,FAC0063,2022,93701,19333.09,50,44804,2281,46850.5,0.0927,3332.7,10522.18,GO
BANK03,2022,2022-07,8.3565,8.4061,6.7249,UI0002239,FAC0063,2022,90681,22562.88,20,41369,1816,18136.2,0.0927,5349.86,7473.21,I-REC
BANK03,2022,2022-08,9.6015,9.0565,4.5283,UI0002240,FAC0063,2022,97697,23278.02,50,47532,1120,48848.5,0.0927,4388.46,5335.69,I-REC
BANK03,2022,2022-09,8.0103,7.1995,3.5998,UI0002241,FAC0063,2022,77665,18075.69,50,39655,1518,38832.5,0.0927,3757.5,5544.05,GO
BANK03,2022,2022-10,6.8421,7.9225,5.5458,UI0002242,FAC0063,2022,85464,22903.24,30,33872,2359,25639.2,0.0927,3677.42,9540.99,I-REC
BANK03,2022,2022-11,6.8365,7.1875,3.5937,UI0002243,FAC0063,2022,77535,18654.21,50,33844,1294,38767.5,0.0927,2467.41,6276.74,GO
BANK03,2022,2022-12,10.1856,10.5649,6.339,UI0002244,FAC0063,2022,113969,23316.28,40,50424,1601,45587.6,0.0927,5299.82,5303.53,I-REC
BANK03,2023,2023-01,9.8243,9.7854,6.8498,UI0002245,FAC0063,2023,108727,24568.76,30,48635,1455,32618.1,0.09,3555.8,4595.6,GO
BANK03,2023,2023-02,10.1012,8.8951,3.558,UI0002246,FAC0063,2023,98834,19051.63,60,50006,2197,59300.4,0.09,6068.28,10391.26,I-REC
BANK03,2023,2023-03,6.8217,6.6563,2.6625,UI0002247,FAC0063,2023,73959,23093.72,60,33771,1077,44375.4,0.09,3600.22,5342.27,I-REC
BANK03,2023,2023-04,7.2362,6.5392,2.6157,UI0002248,FAC0063,2023,72658,18623.67,60,35823,2278,43594.8,0.09,2849.11,11138.24,GO
BANK03,2023,2023-05,7.7271,7.3528,4.4117,UI0002249,FAC0063,2023,81698,20758.3,40,38253,1314,32679.2,0.09,4655.95,6521.53,I-REC
BANK03,2023,2023-06,8.32,9.0212,3.6085,UI0002250,FAC0063,2023,100236,24341.01,60,41188,1763,60141.6,0.09,3536.19,6236.22,I-REC
BANK03,2023,2023-07,9.7643,9.4489,5.6694,UI0002251,FAC0063,2023,104988,28684.54,40,48338,1063,41995.2,0.09,4153.63,3660.68,I-REC
BANK03,2023,2023-08,8.6733,8.875,4.4375,UI0002252,FAC0063,2023,98611,24381.31,50,42937,2275,49305.5,0.09,4033.87,8760.04,I-REC
BANK03,2023,2023-09,7.5407,6.6326,2.6531,UI0002253,FAC0063,2023,73696,18420.96,60,37330,2259,44217.6,0.09,4478.43,6942.14,GO
BANK03,2023,2023-10,6.9001,6.72,2.688,UI0002254,FAC0063,2023,74667,15722.28,60,34159,1798,44800.2,0.09,4642.42,8184.31,I-REC
BANK03,2023,2023-11,7.5197,6.6719,4.0031,UI0002255,FAC0063,2023,74132,19059.72,40,37226,2211,29652.8,0.09,4731.69,10215.29,I-REC
BANK03,2023,2023-12,8.8286,10.219,5.1095,UI0002256,FAC0063,2023,113545,21101.91,50,43706,2049,56772.5,0.09,5283.07,6771.51,GO
BANK03,2024,2024-01,9.1643,8.6841,4.342,UI0002257,FAC0063,2024,99360,31532.35,50,45368,1629,49680.0,0.0874,5702.91,7794.35,GO
BANK03,2024,2024-02,9.8507,9.8335,5.9001,UI0002258,FAC0063,2024,112511,26797.83,40,48766,1465,45004.4,0.0874,6728.47,5969.69,GO
BANK03,2024,2024-03,6.9726,7.3364,2.9346,UI0002259,FAC0063,2024,83941,19806.91,60,34518,1873,50364.6,0.0874,3974.56,6491.24,GO
BANK03,2024,2024-04,7.5855,6.5787,1.9736,UI0002260,FAC0063,2024,75271,19963.46,70,37552,2280,52689.7,0.0874,3409.4,11241.99,GO
BANK03,2024,2024-05,7.7873,6.7454,2.0236,UI0002261,FAC0063,2024,77178,19288.68,70,38551,1424,54024.6,0.0874,3314.56,4805.75,GO
BANK03,2024,2024-06,9.3787,7.691,3.8455,UI0002262,FAC0063,2024,87998,19331.34,50,46429,2408,43999.0,0.0874,5207.48,8920.43,I-REC
BANK03,2024,2024-07,9.1005,8.1627,2.4488,UI0002263,FAC0063,2024,93395,28463.38,70,45052,1094,65376.5,0.0874,3907.84,4627.53,I-REC
BANK03,2024,2024-08,8.9133,8.9432,3.5773,UI0002264,FAC0063,2024,102325,32155.04,60,44125,1885,61395.0,0.0874,4391.42,5774.79,I-REC
BANK03,2024,2024-09,7.3694,6.6077,3.3039,UI0002265,FAC0063,2024,75603,14234.68,50,36482,1888,37801.5,0.0874,2882.59,8376.72,GO
BANK03,2024,2024-10,7.8271,6.356,3.8136,UI0002266,FAC0063,2024,72723,20153.96,40,38748,1862,29089.2,0.0874,3366.92,9106.38,I-REC
BANK03,2024,2024-11,7.7008,6.7237,3.3618,UI0002267,FAC0063,2024,76930,16515.73,50,38123,1581,38465.0,0.0874,3800.9,6717.84,I-REC
BANK03,2024,2024-12,10.3068,8.6451,5.1871,UI0002268,FAC0063,2024,98914,18333.39,40,51024,2141,39565.6,0.0874,5977.77,10476.54,GO
BANK03,2022,2022-01,7.4298,24.5484,17.1839,UI0002269,FAC0064,2022,82184,18544.89,30,36781,232,24655.2,0.2987,3754.86,756.0,I-REC
BANK03,2022,2022-02,7.859,26.0114,13.0057,UI0002270,FAC0064,2022,87082,16538.86,50,38906,242,43541.0,0.2987,3591.56,910.39,GO
BANK03,2022,2022-03,6.0939,19.3277,11.5966,UI0002271,FAC0064,2022,64706,14848.96,40,30168,215,25882.4,0.2987,3156.32,889.39,I-REC
BANK03,2022,2022-04,5.7524,19.3408,11.6045,UI0002272,FAC0064,2022,64750,14593.96,40,28477,215,25900.0,0.2987,3286.18,940.98,GO
BANK03,2022,2022-05,5.9794,18.4898,9.2449,UI0002273,FAC0064,2022,61901,12136.47,50,29601,265,30950.5,0.2987,3137.0,1258.93,GO
BANK03,2022,2022-06,6.9084,25.2363,17.6654,UI0002274,FAC0064,2022,84487,22591.59,30,34200,158,25346.1,0.2987,4649.29,691.94,I-REC
BANK03,2022,2022-07,7.7269,21.4159,14.9911,UI0002275,FAC0064,2022,71697,21025.91,30,38252,316,21509.1,0.2987,2842.86,1234.38,GO
BANK03,2022,2022-08,7.2597,23.9029,16.732,UI0002276,FAC0064,2022,80023,23084.87,30,35939,331,24006.9,0.2987,2702.66,1423.37,GO
BANK03,2022,2022-09,5.3936,17.3909,12.1736,UI0002277,FAC0064,2022,58222,11234.19,30,26701,265,17466.6,0.2987,3424.57,993.36,GO
BANK03,2022,2022-10,5.6637,18.1442,12.701,UI0002278,FAC0064,2022,60744,11277.15,30,28038,173,18223.2,0.2987,3546.2,565.89,I-REC
BANK03,2022,2022-11,6.2178,19.4128,9.7064,UI0002279,FAC0064,2022,64991,13540.7,50,30781,313,32495.5,0.2987,3259.78,1423.91,GO
BANK03,2022,2022-12,8.5834,23.416,14.0496,UI0002280,FAC0064,2022,78393,21608.9,40,42492,180,31357.2,0.2987,3694.17,800.46,I-REC
BANK03,2023,2023-01,7.2041,22.0397,11.0199,UI0002281,FAC0064,2023,75999,13782.04,50,35664,334,37999.5,0.29,4249.58,1391.28,I-REC
BANK03,2023,2023-02,7.6176,26.3938,18.4756,UI0002282,FAC0064,2023,91013,23720.03,30,37711,200,27303.9,0.29,2878.02,918.89,GO
BANK03,2023,2023-03,5.8465,16.519,9.9114,UI0002283,FAC0064,2023,56962,13072.86,40,28943,151,22784.8,0.29,3184.23,629.06,GO
BANK03,2023,2023-04,5.2393,16.4201,6.568,UI0002284,FAC0064,2023,56621,15009.63,60,25937,322,33972.6,0.29,2274.72,1053.77,GO
BANK03,2023,2023-05,5.4821,19.4793,9.7396,UI0002285,FAC0064,2023,67170,15914.53,50,27139,174,33585.0,0.29,2063.76,835.22,I-REC
BANK03,2023,2023-06,7.7326,20.1828,10.0914,UI0002286,FAC0064,2023,69596,19747.31,50,38280,166,34798.0,0.29,4635.34,575.43,GO
BANK03,2023,2023-07,7.3698,23.3247,13.9948,UI0002287,FAC0064,2023,80430,16890.9,40,36484,235,32172.0,0.29,4513.06,998.0,I-REC
BANK03,2023,2023-08,7.6279,22.8445,9.1378,UI0002288,FAC0064,2023,78774,15140.82,60,37762,226,47264.4,0.29,3948.01,809.24,GO
BANK03,2023,2023-09,6.097,16.6625,9.9975,UI0002289,FAC0064,2023,57457,15323.46,40,30183,173,22982.8,0.29,3978.11,763.88,I-REC
BANK03,2023,2023-10,6.3584,18.009,9.0045,UI0002290,FAC0064,2023,62100,16325.4,50,31477,152,31050.0,0.29,2876.12,466.45,I-REC
BANK03,2023,2023-11,6.3085,18.4251,12.8976,UI0002291,FAC0064,2023,63535,16581.07,30,31230,154,19060.5,0.29,3667.02,555.02,GO
BANK03,2023,2023-12,7.2346,23.3302,16.3311,UI0002292,FAC0064,2023,80449,22095.64,30,35815,302,24134.7,0.29,4685.32,927.8,GO
BANK03,2024,2024-01,7.8196,21.2588,6.3776,UI0002293,FAC0064,2024,75493,23779.66,70,38711,181,52845.1,0.2816,4679.94,795.02,I-REC
BANK03,2024,2024-02,8.2557,20.9848,6.2954,UI0002294,FAC0064,2024,74520,22604.91,70,40870,189,52164.0,0.2816,4651.92,751.86,I-REC
BANK03,2024,2024-03,6.2085,18.8137,11.2882,UI0002295,FAC0064,2024,66810,20549.4,40,30735,281,26724.0,0.2816,2334.49,1325.34,GO
BANK03,2024,2024-04,5.7253,16.1619,9.6971,UI0002296,FAC0064,2024,57393,17464.68,40,28343,252,22957.2,0.2816,3557.69,997.48,GO
BANK03,2024,2024-05,6.0263,15.5387,7.7693,UI0002297,FAC0064,2024,55180,15511.36,50,29833,150,27590.0,0.2816,3720.79,456.88,GO
BANK03,2024,2024-06,6.5834,22.5576,9.023,UI0002298,FAC0064,2024,80105,21062.87,60,32591,327,48063.0,0.2816,3262.03,1607.63,GO
BANK03,2024,2024-07,7.478,19.1629,5.7489,UI0002299,FAC0064,2024,68050,15535.27,70,37020,235,47635.0,0.2816,4732.87,938.09,I-REC
BANK03,2024,2024-08,7.2132,20.2941,6.0882,UI0002300,FAC0064,2024,72067,14505.89,70,35709,213,50446.9,0.2816,2687.71,799.74,I-REC
BANK03,2024,2024-09,5.2375,17.9731,8.9866,UI0002301,FAC0064,2024,63825,17405.03,50,25928,149,31912.5,0.2816,3556.74,597.14,GO
BANK03,2024,2024-10,5.8439,15.6795,9.4077,UI0002302,FAC0064,2024,55680,12481.45,40,28930,308,22272.0,0.2816,3825.03,1389.11,I-REC
BANK03,2024,2024-11,6.2052,18.7616,5.6285,UI0002303,FAC0064,2024,66625,20011.48,70,30719,327,46637.5,0.2816,2592.81,1258.64,GO
BANK03,2024,2024-12,6.8395,24.5274,9.8109,UI0002304,FAC0064,2024,87100,20587.23,60,33859,210,52260.0,0.2816,3785.56,981.66,I-REC
BANK04,2022,2022-01,6.2677,18.96,0.0,UI0002305,FAC0065,2022,63475,17785.69,100,31028,58,63475.0,0.2987,4315.28,202.75,I-REC
BANK04,2022,2022-02,5.5098,20.095,0.0,UI0002306,FAC0065,2022,67275,19099.81,100,27276,72,67275.0,0.2987,2517.01,333.91,GO
BANK04,2022,2022-03,4.6044,15.3365,0.0,UI0002307,FAC0065,2022,51344,9714.19,100,22794,94,51344.0,0.2987,2642.22,387.17,GO
BANK04,2022,2022-04,4.2442,13.6422,0.0,UI0002308,FAC0065,2022,45672,13619.99,100,21011,61,45672.0,0.2987,2646.04,232.56,I-REC
BANK04,2022,2022-05,4.7842,15.6507,0.0,UI0002309,FAC0065,2022,52396,15898.83,100,23684,61,52396.0,0.2987,2555.97,247.19,GO
BANK04,2022,2022-06,5.9546,16.6552,0.0,UI0002310,FAC0065,2022,55759,13690.89,100,29478,53,55759.0,0.2987,3301.08,159.55,I-REC
BANK04,2022,2022-07,5.1916,18.0221,0.0,UI0002311,FAC0065,2022,60335,18372.48,100,25701,74,60335.0,0.2987,3442.22,346.09,I-REC
BANK04,2022,2022-08,5.3991,16.473,0.0,UI0002312,FAC0065,2022,55149,15661.06,100,26728,98,55149.0,0.2987,2537.15,489.79,I-REC
BANK04,2022,2022-09,4.6407,13.3943,0.0,UI0002313,FAC0065,2022,44842,11688.3,100,22974,50,44842.0,0.2987,2284.95,152.39,GO
BANK04,2022,2022-10,4.3604,13.6912,0.0,UI0002314,FAC0065,2022,45836,13244.77,100,21586,93,45836.0,0.2987,1866.42,371.18,GO
BANK04,2022,2022-11,4.2654,14.696,0.0,UI0002315,FAC0065,2022,49200,10202.27,100,21116,85,49200.0,0.2987,2775.96,398.0,GO
BANK04,2022,2022-12,6.5896,18.1687,0.0,UI0002316,FAC0065,2022,60826,11225.79,100,32622,74,60826.0,0.2987,3870.27,282.86,GO
BANK04,2023,2023-01,5.7621,17.6375,0.0,UI0002317,FAC0065,2023,60819,18598.57,100,28525,67,60819.0,0.29,2542.8,258.72,I-REC
BANK04,2023,2023-02,5.9834,17.7828,0.0,UI0002318,FAC0065,2023,61320,13019.73,100,29621,49,61320.0,0.29,3663.25,159.77,GO
BANK04,2023,2023-03,3.9657,13.1248,0.0,UI0002319,FAC0065,2023,45258,13787.24,100,19632,63,45258.0,0.29,2164.55,249.58,I-REC
BANK04,2023,2023-04,4.0988,12.1524,0.0,UI0002320,FAC0065,2023,41905,7571.48,100,20291,73,41905.0,0.29,1567.29,328.4,GO
BANK04,2023,2023-05,4.563,12.7739,0.0,UI0002321,FAC0065,2023,44048,9027.94,100,22589,65,44048.0,0.29,1759.5,235.51,I-REC
BANK04,2023,2023-06,5.1348,15.4321,0.0,UI0002322,FAC0065,2023,53214,12663.33,100,25420,47,53214.0,0.29,2457.72,150.59,GO
BANK04,2023,2023-07,4.7684,15.9967,0.0,UI0002323,FAC0065,2023,55161,12825.33,100,23606,55,55161.0,0.29,1800.02,231.83,GO
BANK04,2023,2023-08,5.5233,16.039,0.0,UI0002324,FAC0065,2023,55307,12601.0,100,27343,89,55307.0,0.29,3271.57,314.99,GO
BANK04,2023,2023-09,4.6581,14.654,0.0,UI0002325,FAC0065,2023,50531,11912.84,100,23060,54,50531.0,0.29,3179.61,203.02,GO
BANK04,2023,2023-10,4.671,14.0694,0.0,UI0002326,FAC0065,2023,48515,15327.54,100,23124,98,48515.0,0.29,3223.87,391.97,I-REC
BANK04,2023,2023-11,4.1044,12.2922,0.0,UI0002327,FAC0065,2023,42387,9350.97,100,20319,45,42387.0,0.29,2559.19,159.54,I-REC
BANK04,2023,2023-12,5.4887,18.5197,0.0,UI0002328,FAC0065,2023,63861,16560.71,100,27172,63,63861.0,0.29,3185.09,288.28,I-REC
BANK04,2024,2024-01,5.1597,14.9186,0.0,UI0002329,FAC0065,2024,52978,10175.62,100,25543,44,52978.0,0.2816,2862.56,168.4,I-REC
BANK04,2024,2024-02,5.074,18.0508,0.0,UI0002330,FAC0065,2024,64101,20121.6,100,25119,88,64101.0,0.2816,3461.58,330.25,I-REC
BANK04,2024,2024-03,4.423,12.5687,0.0,UI0002331,FAC0065,2024,44633,12348.4,100,21896,83,44633.0,0.2816,2531.49,369.65,GO
BANK04,2024,2024-04,4.2893,13.0108,0.0,UI0002332,FAC0065,2024,46203,10842.97,100,21234,90,46203.0,0.2816,2274.72,366.31,I-REC
BANK04,2024,2024-05,4.3965,12.7444,0.0,UI0002333,FAC0065,2024,45257,10204.47,100,21765,98,45257.0,0.2816,2558.31,382.39,I-REC
BANK04,2024,2024-06,5.0843,16.5479,0.0,UI0002334,FAC0065,2024,58764,17001.89,100,25170,59,58764.0,0.2816,2827.07,187.03,GO
BANK04,2024,2024-07,5.4057,15.6513,0.0,UI0002335,FAC0065,2024,55580,10887.58,100,26761,45,55580.0,0.2816,2227.27,207.32,I-REC
BANK04,2024,2024-08,5.3548,15.9769,0.0,UI0002336,FAC0065,2024,56736,17736.06,100,26509,87,56736.0,0.2816,2302.0,403.03,I-REC
BANK04,2024,2024-09,4.1406,12.6709,0.0,UI0002337,FAC0065,2024,44996,12795.54,100,20498,54,44996.0,0.2816,2114.78,212.05,GO
BANK04,2024,2024-10,4.0244,11.1567,0.0,UI0002338,FAC0065,2024,39619,12278.46,100,19923,91,39619.0,0.2816,1855.83,393.26,GO
BANK04,2024,2024-11,4.2616,11.9469,0.0,UI0002339,FAC0065,2024,42425,8712.99,100,21097,61,42425.0,0.2816,2886.62,214.12,I-REC
BANK04,2024,2024-12,5.3302,16.8439,0.0,UI0002340,FAC0065,2024,59815,13226.04,100,26387,77,59815.0,0.2816,3389.98,382.07,GO
BANK04,2022,2022-01,4.4557,15.5853,0.0,UI0002341,FAC0066,2022,50438,15922.58,100,22058,1419,50438.0,0.309,2848.39,4627.16,GO
BANK04,2022,2022-02,4.4775,14.3722,0.0,UI0002342,FAC0066,2022,46512,9103.07,100,22166,1686,46512.0,0.309,3051.79,7561.66,I-REC
BANK04,2022,2022-03,3.6471,12.2333,0.0,UI0002343,FAC0066,2022,39590,10719.81,100,18055,1585,39590.0,0.309,1828.57,5613.76,I-REC
BANK04,2022,2022-04,3.4667,11.0421,0.0,UI0002344,FAC0066,2022,35735,10190.79,100,17162,1016,35735.0,0.309,1904.21,3523.97,I-REC
BANK04,2022,2022-05,3.5701,11.5167,0.0,UI0002345,FAC0066,2022,37271,9582.84,100,17674,1435,37271.0,0.309,2255.77,5517.75,I-REC
BANK04,2022,2022-06,4.1158,14.7161,0.0,UI0002346,FAC0066,2022,47625,9179.89,100,20375,1214,47625.0,0.309,2789.1,5711.24,I-REC
BANK04,2022,2022-07,4.0588,12.3863,0.0,UI0002347,FAC0066,2022,40085,12636.15,100,20093,1193,40085.0,0.309,1552.0,5208.85,GO
BANK04,2022,2022-08,4.2159,13.9368,0.0,UI0002348,FAC0066,2022,45103,10676.11,100,20871,1068,45103.0,0.309,1570.39,4781.3,I-REC
BANK04,2022,2022-09,3.2037,10.1074,0.0,UI0002349,FAC0066,2022,32710,10222.14,100,15860,1718,32710.0,0.309,1738.88,7076.23,GO
BANK04,2022,2022-10,3.6406,10.2162,0.0,UI0002350,FAC0066,2022,33062,8846.46,100,18023,1020,33062.0,0.309,2385.74,4789.53,I-REC
BANK04,2022,2022-11,3.2326,11.7976,0.0,UI0002351,FAC0066,2022,38180,7672.85,100,16003,1081,38180.0,0.309,2236.45,5001.94,GO
BANK04,2022,2022-12,4.6024,14.963,0.0,UI0002352,FAC0066,2022,48424,13289.02,100,22784,1211,48424.0,0.309,2886.22,5359.75,GO
BANK04,2023,2023-01,4.388,14.6703,0.0,UI0002353,FAC0066,2023,48901,12600.38,100,21723,1300,48901.0,0.3,2523.52,4025.52,I-REC
BANK04,2023,2023-02,4.581,12.6969,0.0,UI0002354,FAC0066,2023,42323,11393.77,100,22678,1108,42323.0,0.3,3096.48,4370.73,I-REC
BANK04,2023,2023-03,3.089,10.938,0.0,UI0002355,FAC0066,2023,36460,11072.7,100,15292,1287,36460.0,0.3,1850.74,4027.66,I-REC
BANK04,2023,2023-04,3.5013,10.3155,0.0,UI0002356,FAC0066,2023,34385,6369.91,100,17333,1197,34385.0,0.3,2293.28,5483.21,I-REC
BANK04,2023,2023-05,3.4657,9.8082,0.0,UI0002357,FAC0066,2023,32694,8116.93,100,17157,1656,32694.0,0.3,1893.79,5352.17,GO
BANK04,2023,2023-06,3.5683,12.3363,0.0,UI0002358,FAC0066,2023,41121,8885.89,100,17665,1653,41121.0,0.3,1708.7,7106.7,I-REC
BANK04,2023,2023-07,4.2883,13.7196,0.0,UI0002359,FAC0066,2023,45732,9775.51,100,21229,1577,45732.0,0.3,2612.81,6173.88,I-REC
BANK04,2023,2023-08,3.6435,13.299,0.0,UI0002360,FAC0066,2023,44330,13398.42,100,18037,1490,44330.0,0.3,1880.59,7329.67,GO
BANK04,2023,2023-09,3.2987,10.908,0.0,UI0002361,FAC0066,2023,36360,10912.25,100,16330,1637,36360.0,0.3,2018.02,8087.0,I-REC
BANK04,2023,2023-10,3.1882,9.6174,0.0,UI0002362,FAC0066,2023,32058,7937.54,100,15783,1445,32058.0,0.3,1427.85,6284.86,GO
BANK04,2023,2023-11,3.1872,11.2323,0.0,UI0002363,FAC0066,2023,37441,9196.48,100,15778,741,37441.0,0.3,1723.52,2402.32,GO
BANK04,2023,2023-12,4.0339,12.72,0.0,UI0002364,FAC0066,2023,42400,8194.77,100,19970,1065,42400.0,0.3,1518.88,4579.08,GO
BANK04,2024,2024-01,4.3058,13.3089,0.0,UI0002365,FAC0066,2024,45688,9269.16,100,21316,1277,45688.0,0.2913,1739.81,5064.76,I-REC
BANK04,2024,2024-02,3.6853,13.8158,0.0,UI0002366,FAC0066,2024,47428,11231.96,100,18244,1138,47428.0,0.2913,2206.81,3751.76,GO
BANK04,2024,2024-03,3.2793,9.3367,0.0,UI0002367,FAC0066,2024,32052,8234.28,100,16234,1565,32052.0,0.2913,1380.71,6482.51,I-REC
BANK04,2024,2024-04,3.0058,10.4108,0.0,UI0002368,FAC0066,2024,35739,8446.97,100,14880,1139,35739.0,0.2913,1901.21,4623.44,GO
BANK04,2024,2024-05,3.1932,10.3682,0.0,UI0002369,FAC0066,2024,35593,6475.86,100,15808,738,35593.0,0.2913,1862.19,3313.66,GO
BANK04,2024,2024-06,3.8944,10.4379,0.0,UI0002370,FAC0066,2024,35832,11385.25,100,19279,1320,35832.0,0.2913,1952.79,6100.36,GO
BANK04,2024,2024-07,3.9089,11.5436,0.0,UI0002371,FAC0066,2024,39628,9974.22,100,19351,1255,39628.0,0.2913,2347.71,6071.81,I-REC
BANK04,2024,2024-08,3.6554,12.0473,0.0,UI0002372,FAC0066,2024,41357,10802.68,100,18096,1530,41357.0,0.2913,1474.74,6116.05,I-REC
BANK04,2024,2024-09,3.1835,10.1136,0.0,UI0002373,FAC0066,2024,34719,10934.62,100,15760,771,34719.0,0.2913,2085.18,2674.72,I-REC
BANK04,2024,2024-10,3.0874,9.4774,0.0,UI0002374,FAC0066,2024,32535,9006.31,100,15284,1397,32535.0,0.2913,1595.95,5041.68,GO
BANK04,2024,2024-11,2.9755,9.3557,0.0,UI0002375,FAC0066,2024,32117,8549.44,100,14730,1408,32117.0,0.2913,1389.52,6624.42,GO
BANK04,2024,2024-12,4.1806,13.3785,0.0,UI0002376,FAC0066,2024,45927,10455.0,100,20696,1001,45927.0,0.2913,1907.47,3269.73,I-REC
BANK04,2022,2022-01,1.7758,6.0193,0.0,UI0002377,FAC0067,2022,19480,5615.66,100,8791,1970,19480.0,0.309,929.1,7888.45,I-REC
BANK04,2022,2022-02,1.8582,5.99,0.0,UI0002378,FAC0067,2022,19385,5056.29,100,9199,2397,19385.0,0.309,646.18,11598.78,GO
BANK04,2022,2022-03,1.3172,4.1233,0.0,UI0002379,FAC0067,2022,13344,3812.0,100,6521,2908,13344.0,0.309,484.32,11268.29,GO
BANK04,2022,2022-04,1.4007,4.2497,0.0,UI0002380,FAC0067,2022,13753,2587.88,100,6934,3315,13753.0,0.309,546.06,14872.36,GO
BANK04,2022,2022-05,1.4807,4.6891,0.0,UI0002381,FAC0067,2022,15175,4756.21,100,7330,2103,15175.0,0.309,703.57,8173.53,GO
BANK04,2022,2022-06,1.712,5.2629,0.0,UI0002382,FAC0067,2022,17032,3144.47,100,8475,2814,17032.0,0.309,1182.35,12682.62,I-REC
BANK04,2022,2022-07,1.7667,5.905,0.0,UI0002383,FAC0067,2022,19110,4459.39,100,8746,1515,19110.0,0.309,817.32,5856.02,GO
BANK04,2022,2022-08,1.7239,5.3754,0.0,UI0002384,FAC0067,2022,17396,4104.75,100,8534,1962,17396.0,0.309,883.31,6365.4,I-REC
BANK04,2022,2022-09,1.3859,4.398,0.0,UI0002385,FAC0067,2022,14233,3823.02,100,6861,2366,14233.0,0.309,765.34,7214.99,I-REC
BANK04,2022,2022-10,1.3312,4.7407,0.0,UI0002386,FAC0067,2022,15342,3212.49,100,6590,3050,15342.0,0.309,794.97,13829.12,GO
BANK04,2022,2022-11,1.2902,4.6322,0.0,UI0002387,FAC0067,2022,14991,3610.23,100,6387,1701,14991.0,0.309,544.15,5980.28,GO
BANK04,2022,2022-12,1.9889,5.63,0.0,UI0002388,FAC0067,2022,18220,3686.05,100,9846,2779,18220.0,0.309,1341.55,11225.13,GO
BANK04,2023,2023-01,1.8725,5.5455,0.0,UI0002389,FAC0067,2023,18485,5433.05,100,9270,3039,18485.0,0.3,971.59,10191.07,I-REC
BANK04,2023,2023-02,1.7631,5.4021,0.0,UI0002390,FAC0067,2023,18007,3828.84,100,8728,1636,18007.0,0.3,751.13,6450.86,I-REC
BANK04,2023,2023-03,1.3534,4.4115,0.0,UI0002391,FAC0067,2023,14705,2661.12,100,6700,3140,14705.0,0.3,793.98,11380.58,GO
BANK04,2023,2023-04,1.2366,4.3179,0.0,UI0002392,FAC0067,2023,14393,3002.64,100,6122,3161,14393.0,0.3,619.57,11171.59,I-REC
BANK04,2023,2023-05,1.4023,3.9294,0.0,UI0002393,FAC0067,2023,13098,2584.64,100,6942,1818,13098.0,0.3,790.5,8680.0,GO
BANK04,2023,2023-06,1.6015,5.1339,0.0,UI0002394,FAC0067,2023,17113,4600.77,100,7928,2145,17113.0,0.3,1092.31,6983.62,I-REC
BANK04,2023,2023-07,1.7152,5.268,0.0,UI0002395,FAC0067,2023,17560,3191.88,100,8491,2642,17560.0,0.3,870.6,10250.37,I-REC
BANK04,2023,2023-08,1.6865,5.2134,0.0,UI0002396,FAC0067,2023,17378,4032.32,100,8349,2672,17378.0,0.3,1131.02,11636.73,I-REC
BANK04,2023,2023-09,1.2809,4.1694,0.0,UI0002397,FAC0067,2023,13898,3553.02,100,6341,2705,13898.0,0.3,840.53,11645.29,GO
BANK04,2023,2023-10,1.2676,4.0929,0.0,UI0002398,FAC0067,2023,13643,3042.43,100,6275,2796,13643.0,0.3,758.98,12252.97,GO
BANK04,2023,2023-11,1.2989,3.8496,0.0,UI0002399,FAC0067,2023,12832,3731.76,100,6430,2778,12832.0,0.3,658.75,12049.39,GO
BANK04,2023,2023-12,1.5724,5.5116,0.0,UI0002400,FAC0067,2023,18372,3681.12,100,7784,1836,18372.0,0.3,993.81,6235.86,GO
BANK04,2024,2024-01,1.8031,5.6349,0.0,UI0002401,FAC0067,2024,19344,4915.4,100,8926,2263,19344.0,0.2913,1010.17,7979.67,I-REC
BANK04,2024,2024-02,1.6572,5.6268,0.0,UI0002402,FAC0067,2024,19316,5195.86,100,8204,2508,19316.0,0.2913,902.86,8632.28,GO
BANK04,2024,2024-03,1.3378,3.83,0.0,UI0002403,FAC0067,2024,13148,4053.27,100,6623,2340,13148.0,0.2913,775.22,11056.54,GO
BANK04,2024,2024-04,1.1326,4.0007,0.0,UI0002404,FAC0067,2024,13734,2929.78,100,5607,2155,13734.0,0.2913,429.62,8662.28,I-REC
BANK04,2024,2024-05,1.3166,4.0625,0.0,UI0002405,FAC0067,2024,13946,3184.74,100,6518,2248,13946.0,0.2913,621.79,7106.81,GO
BANK04,2024,2024-06,1.3692,4.8965,0.0,UI0002406,FAC0067,2024,16809,3957.8,100,6778,2077,16809.0,0.2913,680.57,10017.41,GO
BANK04,2024,2024-07,1.4825,4.863,0.0,UI0002407,FAC0067,2024,16694,3090.98,100,7339,2729,16694.0,0.2913,845.72,9404.97,GO
BANK04,2024,2024-08,1.4863,4.5309,0.0,UI0002408,FAC0067,2024,15554,3448.29,100,7358,1620,15554.0,0.2913,807.74,7058.47,I-REC
BANK04,2024,2024-09,1.148,3.8082,0.0,UI0002409,FAC0067,2024,13073,3678.51,100,5683,2560,13073.0,0.2913,433.23,11421.25,I-REC
BANK04,2024,2024-10,1.1956,3.6555,0.0,UI0002410,FAC0067,2024,12549,3763.6,100,5919,2036,12549.0,0.2913,572.25,6729.81,I-REC
BANK04,2024,2024-11,1.2528,3.7283,0.0,UI0002411,FAC0067,2024,12799,3930.01,100,6202,2209,12799.0,0.2913,625.93,7536.66,GO
BANK04,2024,2024-12,1.6204,5.3331,0.0,UI0002412,FAC0067,2024,18308,3954.6,100,8022,2585,18308.0,0.2913,750.68,10838.77,I-REC
BANK04,2022,2022-01,3.5948,10.6206,0.0,UI0002413,FAC0068,2022,34371,9977.99,100,17796,566,34371.0,0.309,1601.99,2108.12,I-REC
BANK04,2022,2022-02,3.6635,12.4385,0.0,UI0002414,FAC0068,2022,40254,9894.04,100,18136,489,40254.0,0.309,1921.48,1679.42,I-REC
BANK04,2022,2022-03,2.7933,8.0473,0.0,UI0002415,FAC0068,2022,26043,7102.09,100,13828,434,26043.0,0.309,1680.67,2122.18,I-REC
BANK04,2022,2022-04,2.6022,9.6139,0.0,UI0002416,FAC0068,2022,31113,8574.91,100,12882,581,31113.0,0.309,1779.11,2150.77,GO
BANK04,2022,2022-05,2.8232,8.643,0.0,UI0002417,FAC0068,2022,27971,7793.47,100,13976,493,27971.0,0.309,1160.18,2412.81,I-REC
BANK04,2022,2022-06,3.531,10.1618,0.0,UI0002418,FAC0068,2022,32886,8517.45,100,17480,620,32886.0,0.309,1955.79,1940.99,GO
BANK04,2022,2022-07,2.9361,11.162,0.0,UI0002419,FAC0068,2022,36123,7128.44,100,14535,437,36123.0,0.309,1631.18,1575.27,GO
BANK04,2022,2022-08,3.191,10.8419,0.0,UI0002420,FAC0068,2022,35087,6428.18,100,15797,888,35087.0,0.309,1594.95,4397.66,I-REC
BANK04,2022,2022-09,2.6199,9.2709,0.0,UI0002421,FAC0068,2022,30003,8573.77,100,12970,544,30003.0,0.309,1610.21,2238.69,I-REC
BANK04,2022,2022-10,2.7678,8.9619,0.0,UI0002422,FAC0068,2022,29003,7307.99,100,13702,730,29003.0,0.309,1548.09,3109.95,GO
BANK04,2022,2022-11,2.6577,8.4465,0.0,UI0002423,FAC0068,2022,27335,5143.33,100,13157,609,27335.0,0.309,1672.6,2644.15,I-REC
BANK04,2022,2022-12,3.5518,12.0164,0.0,UI0002424,FAC0068,2022,38888,8593.04,100,17583,861,38888.0,0.309,2384.95,3800.9,GO
BANK04,2023,2023-01,3.4706,11.2185,0.0,UI0002425,FAC0068,2023,37395,6806.9,100,17181,676,37395.0,0.3,1623.69,2691.62,GO
BANK04,2023,2023-02,3.2229,10.3167,0.0,UI0002426,FAC0068,2023,34389,8956.64,100,15955,612,34389.0,0.3,1452.07,2954.94,I-REC
BANK04,2023,2023-03,2.6284,8.6274,0.0,UI0002427,FAC0068,2023,28758,7348.78,100,13012,887,28758.0,0.3,1610.47,4225.99,I-REC
BANK04,2023,2023-04,2.6779,8.5482,0.0,UI0002428,FAC0068,2023,28494,6427.72,100,13257,874,28494.0,0.3,1393.07,3622.9,GO
BANK04,2023,2023-05,2.4765,8.4096,0.0,UI0002429,FAC0068,2023,28032,8920.66,100,12260,565,28032.0,0.3,1332.89,2195.03,I-REC
BANK04,2023,2023-06,2.9736,10.5567,0.0,UI0002430,FAC0068,2023,35189,6780.21,100,14721,619,35189.0,0.3,1575.24,2790.02,I-REC
BANK04,2023,2023-07,3.3908,9.966,0.0,UI0002431,FAC0068,2023,33220,9771.34,100,16786,528,33220.0,0.3,1591.87,2224.18,I-REC
BANK04,2023,2023-08,2.9835,9.7686,0.0,UI0002432,FAC0068,2023,32562,6046.14,100,14770,498,32562.0,0.3,1196.99,1816.08,I-REC
BANK04,2023,2023-09,2.3024,7.5792,0.0,UI0002433,FAC0068,2023,25264,6828.59,100,11398,831,25264.0,0.3,1459.05,3141.07,GO
BANK04,2023,2023-10,2.5876,7.9761,0.0,UI0002434,FAC0068,2023,26587,5772.85,100,12810,717,26587.0,0.3,1096.03,3261.67,GO
BANK04,2023,2023-11,2.4066,7.7136,0.0,UI0002435,FAC0068,2023,25712,5815.97,100,11914,596,25712.0,0.3,1665.25,2010.5,I-REC
BANK04,2023,2023-12,3.2797,10.002,0.0,UI0002436,FAC0068,2023,33340,7098.71,100,16236,404,33340.0,0.3,1650.08,1216.13,I-REC
BANK04,2024,2024-01,3.0219,10.116,0.0,UI0002437,FAC0068,2024,34727,8290.9,100,14960,835,34727.0,0.2913,1351.66,3218.37,GO
BANK04,2024,2024-02,3.2643,10.8355,0.0,UI0002438,FAC0068,2024,37197,9179.16,100,16160,417,37197.0,0.2913,1424.81,1481.35,I-REC
BANK04,2024,2024-03,2.6054,7.4133,0.0,UI0002439,FAC0068,2024,25449,7223.31,100,12898,450,25449.0,0.2913,976.82,1422.96,I-REC
BANK04,2024,2024-04,2.5565,7.0329,0.0,UI0002440,FAC0068,2024,24143,6896.16,100,12656,410,24143.0,0.2913,1530.01,1899.24,I-REC
BANK04,2024,2024-05,2.3161,7.3754,0.0,UI0002441,FAC0068,2024,25319,7352.92,100,11466,568,25319.0,0.2913,1372.61,2511.65,I-REC
BANK04,2024,2024-06,3.0223,9.5599,0.0,UI0002442,FAC0068,2024,32818,6111.3,100,14962,853,32818.0,0.2913,1872.46,3075.4,GO
BANK04,2024,2024-07,3.0009,8.8465,0.0,UI0002443,FAC0068,2024,30369,7051.47,100,14856,498,30369.0,0.2913,1918.75,1908.32,I-REC
BANK04,2024,2024-08,2.8827,9.5841,0.0,UI0002444,FAC0068,2024,32901,6951.3,100,14271,439,32901.0,0.2913,1312.44,1974.8,GO
BANK04,2024,2024-09,2.178,7.9187,0.0,UI0002445,FAC0068,2024,27184,7882.18,100,10782,689,27184.0,0.2913,1118.46,3155.37,I-REC
BANK04,2024,2024-10,2.6428,6.7835,0.0,UI0002446,FAC0068,2024,23287,4415.24,100,13083,843,23287.0,0.2913,1699.35,3895.75,GO
BANK04,2024,2024-11,2.2111,8.0536,0.0,UI0002447,FAC0068,2024,27647,8503.41,100,10946,667,27647.0,0.2913,1194.49,2514.28,GO
BANK04,2024,2024-12,3.4061,10.8547,0.0,UI0002448,FAC0068,2024,37263,9877.0,100,16862,695,37263.0,0.2913,2090.06,2246.15,GO
BANK04,2022,2022-01,1.1591,4.0578,0.0,UI0002449,FAC0069,2022,13132,2430.28,100,5738,2196,13132.0,0.309,544.75,7118.62,GO
BANK04,2022,2022-02,1.2015,3.4441,0.0,UI0002450,FAC0069,2022,11146,2353.65,100,5948,2325,11146.0,0.309,803.03,8889.8,GO
BANK04,2022,2022-03,0.8484,2.7761,0.0,UI0002451,FAC0069,2022,8984,2236.51,100,4200,2302,8984.0,0.309,436.01,9374.98,GO
BANK04,2022,2022-04,0.8668,2.8907,0.0,UI0002452,FAC0069,2022,9355,2798.05,100,4291,1337,9355.0,0.309,512.77,6019.75,I-REC
BANK04,2022,2022-05,0.9074,3.0625,0.0,UI0002453,FAC0069,2022,9911,3108.0,100,4492,2469,9911.0,0.309,580.92,12291.81,I-REC
BANK04,2022,2022-06,1.1233,3.1039,0.0,UI0002454,FAC0069,2022,10045,2652.11,100,5561,2163,10045.0,0.309,421.86,10654.24,GO
BANK04,2022,2022-07,1.1015,3.2433,0.0,UI0002455,FAC0069,2022,10496,2175.4,100,5453,1228,10496.0,0.309,601.76,4084.8,GO
BANK04,2022,2022-08,1.0496,3.1846,0.0,UI0002456,FAC0069,2022,10306,2968.47,100,5196,2521,10306.0,0.309,460.17,10919.59,I-REC
BANK04,2022,2022-09,0.9035,3.0603,0.0,UI0002457,FAC0069,2022,9904,2720.34,100,4473,1830,9904.0,0.309,606.07,7214.54,I-REC
BANK04,2022,2022-10,0.8575,2.734,0.0,UI0002458,FAC0069,2022,8848,2479.99,100,4245,1692,8848.0,0.309,372.89,5099.37,I-REC
BANK04,2022,2022-11,0.7749,2.7544,0.0,UI0002459,FAC0069,2022,8914,2786.66,100,3836,2486,8914.0,0.309,317.21,9518.96,GO
BANK04,2022,2022-12,1.0474,4.1051,0.0,UI0002460,FAC0069,2022,13285,2818.25,100,5185,1166,13285.0,0.309,384.56,4403.58,I-REC
BANK04,2023,2023-01,1.0464,3.8001,0.0,UI0002461,FAC0069,2023,12667,2844.0,100,5180,1227,12667.0,0.3,606.91,4093.32,GO
BANK04,2023,2023-02,1.0595,3.1926,0.0,UI0002462,FAC0069,2023,10642,2010.13,100,5245,2356,10642.0,0.3,397.21,7640.22,I-REC
BANK04,2023,2023-03,0.8644,2.7117,0.0,UI0002463,FAC0069,2023,9039,2613.97,100,4279,2176,9039.0,0.3,561.56,9202.66,GO
BANK04,2023,2023-04,0.7609,2.649,0.0,UI0002464,FAC0069,2023,8830,1990.6,100,3767,1206,8830.0,0.3,417.61,5416.24,GO
BANK04,2023,2023-05,0.8187,2.7321,0.0,UI0002465,FAC0069,2023,9107,1715.21,100,4053,2481,9107.0,0.3,507.28,8540.4,GO
BANK04,2023,2023-06,1.047,3.3528,0.0,UI0002466,FAC0069,2023,11176,2685.22,100,5183,1625,11176.0,0.3,601.58,6515.91,I-REC
BANK04,2023,2023-07,1.053,3.2355,0.0,UI0002467,FAC0069,2023,10785,1971.75,100,5213,1275,10785.0,0.3,577.53,4811.6,I-REC
BANK04,2023,2023-08,1.0365,2.9202,0.0,UI0002468,FAC0069,2023,9734,1818.08,100,5131,2399,9734.0,0.3,462.69,7344.98,I-REC
BANK04,2023,2023-09,0.7357,2.418,0.0,UI0002469,FAC0069,2023,8060,2401.53,100,3642,2242,8060.0,0.3,457.01,6752.39,GO
BANK04,2023,2023-10,0.8518,2.3967,0.0,UI0002470,FAC0069,2023,7989,2490.97,100,4217,2274,7989.0,0.3,557.9,10317.95,GO
BANK04,2023,2023-11,0.8456,2.4645,0.0,UI0002471,FAC0069,2023,8215,2444.59,100,4186,2320,8215.0,0.3,549.84,10214.82,GO
BANK04,2023,2023-12,1.0742,3.5895,0.0,UI0002472,FAC0069,2023,11965,2217.59,100,5318,1270,11965.0,0.3,660.55,5945.58,GO
BANK04,2024,2024-01,1.0336,3.0441,0.0,UI0002473,FAC0069,2024,10450,2709.12,100,5117,1510,10450.0,0.2913,484.42,7007.09,I-REC
BANK04,2024,2024-02,1.0573,2.8772,0.0,UI0002474,FAC0069,2024,9877,2237.52,100,5234,2383,9877.0,0.2913,699.3,9539.16,I-REC
BANK04,2024,2024-03,0.709,2.3505,0.0,UI0002475,FAC0069,2024,8069,1748.7,100,3510,2525,8069.0,0.2913,343.58,10575.31,GO
BANK04,2024,2024-04,0.7836,2.2579,0.0,UI0002476,FAC0069,2024,7751,2299.2,100,3879,1932,7751.0,0.2913,426.71,5952.96,I-REC
BANK04,2024,2024-05,0.7819,2.2756,0.0,UI0002477,FAC0069,2024,7812,1739.79,100,3871,1526,7812.0,0.2913,451.21,6585.99,I-REC
BANK04,2024,2024-06,0.9092,2.8003,0.0,UI0002478,FAC0069,2024,9613,3071.87,100,4501,2503,9613.0,0.2913,454.67,9666.98,I-REC
BANK04,2024,2024-07,0.8777,2.8154,0.0,UI0002479,FAC0069,2024,9665,2461.79,100,4345,2252,9665.0,0.2913,442.28,10146.38,I-REC
BANK04,2024,2024-08,1.0062,2.9844,0.0,UI0002480,FAC0069,2024,10245,2124.15,100,4981,2319,10245.0,0.2913,382.05,11308.16,I-REC
BANK04,2024,2024-09,0.7648,2.615,0.0,UI0002481,FAC0069,2024,8977,2407.65,100,3786,1899,8977.0,0.2913,297.74,9454.09,I-REC
BANK04,2024,2024-10,0.7464,2.474,0.0,UI0002482,FAC0069,2024,8493,2221.29,100,3695,1890,8493.0,0.2913,262.35,9321.81,I-REC
BANK04,2024,2024-11,0.7482,2.6124,0.0,UI0002483,FAC0069,2024,8968,2174.19,100,3704,2025,8968.0,0.2913,359.9,6564.89,GO
BANK04,2024,2024-12,0.9466,3.1187,0.0,UI0002484,FAC0069,2024,10706,2525.14,100,4686,2189,10706.0,0.2913,330.6,7397.25,GO
BANK04,2022,2022-01,4.1143,15.0196,0.0,UI0002485,FAC0070,2022,48607,11471.39,100,20368,2807,48607.0,0.309,2207.63,13571.79,I-REC
BANK04,2022,2022-02,4.6014,16.2018,0.0,UI0002486,FAC0070,2022,52433,9775.41,100,22779,2222,52433.0,0.309,2225.7,8347.96,GO
BANK04,2022,2022-03,3.4982,11.8004,0.0,UI0002487,FAC0070,2022,38189,8453.11,100,17318,2832,38189.0,0.309,1403.96,13575.74,GO
BANK04,2022,2022-04,3.3324,11.7621,0.0,UI0002488,FAC0070,2022,38065,7313.93,100,16497,1590,38065.0,0.309,2237.77,5794.88,GO
BANK04,2022,2022-05,3.6417,10.5502,0.0,UI0002489,FAC0070,2022,34143,7778.46,100,18028,1965,34143.0,0.309,2199.31,9161.39,GO
BANK04,2022,2022-06,3.9293,12.1576,0.0,UI0002490,FAC0070,2022,39345,11696.32,100,19452,2860,39345.0,0.309,1782.25,10813.54,I-REC
BANK04,2022,2022-07,3.8142,12.3248,0.0,UI0002491,FAC0070,2022,39886,11921.59,100,18882,2004,39886.0,0.309,1770.44,6614.0,GO
BANK04,2022,2022-08,4.4078,13.8466,0.0,UI0002492,FAC0070,2022,44811,10139.12,100,21821,2968,44811.0,0.309,2699.87,10022.45,GO
BANK04,2022,2022-09,3.1823,10.2087,0.0,UI0002493,FAC0070,2022,33038,6023.89,100,15754,3007,33038.0,0.309,1778.36,14008.54,GO
BANK04,2022,2022-10,3.4435,10.4538,0.0,UI0002494,FAC0070,2022,33831,6690.5,100,17047,1788,33831.0,0.309,2049.87,5805.92,I-REC
BANK04,2022,2022-11,3.5897,11.2819,0.0,UI0002495,FAC0070,2022,36511,9529.78,100,17771,3012,36511.0,0.309,2383.97,14391.97,GO
BANK04,2022,2022-12,4.098,13.9276,0.0,UI0002496,FAC0070,2022,45073,13847.7,100,20287,2819,45073.0,0.309,2329.91,8880.44,I-REC
BANK04,2023,2023-01,4.483,14.5743,0.0,UI0002497,FAC0070,2023,48581,14117.76,100,22193,2321,48581.0,0.3,2348.9,8194.24,GO
BANK04,2023,2023-02,4.5258,14.6961,0.0,UI0002498,FAC0070,2023,48987,13173.81,100,22405,2579,48987.0,0.3,2942.15,10221.68,GO
BANK04,2023,2023-03,2.9466,10.7268,0.0,UI0002499,FAC0070,2023,35756,6662.01,100,14587,2926,35756.0,0.3,1172.81,14208.48,GO
BANK04,2023,2023-04,3.1872,10.0437,0.0,UI0002500,FAC0070,2023,33479,7043.36,100,15778,1763,33479.0,0.3,1792.22,7284.19,GO
BANK04,2023,2023-05,3.3233,10.5624,0.0,UI0002501,FAC0070,2023,35208,6874.96,100,16452,1497,35208.0,0.3,1169.48,4618.65,I-REC
BANK04,2023,2023-06,3.7806,12.9087,0.0,UI0002502,FAC0070,2023,43029,8724.88,100,18716,2904,43029.0,0.3,1845.17,14481.55,GO
BANK04,2023,2023-07,3.9616,12.5055,0.0,UI0002503,FAC0070,2023,41685,12234.86,100,19612,2803,41685.0,0.3,2305.39,10436.25,I-REC
BANK04,2023,2023-08,4.2372,12.3912,0.0,UI0002504,FAC0070,2023,41304,12471.0,100,20976,2750,41304.0,0.3,2741.12,10543.56,I-REC
BANK04,2023,2023-09,3.0411,10.7373,0.0,UI0002505,FAC0070,2023,35791,9114.04,100,15055,2293,35791.0,0.3,1259.8,10351.5,GO
BANK04,2023,2023-10,3.2476,10.1802,0.0,UI0002506,FAC0070,2023,33934,7511.63,100,16077,1918,33934.0,0.3,1334.35,8206.72,GO
BANK04,2023,2023-11,2.9248,9.5862,0.0,UI0002507,FAC0070,2023,31954,10091.06,100,14479,2972,31954.0,0.3,1702.29,13416.96,GO
BANK04,2023,2023-12,4.0806,13.7355,0.0,UI0002508,FAC0070,2023,45785,9855.09,100,20201,3126,45785.0,0.3,1930.95,12841.73,GO
BANK04,2024,2024-01,4.0208,12.6043,0.0,UI0002509,FAC0070,2024,43269,7831.52,100,19905,2202,43269.0,0.2913,1758.4,8353.11,I-REC
BANK04,2024,2024-02,4.3452,12.3736,0.0,UI0002510,FAC0070,2024,42477,10811.19,100,21511,2628,42477.0,0.2913,2319.39,12981.63,GO
BANK04,2024,2024-03,3.1336,9.0245,0.0,UI0002511,FAC0070,2024,30980,7514.03,100,15513,2843,30980.0,0.2913,1870.98,9264.67,GO
BANK04,2024,2024-04,2.8969,9.6385,0.0,UI0002512,FAC0070,2024,33088,9856.27,100,14341,1482,33088.0,0.2913,1219.85,7147.11,GO
BANK04,2024,2024-05,3.0718,9.5063,0.0,UI0002513,FAC0070,2024,32634,9424.67,100,15207,1537,32634.0,0.2913,1819.58,5828.71,I-REC
BANK04,2024,2024-06,3.7917,10.5611,0.0,UI0002514,FAC0070,2024,36255,8025.94,100,18771,2218,36255.0,0.2913,2494.54,7018.64,GO
BANK04,2024,2024-07,3.5037,12.1586,0.0,UI0002515,FAC0070,2024,41739,12299.04,100,17345,1358,41739.0,0.2913,1232.64,5126.97,I-REC
BANK04,2024,2024-08,3.5205,10.9797,0.0,UI0002516,FAC0070,2024,37692,10945.14,100,17428,1608,37692.0,0.2913,1948.89,7819.3,I-REC
BANK04,2024,2024-09,2.986,9.1247,0.0,UI0002517,FAC0070,2024,31324,6536.19,100,14782,1840,31324.0,0.2913,1106.27,8448.16,GO
BANK04,2024,2024-10,2.7664,10.0606,0.0,UI0002518,FAC0070,2024,34537,10332.82,100,13695,1572,34537.0,0.2913,1176.05,7289.95,GO
BANK04,2024,2024-11,3.1809,10.13,0.0,UI0002519,FAC0070,2024,34775,7060.99,100,15747,3032,34775.0,0.2913,1578.63,12826.96,I-REC
BANK04,2024,2024-12,3.6312,11.354,0.0,UI0002520,FAC0070,2024,38977,8140.08,100,17976,1434,38977.0,0.2913,2055.06,4950.99,GO
BANK05,2022,2022-01,23.9219,36.0689,28.8552,UI0002521,FAC0071,2022,241587,61842.24,20,118425,372,48317.4,0.1493,11240.44,1526.35,I-REC
BANK05,2022,2022-02,21.4318,36.9091,29.5272,UI0002522,FAC0071,2022,247214,47693.72,20,106098,428,49442.8,0.1493,14353.09,1722.05,GO
BANK05,2022,2022-03,18.3315,25.6554,25.6554,UI0002523,FAC0071,2022,171838,33711.95,0,90750,561,0.0,0.1493,9990.5,1855.17,
BANK05,2022,2022-04,16.5963,28.7728,28.7728,UI0002524,FAC0071,2022,192718,48583.37,0,82160,396,0.0,0.1493,8575.29,1416.47,
BANK05,2022,2022-05,19.1829,30.2403,30.2403,UI0002525,FAC0071,2022,202547,41000.56,0,94965,321,0.0,0.1493,7885.43,1522.15,
BANK05,2022,2022-06,21.7439,33.2007,29.8807,UI0002526,FAC0071,2022,222376,40456.69,10,107643,561,22237.6,0.1493,10929.3,2452.43,I-REC
BANK05,2022,2022-07,22.4967,37.739,30.1912,UI0002527,FAC0071,2022,252773,53225.92,20,111370,544,50554.6,0.1493,10885.75,2136.1,GO
BANK05,2022,2022-08,22.459,34.1533,34.1533,UI0002528,FAC0071,2022,228756,55877.3,0,111183,416,0.0,0.1493,9504.21,1568.32,
BANK05,2022,2022-09,19.2866,30.1961,30.1961,UI0002529,FAC0071,2022,202251,36510.85,0,95478,368,0.0,0.1493,13146.23,1381.93,
BANK05,2022,2022-10,16.4018,29.3928,29.3928,UI0002530,FAC0071,2022,196871,38748.24,0,81197,582,0.0,0.1493,11180.32,2662.58,
BANK05,2022,2022-11,16.2788,28.9869,28.9869,UI0002531,FAC0071,2022,194152,58288.4,0,80588,445,0.0,0.1493,8481.18,2105.04,
BANK05,2022,2022-12,23.3641,37.8392,34.0553,UI0002532,FAC0071,2022,253444,50362.58,10,115664,514,25344.4,0.1493,10213.13,2354.58,GO
BANK05,2023,2023-01,22.256,37.5702,33.8132,UI0002533,FAC0071,2023,259105,72826.42,10,110178,254,25910.5,0.145,10490.13,1059.8,I-REC
BANK05,2023,2023-02,24.0202,39.3373,39.3373,UI0002534,FAC0071,2023,271292,83020.44,0,118912,472,0.0,0.145,11660.76,2328.49,
BANK05,2023,2023-03,16.9607,25.0483,25.0483,UI0002535,FAC0071,2023,172747,33379.92,0,83964,368,0.0,0.145,7066.99,1584.93,
BANK05,2023,2023-04,19.538,26.3314,21.0651,UI0002536,FAC0071,2023,181596,39732.55,20,96723,425,36319.2,0.145,12717.11,1753.06,I-REC
BANK05,2023,2023-05,17.8408,25.4906,22.9415,UI0002537,FAC0071,2023,175797,40294.04,10,88321,354,17579.7,0.145,7134.7,1247.06,GO
BANK05,2023,2023-06,23.3344,31.1949,28.0754,UI0002538,FAC0071,2023,215137,55510.99,10,115517,501,21513.7,0.145,8800.59,2261.66,GO
BANK05,2023,2023-07,21.9715,30.5237,30.5237,UI0002539,FAC0071,2023,210508,61152.54,0,108770,493,0.0,0.145,9535.8,2415.39,
BANK05,2023,2023-08,22.5369,31.0361,24.8289,UI0002540,FAC0071,2023,214042,49004.02,20,111569,493,42808.4,0.145,10632.53,2450.08,GO
BANK05,2023,2023-09,18.2123,27.9222,25.13,UI0002541,FAC0071,2023,192567,39162.12,10,90160,375,19256.7,0.145,10240.96,1499.73,GO
BANK05,2023,2023-10,19.2641,29.0399,26.1359,UI0002542,FAC0071,2023,200275,41472.74,10,95367,320,20027.5,0.145,11277.56,1175.33,GO
BANK05,2023,2023-11,17.7271,27.6131,22.0905,UI0002543,FAC0071,2023,190435,47405.35,20,87758,405,38087.0,0.145,9141.59,1675.04,I-REC
BANK05,2023,2023-12,23.9685,35.8178,32.236,UI0002544,FAC0071,2023,247019,47551.61,10,118656,275,24701.9,0.145,10439.2,1152.59,GO
BANK05,2024,2024-01,22.5862,36.7465,29.3972,UI0002545,FAC0071,2024,260984,47835.28,20,111813,522,52196.8,0.1408,12113.91,2134.37,I-REC
BANK05,2024,2024-02,23.6021,34.6721,34.6721,UI0002546,FAC0071,2024,246251,50944.01,0,116842,415,0.0,0.1408,13150.15,1255.78,
BANK05,2024,2024-03,19.1987,28.788,28.788,UI0002547,FAC0071,2024,204460,37751.92,0,95043,289,0.0,0.1408,7151.96,996.44,
BANK05,2024,2024-04,17.255,24.9661,22.4695,UI0002548,FAC0071,2024,177316,38943.6,10,85421,573,17731.6,0.1408,10460.39,2191.95,I-REC
BANK05,2024,2024-05,18.3695,25.7512,23.1761,UI0002549,FAC0071,2024,182892,58341.67,10,90938,504,18289.2,0.1408,10208.67,1599.73,GO
BANK05,2024,2024-06,22.0398,35.5337,31.9803,UI0002550,FAC0071,2024,252370,72891.33,10,109108,382,25237.0,0.1408,14568.12,1337.07,I-REC
BANK05,2024,2024-07,22.3951,32.8592,26.2874,UI0002551,FAC0071,2024,233375,74051.72,20,110867,355,46675.0,0.1408,12872.45,1470.19,I-REC
BANK05,2024,2024-08,24.0428,30.4035,24.3228,UI0002552,FAC0071,2024,215934,58865.18,20,119024,411,43186.8,0.1408,8554.65,1606.34,GO
BANK05,2024,2024-09,17.5168,29.4773,26.5296,UI0002553,FAC0071,2024,209356,50934.78,10,86717,473,20935.6,0.1408,12005.67,1971.5,GO
BANK05,2024,2024-10,16.3117,26.5278,26.5278,UI0002554,FAC0071,2024,188408,45995.99,0,80751,311,0.0,0.1408,8096.45,1072.15,
BANK05,2024,2024-11,17.4556,25.3302,20.2642,UI0002555,FAC0071,2024,179902,46635.38,20,86414,517,35980.4,0.1408,11982.52,2477.26,GO
BANK05,2024,2024-12,24.5022,39.1049,31.284,UI0002556,FAC0071,2024,277734,82818.9,20,121298,407,55546.8,0.1408,13972.59,1515.6,I-REC
BANK05,2022,2022-01,2.667,4.3245,3.892,UI0002557,FAC0072,2022,28965,7107.05,10,13203,383,2896.5,0.1493,1033.77,1670.87,I-REC
BANK05,2022,2022-02,2.6674,4.0126,3.6113,UI0002558,FAC0072,2022,26876,7380.95,10,13205,668,2687.6,0.1493,1114.4,3083.99,I-REC
BANK05,2022,2022-03,2.0909,3.2734,2.6187,UI0002559,FAC0072,2022,21925,5248.0,20,10351,318,4385.0,0.1493,971.16,1277.33,I-REC
BANK05,2022,2022-04,2.0978,3.247,2.9223,UI0002560,FAC0072,2022,21748,6211.35,10,10385,606,2174.8,0.1493,752.34,2734.5,I-REC
BANK05,2022,2022-05,1.9952,3.0311,2.728,UI0002561,FAC0072,2022,20302,5078.21,10,9877,401,2030.2,0.1493,1373.31,1587.04,GO
BANK05,2022,2022-06,2.5892,4.0772,4.0772,UI0002562,FAC0072,2022,27309,8543.48,0,12818,566,0.0,0.1493,1718.98,2821.92,
BANK05,2022,2022-07,2.2794,3.7565,3.7565,UI0002563,FAC0072,2022,25161,5876.98,0,11284,526,0.0,0.1493,908.66,1994.19,
BANK05,2022,2022-08,2.3523,3.8194,3.4375,UI0002564,FAC0072,2022,25582,6734.05,10,11645,655,2558.2,0.1493,1474.18,3011.03,I-REC
BANK05,2022,2022-09,1.9612,3.2767,2.949,UI0002565,FAC0072,2022,21947,5133.44,10,9709,593,2194.7,0.1493,855.85,2470.87,GO
BANK05,2022,2022-10,1.9317,2.9824,2.6842,UI0002566,FAC0072,2022,19976,5950.34,10,9563,350,1997.6,0.1493,1211.06,1217.03,I-REC
BANK05,2022,2022-11,2.1133,3.3507,2.6806,UI0002567,FAC0072,2022,22443,4153.1,20,10462,681,4488.6,0.1493,1199.96,2387.84,GO
BANK05,2022,2022-12,2.4709,4.4018,3.5214,UI0002568,FAC0072,2022,29483,7979.38,20,12232,525,5896.6,0.1493,1335.01,1861.54,GO
BANK05,2023,2023-01,2.6444,4.3645,4.3645,UI0002569,FAC0072,2023,30100,8122.05,0,13091,485,0.0,0.145,1153.43,2306.2,
BANK05,2023,2023-02,2.792,3.8776,3.1021,UI0002570,FAC0072,2023,26742,8059.13,20,13822,464,5348.4,0.145,999.02,2290.15,GO
BANK05,2023,2023-03,1.9243,3.085,3.085,UI0002571,FAC0072,2023,21276,6002.29,0,9526,541,0.0,0.145,914.79,2058.95,
BANK05,2023,2023-04,2.0612,2.8784,2.5906,UI0002572,FAC0072,2023,19851,5242.99,10,10204,368,1985.1,0.145,930.67,1648.89,GO
BANK05,2023,2023-05,2.139,2.7891,2.7891,UI0002573,FAC0072,2023,19235,4740.67,0,10589,659,0.0,0.145,1081.16,2049.97,
BANK05,2023,2023-06,2.3036,3.9791,3.1833,UI0002574,FAC0072,2023,27442,8320.07,20,11404,465,5488.4,0.145,972.64,2149.04,GO
BANK05,2023,2023-07,2.5755,3.9067,3.9067,UI0002575,FAC0072,2023,26943,7875.52,0,12750,449,0.0,0.145,1677.45,1713.03,
BANK05,2023,2023-08,2.5904,3.7642,3.0114,UI0002576,FAC0072,2023,25960,6242.43,20,12824,507,5192.0,0.145,1079.09,1816.43,I-REC
BANK05,2023,2023-09,1.8873,3.005,2.404,UI0002577,FAC0072,2023,20724,6583.66,20,9343,497,4144.8,0.145,1169.82,2386.4,GO
BANK05,2023,2023-10,2.0707,3.2929,3.2929,UI0002578,FAC0072,2023,22710,6960.16,0,10251,421,0.0,0.145,858.62,1922.95,
BANK05,2023,2023-11,1.8808,3.1429,3.1429,UI0002579,FAC0072,2023,21675,6276.18,0,9311,458,0.0,0.145,1113.69,2068.24,
BANK05,2023,2023-12,2.7977,3.9159,3.9159,UI0002580,FAC0072,2023,27006,4941.04,0,13850,339,0.0,0.145,1578.62,1312.75,
BANK05,2024,2024-01,2.6757,4.0004,3.2003,UI0002581,FAC0072,2024,28412,6418.43,20,13246,604,5682.4,0.1408,1290.45,2991.92,GO
BANK05,2024,2024-02,2.8605,3.8233,3.0586,UI0002582,FAC0072,2024,27154,6671.92,20,14161,517,5430.8,0.1408,1505.11,2580.7,I-REC
BANK05,2024,2024-03,1.8029,3.2291,2.9062,UI0002583,FAC0072,2024,22934,4818.31,10,8925,353,2293.4,0.1408,825.56,1667.72,I-REC
BANK05,2024,2024-04,2.0756,2.933,2.3464,UI0002584,FAC0072,2024,20831,4363.1,20,10275,516,4166.2,0.1408,964.8,2524.1,GO
BANK05,2024,2024-05,2.0606,3.2583,2.6066,UI0002585,FAC0072,2024,23141,4759.62,20,10201,641,4628.2,0.1408,736.71,2897.99,GO
BANK05,2024,2024-06,2.3895,3.333,2.9997,UI0002586,FAC0072,2024,23672,5695.01,10,11829,539,2367.2,0.1408,1217.57,2135.39,GO
BANK05,2024,2024-07,2.6383,3.7801,3.7801,UI0002587,FAC0072,2024,26847,8370.94,0,13061,545,0.0,0.1408,1462.57,1895.68,
BANK05,2024,2024-08,2.6424,3.8406,3.0725,UI0002588,FAC0072,2024,27277,5329.11,20,13081,681,5455.4,0.1408,1087.45,2671.86,GO
BANK05,2024,2024-09,2.0511,2.9286,2.6358,UI0002589,FAC0072,2024,20800,6539.38,10,10154,536,2080.0,0.1408,783.6,2397.44,I-REC
BANK05,2024,2024-10,2.1582,2.8342,2.2673,UI0002590,FAC0072,2024,20129,4879.78,20,10684,527,4025.8,0.1408,998.02,2311.87,GO
BANK05,2024,2024-11,1.7988,3.1783,3.1783,UI0002591,FAC0072,2024,22573,6047.66,0,8905,561,0.0,0.1408,1093.25,2631.11,
BANK05,2024,2024-12,2.8634,3.9044,3.5139,UI0002592,FAC0072,2024,27730,5149.91,10,14175,662,2773.0,0.1408,1027.79,2588.51,GO
BANK05,2022,2022-01,31.4241,46.9978,42.2981,UI0002593,FAC0073,2022,314788,80059.13,10,155565,1772,31478.8,0.1493,13817.8,8750.08,GO
BANK05,2022,2022-02,29.4916,52.9967,47.6971,UI0002594,FAC0073,2022,354968,86875.44,10,145998,1610,35496.8,0.1493,14643.62,7618.74,I-REC
BANK05,2022,2022-03,24.2804,38.6568,34.7911,UI0002595,FAC0073,2022,258920,78419.03,10,120200,962,25892.0,0.1493,13632.29,3808.0,GO
BANK05,2022,2022-04,23.9261,37.564,33.8076,UI0002596,FAC0073,2022,251601,64805.21,10,118446,1193,25160.1,0.1493,15083.12,4163.23,I-REC
BANK05,2022,2022-05,22.8763,38.6814,38.6814,UI0002597,FAC0073,2022,259085,73453.19,0,113249,2205,0.0,0.1493,8583.08,8786.7,
BANK05,2022,2022-06,29.9964,45.959,41.3631,UI0002598,FAC0073,2022,307830,96271.72,10,148497,1591,30783.0,0.1493,20725.62,7601.03,GO
BANK05,2022,2022-07,29.4983,46.2481,36.9985,UI0002599,FAC0073,2022,309766,81241.5,20,146031,2097,61953.2,0.1493,10467.04,10467.59,I-REC
BANK05,2022,2022-08,25.9229,50.1021,45.0919,UI0002600,FAC0073,2022,335580,80874.76,10,128331,1748,33558.0,0.1493,16571.63,8127.67,I-REC
BANK05,2022,2022-09,23.9493,34.8704,34.8704,UI0002601,FAC0073,2022,233559,66342.53,0,118561,1945,0.0,0.1493,9618.47,9076.95,
BANK05,2022,2022-10,25.2575,38.5746,30.8597,UI0002602,FAC0073,2022,258370,70321.99,20,125037,1723,51674.0,0.1493,12272.93,5843.84,I-REC
BANK05,2022,2022-11,23.8608,33.8726,33.8726,UI0002603,FAC0073,2022,226876,52215.58,0,118123,2085,0.0,0.1493,16242.25,7725.44,
BANK05,2022,2022-12,34.1727,54.6302,43.7042,UI0002604,FAC0073,2022,365909,98785.69,20,169172,990,73181.8,0.1493,13231.58,3669.37,I-REC
BANK05,2023,2023-01,33.652,51.9808,41.5846,UI0002605,FAC0073,2023,358488,87760.58,20,166594,1974,71697.6,0.145,22441.44,6023.68,GO
BANK05,2023,2023-02,34.4905,45.5225,45.5225,UI0002606,FAC0073,2023,313948,60616.62,0,170745,1726,0.0,0.145,23622.14,6304.59,
BANK05,2023,2023-03,21.8675,33.2308,26.5846,UI0002607,FAC0073,2023,229178,45744.94,20,108255,1052,45835.6,0.145,7873.25,5253.08,GO
BANK05,2023,2023-04,25.6722,39.3473,39.3473,UI0002608,FAC0073,2023,271361,60278.48,0,127090,1113,0.0,0.145,16675.99,5079.2,
BANK05,2023,2023-05,22.3848,33.3082,29.9774,UI0002609,FAC0073,2023,229712,50909.93,10,110816,2181,22971.2,0.145,9990.28,8498.43,GO
BANK05,2023,2023-06,28.0602,48.6382,43.7744,UI0002610,FAC0073,2023,335436,88555.25,10,138912,1913,33543.6,0.145,18329.21,7984.53,GO
BANK05,2023,2023-07,30.3099,45.1372,36.1098,UI0002611,FAC0073,2023,311291,70392.59,20,150049,1297,62258.2,0.145,17644.81,4505.01,GO
BANK05,2023,2023-08,28.1517,47.8716,47.8716,UI0002612,FAC0073,2023,330149,81891.06,0,139365,1060,0.0,0.145,18141.06,3578.12,
BANK05,2023,2023-09,21.915,36.8554,36.8554,UI0002613,FAC0073,2023,254175,66635.39,0,108490,2136,0.0,0.145,14186.71,6828.65,
BANK05,2023,2023-10,25.3773,35.592,32.0328,UI0002614,FAC0073,2023,245462,67742.25,10,125630,1416,24546.2,0.145,15600.78,6466.71,I-REC
BANK05,2023,2023-11,21.637,37.9295,30.3436,UI0002615,FAC0073,2023,261583,48587.11,20,107114,2102,52316.6,0.145,7900.15,8463.92,I-REC
BANK05,2023,2023-12,32.9361,49.728,39.7824,UI0002616,FAC0073,2023,342952,77496.27,20,163050,2035,68590.4,0.145,14875.57,9123.89,I-REC
BANK05,2024,2024-01,29.291,47.6011,47.6011,UI0002617,FAC0073,2024,338076,99880.5,0,145005,1967,0.0,0.1408,17887.02,7917.17,
BANK05,2024,2024-02,33.3387,45.9505,41.3555,UI0002618,FAC0073,2024,326353,92420.95,10,165043,2076,32635.3,0.1408,17449.91,6793.63,GO
BANK05,2024,2024-03,23.4185,34.2726,34.2726,UI0002619,FAC0073,2024,243413,75079.04,0,115933,1321,0.0,0.1408,8332.49,6427.4,
BANK05,2024,2024-04,25.9148,35.4088,31.8679,UI0002620,FAC0073,2024,251483,66438.49,10,128291,1393,25148.3,0.1408,16163.98,6781.56,I-REC
BANK05,2024,2024-05,23.0625,35.0867,35.0867,UI0002621,FAC0073,2024,249195,62570.51,0,114171,1601,0.0,0.1408,13680.7,6929.28,
BANK05,2024,2024-06,30.7735,43.5739,39.2165,UI0002622,FAC0073,2024,309474,82896.31,10,152344,1334,30947.4,0.1408,20621.9,4726.39,I-REC
BANK05,2024,2024-07,27.2969,44.6996,35.7597,UI0002623,FAC0073,2024,317469,62365.54,20,135133,1313,63493.8,0.1408,11510.33,5113.81,GO
BANK05,2024,2024-08,30.5442,47.1405,47.1405,UI0002624,FAC0073,2024,334805,82882.27,0,151209,1984,0.0,0.1408,15558.74,6104.92,
BANK05,2024,2024-09,24.8668,35.9889,32.39,UI0002625,FAC0073,2024,255603,67473.66,10,123103,2063,25560.3,0.1408,11066.29,9622.36,GO
BANK05,2024,2024-10,24.9933,36.5346,32.8812,UI0002626,FAC0073,2024,259479,80200.6,10,123729,1539,25947.9,0.1408,15983.51,4941.8,GO
BANK05,2024,2024-11,22.4176,35.5054,31.9549,UI0002627,FAC0073,2024,252169,68655.22,10,110978,1668,25216.9,0.1408,11563.97,5517.87,GO
BANK05,2024,2024-12,30.0398,46.7412,46.7412,UI0002628,FAC0073,2024,331969,95843.85,0,148712,2098,0.0,0.1408,14895.71,7399.68,
BANK05,2022,2022-01,0.4038,0.5681,0.5681,UI0002629,FAC0074,2022,5014,1542.19,0,1999,1451,0.0,0.1133,277.86,5777.36,
BANK05,2022,2022-02,0.4373,0.5621,0.5621,UI0002630,FAC0074,2022,4961,1547.18,0,2165,1307,0.0,0.1133,275.37,6400.21,
BANK05,2022,2022-03,0.3149,0.4227,0.3382,UI0002631,FAC0074,2022,3731,1099.44,20,1559,1177,746.2,0.1133,115.23,4196.99,GO
BANK05,2022,2022-04,0.3386,0.396,0.3564,UI0002632,FAC0074,2022,3495,803.12,10,1676,2126,349.5,0.1133,230.35,10152.63,I-REC
BANK05,2022,2022-05,0.3305,0.3959,0.3959,UI0002633,FAC0074,2022,3494,836.31,0,1636,1294,0.0,0.1133,178.45,6392.0,
BANK05,2022,2022-06,0.399,0.4691,0.3752,UI0002634,FAC0074,2022,4140,1025.53,20,1975,2374,828.0,0.1133,272.43,10750.85,GO
BANK05,2022,2022-07,0.3727,0.4889,0.3911,UI0002635,FAC0074,2022,4315,991.83,20,1845,2167,863.0,0.1133,130.15,10785.21,I-REC
BANK05,2022,2022-08,0.3759,0.5216,0.4173,UI0002636,FAC0074,2022,4604,861.47,20,1861,1729,920.8,0.1133,156.44,6824.88,GO
BANK05,2022,2022-09,0.3234,0.3964,0.3568,UI0002637,FAC0074,2022,3499,1005.03,10,1601,1686,349.9,0.1133,122.55,7479.76,GO
BANK05,2022,2022-10,0.3169,0.4035,0.3631,UI0002638,FAC0074,2022,3561,1083.27,10,1569,1575,356.1,0.1133,195.33,6665.6,I-REC
BANK05,2022,2022-11,0.3598,0.4448,0.4003,UI0002639,FAC0074,2022,3926,726.49,10,1781,1957,392.6,0.1133,196.45,9642.21,I-REC
BANK05,2022,2022-12,0.447,0.5445,0.4356,UI0002640,FAC0074,2022,4806,881.53,20,2213,1518,961.2,0.1133,168.54,5672.93,GO
BANK05,2023,2023-01,0.4557,0.563,0.563,UI0002641,FAC0074,2023,5118,998.64,0,2256,1859,0.0,0.11,290.77,6221.0,
BANK05,2023,2023-02,0.4317,0.4961,0.3969,UI0002642,FAC0074,2023,4510,931.68,20,2137,1081,902.0,0.11,250.99,3756.18,I-REC
BANK05,2023,2023-03,0.343,0.3765,0.3012,UI0002643,FAC0074,2023,3423,636.54,20,1698,1370,684.6,0.11,226.98,5933.99,GO
BANK05,2023,2023-04,0.3412,0.4301,0.3441,UI0002644,FAC0074,2023,3910,796.62,20,1689,1913,782.0,0.11,195.66,9381.58,GO
BANK05,2023,2023-05,0.346,0.4038,0.3634,UI0002645,FAC0074,2023,3671,1150.35,10,1713,1764,367.1,0.11,173.84,5642.47,I-REC
BANK05,2023,2023-06,0.4359,0.5127,0.5127,UI0002646,FAC0074,2023,4661,1326.9,0,2158,1632,0.0,0.11,192.29,7648.61,
BANK05,2023,2023-07,0.3727,0.4521,0.3617,UI0002647,FAC0074,2023,4110,1142.21,20,1845,1356,822.0,0.11,153.12,4573.38,I-REC
BANK05,2023,2023-08,0.408,0.5137,0.5137,UI0002648,FAC0074,2023,4670,1316.52,0,2020,1698,0.0,0.11,199.8,6027.27,
BANK05,2023,2023-09,0.3357,0.3616,0.2893,UI0002649,FAC0074,2023,3287,943.69,20,1662,1806,657.4,0.11,204.95,7582.57,I-REC
BANK05,2023,2023-10,0.3206,0.3938,0.315,UI0002650,FAC0074,2023,3580,808.42,20,1587,1855,716.0,0.11,121.41,8136.24,GO
BANK05,2023,2023-11,0.3602,0.397,0.3176,UI0002651,FAC0074,2023,3609,935.84,20,1783,1452,721.8,0.11,163.64,5884.88,GO
BANK05,2023,2023-12,0.4335,0.5496,0.4946,UI0002652,FAC0074,2023,4996,1469.64,10,2146,2346,499.6,0.11,182.85,10759.55,GO
BANK05,2024,2024-01,0.4404,0.5339,0.4805,UI0002653,FAC0074,2024,4999,1130.97,10,2180,1162,499.9,0.1068,219.31,4208.65,GO
BANK05,2024,2024-02,0.466,0.4847,0.4847,UI0002654,FAC0074,2024,4538,1214.93,0,2307,1049,0.0,0.1068,289.43,4370.84,
BANK05,2024,2024-03,0.3454,0.3531,0.3178,UI0002655,FAC0074,2024,3306,719.25,10,1710,1815,330.6,0.1068,234.03,6855.62,GO
BANK05,2024,2024-04,0.3755,0.3849,0.3849,UI0002656,FAC0074,2024,3604,982.38,0,1859,1752,0.0,0.1068,200.11,8198.6,
BANK05,2024,2024-05,0.3614,0.3973,0.3178,UI0002657,FAC0074,2024,3720,997.78,20,1789,1370,744.0,0.1068,235.56,4483.74,I-REC
BANK05,2024,2024-06,0.4167,0.4671,0.4671,UI0002658,FAC0074,2024,4374,926.05,0,2063,1291,0.0,0.1068,174.42,5127.78,
BANK05,2024,2024-07,0.3983,0.4838,0.387,UI0002659,FAC0074,2024,4530,1267.14,20,1972,2389,906.0,0.1068,166.17,9143.53,GO
BANK05,2024,2024-08,0.4347,0.5184,0.4666,UI0002660,FAC0074,2024,4854,1210.63,10,2152,2400,485.4,0.1068,187.49,11655.56,GO
BANK05,2024,2024-09,0.3299,0.4139,0.3725,UI0002661,FAC0074,2024,3875,1064.11,10,1633,1566,387.5,0.1068,165.68,5948.9,I-REC
BANK05,2024,2024-10,0.3701,0.4163,0.3747,UI0002662,FAC0074,2024,3898,975.82,10,1832,2389,389.8,0.1068,200.26,7177.17,GO
BANK05,2024,2024-11,0.3305,0.4215,0.4215,UI0002663,FAC0074,2024,3947,1216.93,0,1636,2208,0.0,0.1068,187.49,8739.16,
BANK05,2024,2024-12,0.4682,0.5139,0.4625,UI0002664,FAC0074,2024,4812,1010.89,10,2318,2333,481.2,0.1068,229.47,8045.08,GO
BANK05,2022,2022-01,8.6171,14.0809,12.6728,UI0002665,FAC0075,2022,94313,21665.43,10,42659,638,9431.3,0.1493,5622.32,2934.34,I-REC
BANK05,2022,2022-02,8.0752,13.2607,10.6085,UI0002666,FAC0075,2022,88819,22330.36,20,39976,670,17763.8,0.1493,4038.19,2620.92,I-REC
BANK05,2022,2022-03,6.4642,9.78,8.802,UI0002667,FAC0075,2022,65506,12550.63,10,32001,596,6550.6,0.1493,3526.85,2469.41,I-REC
BANK05,2022,2022-04,6.8652,10.6899,9.6209,UI0002668,FAC0075,2022,71600,16986.29,10,33986,1047,7160.0,0.1493,3871.5,3634.0,I-REC
BANK05,2022,2022-05,7.1062,10.2411,8.1929,UI0002669,FAC0075,2022,68594,13188.07,20,35179,796,13718.8,0.1493,3110.45,2686.56,I-REC
BANK05,2022,2022-06,7.6041,12.1766,10.9589,UI0002670,FAC0075,2022,81558,24945.82,10,37644,977,8155.8,0.1493,3717.46,4875.43,GO
BANK05,2022,2022-07,8.0976,12.178,9.7424,UI0002671,FAC0075,2022,81567,15225.86,20,40087,998,16313.4,0.1493,3589.41,3407.59,GO
BANK05,2022,2022-08,7.3049,13.1182,10.4946,UI0002672,FAC0075,2022,87865,25661.51,20,36163,588,17573.0,0.1493,4089.75,1855.05,GO
BANK05,2022,2022-09,6.0321,11.3189,11.3189,UI0002673,FAC0075,2022,75813,20047.95,0,29862,829,0.0,0.1493,3195.6,3066.59,
BANK05,2022,2022-10,6.8436,11.4819,10.3337,UI0002674,FAC0075,2022,76905,20091.66,10,33879,1178,7690.5,0.1493,4189.6,4386.52,GO
BANK05,2022,2022-11,6.4179,10.8407,10.8407,UI0002675,FAC0075,2022,72610,20219.03,0,31772,657,0.0,0.1493,3005.45,2786.25,
BANK05,2022,2022-12,8.1665,13.0285,11.7257,UI0002676,FAC0075,2022,87264,26746.35,10,40428,774,8726.4,0.1493,4255.69,2621.91,I-REC
BANK05,2023,2023-01,9.5968,13.3818,12.0436,UI0002677,FAC0075,2023,92288,26064.0,10,47509,1025,9228.8,0.145,5793.29,3825.87,I-REC
BANK05,2023,2023-02,8.8114,13.1279,13.1279,UI0002678,FAC0075,2023,90537,27667.85,0,43621,566,0.0,0.145,6040.86,1821.09,
BANK05,2023,2023-03,6.6456,10.5319,10.5319,UI0002679,FAC0075,2023,72634,21444.09,0,32899,810,0.0,0.145,2556.78,4047.31,
BANK05,2023,2023-04,7.1534,9.8842,9.8842,UI0002680,FAC0075,2023,68167,13059.15,0,35413,591,0.0,0.145,2791.89,2106.33,
BANK05,2023,2023-05,6.2753,11.0535,9.9481,UI0002681,FAC0075,2023,76231,17970.7,10,31066,874,7623.1,0.145,2268.64,3009.47,GO
BANK05,2023,2023-06,8.8577,12.4949,11.2454,UI0002682,FAC0075,2023,86172,21665.96,10,43850,1278,8617.2,0.145,4354.15,4206.02,I-REC
BANK05,2023,2023-07,7.9192,12.6275,11.3647,UI0002683,FAC0075,2023,87086,27138.15,10,39204,669,8708.6,0.145,5198.35,2909.42,I-REC
BANK05,2023,2023-08,8.8369,12.5038,12.5038,UI0002684,FAC0075,2023,86233,21011.3,0,43747,1114,0.0,0.145,4024.11,3359.19,
BANK05,2023,2023-09,6.5123,11.24,8.992,UI0002685,FAC0075,2023,77517,23973.1,20,32239,1115,15503.4,0.145,3497.61,3437.92,GO
BANK05,2023,2023-10,6.4626,10.593,10.593,UI0002686,FAC0075,2023,73055,23085.82,0,31993,1270,0.0,0.145,2425.9,5137.28,
BANK05,2023,2023-11,6.6428,11.1569,11.1569,UI0002687,FAC0075,2023,76944,22577.45,0,32885,1070,0.0,0.145,4539.07,3991.05,
BANK05,2023,2023-12,9.0728,14.7266,11.7813,UI0002688,FAC0075,2023,101563,31349.05,20,44915,729,20312.6,0.145,3196.55,3448.23,GO
BANK05,2024,2024-01,8.6355,13.0164,11.7148,UI0002689,FAC0075,2024,92446,29172.67,10,42750,992,9244.6,0.1408,5598.59,3806.51,GO
BANK05,2024,2024-02,8.2277,13.563,12.2067,UI0002690,FAC0075,2024,96328,19879.05,10,40731,887,9632.8,0.1408,5305.13,3913.91,GO
BANK05,2024,2024-03,6.2951,9.6693,7.7354,UI0002691,FAC0075,2024,68674,14909.77,20,31164,689,13734.8,0.1408,3817.32,3147.52,GO
BANK05,2024,2024-04,7.0213,10.4893,8.3915,UI0002692,FAC0075,2024,74498,13665.69,20,34759,1108,14899.6,0.1408,4186.79,3998.97,I-REC
BANK05,2024,2024-05,6.9785,10.9559,8.7647,UI0002693,FAC0075,2024,77812,17326.35,20,34547,606,15562.4,0.1408,3638.13,2762.22,I-REC
BANK05,2024,2024-06,8.4537,11.4965,10.3468,UI0002694,FAC0075,2024,81651,23552.76,10,41850,700,8165.1,0.1408,5048.71,2413.98,GO
BANK05,2024,2024-07,8.7139,12.2917,11.0625,UI0002695,FAC0075,2024,87299,24375.06,10,43138,563,8729.9,0.1408,4131.81,2029.79,I-REC
BANK05,2024,2024-08,8.8902,12.4138,9.931,UI0002696,FAC0075,2024,88166,26975.19,20,44011,560,17633.2,0.1408,3448.98,2543.6,GO
BANK05,2024,2024-09,6.7054,9.7436,7.7949,UI0002697,FAC0075,2024,69202,18722.35,20,33195,892,13840.4,0.1408,2546.47,3500.96,I-REC
BANK05,2024,2024-10,7.1062,10.8992,10.8992,UI0002698,FAC0075,2024,77409,22808.42,0,35179,886,0.0,0.1408,3302.27,3898.53,
BANK05,2024,2024-11,6.8421,10.4778,10.4778,UI0002699,FAC0075,2024,74416,22381.74,0,33872,1064,0.0,0.1408,4553.41,4527.5,
BANK05,2024,2024-12,8.9765,13.8149,11.0519,UI0002700,FAC0075,2024,98117,22800.0,20,44438,892,19623.4,0.1408,4756.78,3485.96,I-REC
BANK05,2022,2022-01,15.9,26.6642,26.6642,UI0002701,FAC0076,2022,178595,44488.25,0,78713,1052,0.0,0.1493,9584.47,5192.4,
BANK05,2022,2022-02,15.4564,27.5475,27.5475,UI0002702,FAC0076,2022,184511,58553.54,0,76517,1441,0.0,0.1493,9028.56,6401.24,
BANK05,2022,2022-03,12.4501,21.1239,16.8991,UI0002703,FAC0076,2022,141486,40701.41,20,61634,1451,28297.2,0.1493,5130.68,6435.11,GO
BANK05,2022,2022-04,12.448,17.9161,16.1245,UI0002704,FAC0076,2022,120001,26430.6,10,61624,1661,12000.1,0.1493,6468.65,6707.56,GO
BANK05,2022,2022-05,11.638,20.4223,18.3801,UI0002705,FAC0076,2022,136787,31331.61,10,57614,1000,13678.7,0.1493,6926.14,4258.96,GO
BANK05,2022,2022-06,16.0554,25.9885,20.7908,UI0002706,FAC0076,2022,174069,39473.08,20,79482,1502,34813.8,0.1493,6691.13,7032.17,GO
BANK05,2022,2022-07,15.4389,23.7814,21.4033,UI0002707,FAC0076,2022,159286,47961.11,10,76430,1526,15928.6,0.1493,5385.98,5374.45,I-REC
BANK05,2022,2022-08,13.4908,22.4065,17.9252,UI0002708,FAC0076,2022,150077,33744.41,20,66786,1226,30015.4,0.1493,5363.21,5987.27,I-REC
BANK05,2022,2022-09,11.2785,18.3418,18.3418,UI0002709,FAC0076,2022,122852,29176.59,0,55834,1344,0.0,0.1493,6879.09,6661.38,
BANK05,2022,2022-10,12.6163,20.8799,20.8799,UI0002710,FAC0076,2022,139852,27547.96,0,62457,1464,0.0,0.1493,6278.66,6912.25,
BANK05,2022,2022-11,11.2952,17.7059,17.7059,UI0002711,FAC0076,2022,118593,28585.74,0,55917,1656,0.0,0.1493,3926.82,7118.66,
BANK05,2022,2022-12,17.4308,26.583,21.2664,UI0002712,FAC0076,2022,178051,33725.36,20,86291,717,35610.2,0.1493,8863.36,2221.25,I-REC
BANK05,2023,2023-01,15.2714,24.0607,19.2486,UI0002713,FAC0076,2023,165936,33773.35,20,75601,1371,33187.2,0.145,5419.73,6660.5,GO
BANK05,2023,2023-02,17.0209,27.1653,24.4488,UI0002714,FAC0076,2023,187347,55315.94,10,84262,1213,18734.7,0.145,10918.64,5543.15,GO
BANK05,2023,2023-03,12.7757,17.6165,14.0932,UI0002715,FAC0076,2023,121493,28429.07,20,63246,1156,24298.6,0.145,5000.29,5684.86,GO
BANK05,2023,2023-04,11.9475,17.6954,14.1563,UI0002716,FAC0076,2023,122037,32216.03,20,59146,1330,24407.4,0.145,5801.41,5144.48,GO
BANK05,2023,2023-05,12.2285,20.996,16.7968,UI0002717,FAC0076,2023,144800,33402.81,20,60537,1319,28960.0,0.145,7184.26,5442.01,I-REC
BANK05,2023,2023-06,15.3787,21.6601,21.6601,UI0002718,FAC0076,2023,149380,34293.79,0,76132,873,0.0,0.145,9677.66,4093.15,
BANK05,2023,2023-07,14.7008,25.6937,20.555,UI0002719,FAC0076,2023,177198,52583.01,20,72776,943,35439.6,0.145,9851.15,4079.22,GO
BANK05,2023,2023-08,15.7946,24.8772,19.9018,UI0002720,FAC0076,2023,171567,35078.44,20,78191,1459,34313.4,0.145,5719.04,5824.3,I-REC
BANK05,2023,2023-09,12.2715,17.698,14.1584,UI0002721,FAC0076,2023,122055,30939.94,20,60750,967,24411.0,0.145,6969.69,3266.79,I-REC
BANK05,2023,2023-10,12.4792,19.3714,17.4343,UI0002722,FAC0076,2023,133596,37643.53,10,61778,1410,13359.6,0.145,5458.08,5496.95,GO
BANK05,2023,2023-11,12.3509,21.0583,18.9525,UI0002723,FAC0076,2023,145230,43694.52,10,61143,1292,14523.0,0.145,6908.87,5485.71,I-REC
BANK05,2023,2023-12,15.921,26.5291,26.5291,UI0002724,FAC0076,2023,182959,46688.68,0,78817,1238,0.0,0.145,7574.24,5210.52,
BANK05,2024,2024-01,17.473,25.5769,25.5769,UI0002725,FAC0076,2024,181654,52356.86,0,86500,883,0.0,0.1408,11155.45,3729.15,
BANK05,2024,2024-02,16.2362,22.9206,18.3364,UI0002726,FAC0076,2024,162788,42473.05,20,80377,956,32557.6,0.1408,6463.06,4416.44,I-REC
BANK05,2024,2024-03,11.4512,17.3802,13.9042,UI0002727,FAC0076,2024,123439,32159.25,20,56689,1114,24687.8,0.1408,4804.81,3874.44,GO
BANK05,2024,2024-04,12.7939,17.0999,13.6799,UI0002728,FAC0076,2024,121448,29994.57,20,63336,948,24289.6,0.1408,5394.48,3452.5,GO
BANK05,2024,2024-05,11.5599,18.4406,14.7525,UI0002729,FAC0076,2024,130970,37930.2,20,57227,1474,26194.0,0.1408,5503.74,5116.02,GO
BANK05,2024,2024-06,14.2669,24.6102,24.6102,UI0002730,FAC0076,2024,174788,34783.72,0,70628,1370,0.0,0.1408,8283.79,6235.01,
BANK05,2024,2024-07,14.4977,25.1305,25.1305,UI0002731,FAC0076,2024,178484,36782.25,0,71771,1194,0.0,0.1408,5815.97,4993.05,
BANK05,2024,2024-08,14.325,23.7873,23.7873,UI0002732,FAC0076,2024,168944,41102.06,0,70916,1424,0.0,0.1408,7796.57,4742.5,
BANK05,2024,2024-09,12.6737,17.4389,13.9511,UI0002733,FAC0076,2024,123856,30271.97,20,62741,793,24771.2,0.1408,6286.97,3815.39,I-REC
BANK05,2024,2024-10,11.8386,16.9888,13.591,UI0002734,FAC0076,2024,120659,33901.67,20,58607,1334,24131.8,0.1408,7564.96,4998.56,I-REC
BANK05,2024,2024-11,12.8468,19.8149,17.8334,UI0002735,FAC0076,2024,140731,38979.85,10,63598,1015,14073.1,0.1408,6655.3,4024.51,GO
BANK05,2024,2024-12,15.2344,26.857,26.857,UI0002736,FAC0076,2024,190746,58758.92,0,75418,1000,0.0,0.1408,8812.76,3423.37,
BANK05,2022,2022-01,5.3199,5.7778,4.6222,UI0002737,FAC0077,2022,62328,11886.5,20,26336,1277,12465.6,0.0927,3115.43,5095.11,GO
BANK05,2022,2022-02,5.7507,5.0932,4.5839,UI0002738,FAC0077,2022,54943,11104.47,10,28469,2112,5494.3,0.0927,3226.19,8513.76,I-REC
BANK05,2022,2022-03,3.9744,4.4112,3.9701,UI0002739,FAC0077,2022,47586,11568.11,10,19675,1717,4758.6,0.0927,1862.51,6585.4,GO
BANK05,2022,2022-04,4.0325,4.5367,4.5367,UI0002740,FAC0077,2022,48940,11597.37,0,19963,1215,0.0,0.0927,1925.03,5654.08,
BANK05,2022,2022-05,3.819,4.1815,3.7634,UI0002741,FAC0077,2022,45108,10168.78,10,18906,1627,4510.8,0.0927,1852.44,7350.84,I-REC
BANK05,2022,2022-06,5.6188,4.8709,4.3838,UI0002742,FAC0077,2022,52545,11415.04,10,27816,1783,5254.5,0.0927,2153.82,8151.34,I-REC
BANK05,2022,2022-07,4.9734,4.7057,3.7646,UI0002743,FAC0077,2022,50763,13351.72,20,24621,2058,10152.6,0.0927,2172.33,6968.19,GO
BANK05,2022,2022-08,5.2684,4.923,4.923,UI0002744,FAC0077,2022,53107,10353.35,0,26081,1107,0.0,0.0927,2783.36,3478.2,
BANK05,2022,2022-09,4.3579,4.2533,3.4026,UI0002745,FAC0077,2022,45882,12379.43,20,21574,1492,9176.4,0.0927,1833.55,4940.38,I-REC
BANK05,2022,2022-10,4.347,4.5076,4.0569,UI0002746,FAC0077,2022,48626,15363.79,10,21520,1274,4862.6,0.0927,1989.89,5169.05,I-REC
BANK05,2022,2022-11,4.5676,4.4647,4.4647,UI0002747,FAC0077,2022,48163,10860.42,0,22612,1059,0.0,0.0927,2373.44,4988.08,
BANK05,2022,2022-12,5.5043,5.3944,5.3944,UI0002748,FAC0077,2022,58192,17567.64,0,27249,1028,0.0,0.0927,3504.17,3672.62,
BANK05,2023,2023-01,5.922,5.9877,5.3889,UI0002749,FAC0077,2023,66530,19726.4,10,29317,1452,6653.0,0.09,2738.28,5294.96,I-REC
BANK05,2023,2023-02,5.3231,5.4182,5.4182,UI0002750,FAC0077,2023,60202,17836.29,0,26352,2127,0.0,0.09,2474.92,7447.31,
BANK05,2023,2023-03,4.4604,4.0415,3.2332,UI0002751,FAC0077,2023,44905,9654.31,20,22081,1177,8981.0,0.09,1985.4,4684.91,GO
BANK05,2023,2023-04,4.4959,4.4305,3.9875,UI0002752,FAC0077,2023,49228,10439.8,10,22257,1275,4922.8,0.09,2157.69,6153.33,GO
BANK05,2023,2023-05,4.5393,4.4787,4.0308,UI0002753,FAC0077,2023,49763,12247.66,10,22472,2145,4976.3,0.09,1651.04,9274.94,GO
BANK05,2023,2023-06,5.5425,4.9676,3.974,UI0002754,FAC0077,2023,55195,13995.71,20,27438,1280,11039.0,0.09,3813.05,3971.77,I-REC
BANK05,2023,2023-07,5.5192,5.1302,5.1302,UI0002755,FAC0077,2023,57002,12952.08,0,27323,1099,0.0,0.09,2055.21,4687.03,
BANK05,2023,2023-08,5.4841,5.2919,5.2919,UI0002756,FAC0077,2023,58799,11945.85,0,27149,961,0.0,0.09,3103.61,3820.18,
BANK05,2023,2023-09,4.181,4.0497,3.2398,UI0002757,FAC0077,2023,44997,10225.16,20,20698,1013,8999.4,0.09,1815.56,4720.58,GO
BANK05,2023,2023-10,4.6702,4.1566,4.1566,UI0002758,FAC0077,2023,46185,9553.1,0,23120,1390,0.0,0.09,2709.38,5378.61,
BANK05,2023,2023-11,4.5412,4.0169,3.6152,UI0002759,FAC0077,2023,44632,14160.54,10,22481,1140,4463.2,0.09,2513.6,5519.93,GO
BANK05,2023,2023-12,5.6297,5.3218,4.7896,UI0002760,FAC0077,2023,59131,15212.6,10,27870,1932,5913.1,0.09,2807.82,8163.18,GO
BANK05,2024,2024-01,6.0273,5.5853,4.4682,UI0002761,FAC0077,2024,63905,12035.63,20,29838,1662,12781.0,0.0874,2776.23,7438.2,I-REC
BANK05,2024,2024-02,5.3944,5.193,4.1544,UI0002762,FAC0077,2024,59416,17871.75,20,26705,1070,11883.2,0.0874,3071.58,3429.66,GO
BANK05,2024,2024-03,4.385,3.8778,3.49,UI0002763,FAC0077,2024,44368,11115.46,10,21708,2125,4436.8,0.0874,1960.53,7583.04,GO
BANK05,2024,2024-04,4.0788,4.2572,3.8314,UI0002764,FAC0077,2024,48709,13495.87,10,20192,1617,4870.9,0.0874,1974.25,6717.81,I-REC
BANK05,2024,2024-05,3.9964,3.8019,3.4217,UI0002765,FAC0077,2024,43500,9787.61,10,19784,2054,4350.0,0.0874,1392.8,6657.86,I-REC
BANK05,2024,2024-06,5.5075,4.6198,4.1578,UI0002766,FAC0077,2024,52858,16100.77,10,27265,1098,5285.8,0.0874,2198.93,4653.94,I-REC
BANK05,2024,2024-07,5.0765,4.9605,3.9684,UI0002767,FAC0077,2024,56756,18000.56,20,25131,1353,11351.2,0.0874,2662.49,5467.67,I-REC
BANK05,2024,2024-08,5.4162,4.8586,3.8869,UI0002768,FAC0077,2024,55590,14227.97,20,26813,1656,11118.0,0.0874,2746.58,8079.61,I-REC
BANK05,2024,2024-09,4.1054,4.1345,3.3076,UI0002769,FAC0077,2024,47306,10680.41,20,20324,1454,9461.2,0.0874,2285.78,4657.98,I-REC
BANK05,2024,2024-10,4.7189,3.9858,3.1886,UI0002770,FAC0077,2024,45604,8998.84,20,23361,1848,9120.8,0.0874,3121.5,6702.16,GO
BANK05,2024,2024-11,4.5137,4.2935,4.2935,UI0002771,FAC0077,2024,49125,14980.19,0,22345,1676,0.0,0.0874,1718.02,5234.6,
BANK05,2024,2024-12,5.3473,5.2045,4.684,UI0002772,FAC0077,2024,59548,17628.29,10,26472,1091,5954.8,0.0874,2841.86,3645.74,GO
BANK05,2022,2022-01,9.6037,17.5463,14.0371,UI0002773,FAC0078,2022,117524,37160.9,20,47543,1322,23504.8,0.1493,5748.36,4356.13,I-REC
BANK05,2022,2022-02,10.4959,16.7818,16.7818,UI0002774,FAC0078,2022,112403,35066.78,0,51960,1024,0.0,0.1493,5370.74,3239.27,
BANK05,2022,2022-03,7.9404,11.4212,11.4212,UI0002775,FAC0078,2022,76498,17123.23,0,39309,777,0.0,0.1493,5330.72,3834.53,
BANK05,2022,2022-04,7.006,12.9586,11.6628,UI0002776,FAC0078,2022,86796,25342.51,10,34683,1315,8679.6,0.1493,4402.94,5191.85,GO
BANK05,2022,2022-05,7.9291,10.908,8.7264,UI0002777,FAC0078,2022,73061,15175.24,20,39253,1399,14612.2,0.1493,5475.79,6809.37,GO
BANK05,2022,2022-06,9.6516,15.1893,12.1515,UI0002778,FAC0078,2022,101737,31272.94,20,47780,1271,20347.4,0.1493,4771.43,4817.44,I-REC
BANK05,2022,2022-07,8.366,14.6275,13.1648,UI0002779,FAC0078,2022,97974,24312.37,10,41416,1317,9797.4,0.1493,3287.87,4055.62,GO
BANK05,2022,2022-08,8.5987,15.1589,12.1271,UI0002780,FAC0078,2022,101533,19011.68,20,42568,1065,20306.6,0.1493,3698.19,3660.75,GO
BANK05,2022,2022-09,7.957,10.9229,10.9229,UI0002781,FAC0078,2022,73161,20215.05,0,39391,1640,0.0,0.1493,5002.9,7394.19,
BANK05,2022,2022-10,7.5083,12.5578,11.302,UI0002782,FAC0078,2022,84111,24540.14,10,37170,1704,8411.1,0.1493,4694.68,5580.84,GO
BANK05,2022,2022-11,7.417,11.5025,11.5025,UI0002783,FAC0078,2022,77043,18579.81,0,36718,1062,0.0,0.1493,4654.29,5286.18,
BANK05,2022,2022-12,9.4385,16.3518,14.7166,UI0002784,FAC0078,2022,109523,31251.71,10,46725,948,10952.3,0.1493,6389.42,4189.36,GO
BANK05,2023,2023-01,10.2285,14.9099,14.9099,UI0002785,FAC0078,2023,102827,26506.45,0,50636,1481,0.0,0.145,3911.02,6076.05,
BANK05,2023,2023-02,10.1483,16.6772,15.0095,UI0002786,FAC0078,2023,115015,31138.54,10,50239,961,11501.5,0.145,6928.82,4087.25,I-REC
BANK05,2023,2023-03,7.5324,12.4654,9.9723,UI0002787,FAC0078,2023,85968,15731.1,20,37289,1432,17193.6,0.145,4919.34,6408.47,GO
BANK05,2023,2023-04,7.109,10.7236,9.6513,UI0002788,FAC0078,2023,73956,22669.75,10,35193,1662,7395.6,0.145,3588.37,7148.06,GO
BANK05,2023,2023-05,7.7675,10.8166,10.8166,UI0002789,FAC0078,2023,74597,14166.62,0,38453,1142,0.0,0.145,2908.78,4399.86,
BANK05,2023,2023-06,8.7007,14.6625,14.6625,UI0002790,FAC0078,2023,101121,22714.28,0,43073,849,0.0,0.145,3957.22,3340.95,
BANK05,2023,2023-07,8.3662,13.1567,10.5254,UI0002791,FAC0078,2023,90736,16374.36,20,41417,1246,18147.2,0.145,4289.31,3753.28,GO
BANK05,2023,2023-08,10.0592,14.6047,11.6838,UI0002792,FAC0078,2023,100722,22114.26,20,49798,1689,20144.4,0.145,5500.23,7134.19,GO
BANK05,2023,2023-09,7.135,12.7864,11.5078,UI0002793,FAC0078,2023,88182,22101.9,10,35322,1121,8818.2,0.145,4214.07,4292.54,I-REC
BANK05,2023,2023-10,7.1956,12.4456,11.2011,UI0002794,FAC0078,2023,85832,26408.22,10,35622,1721,8583.2,0.145,3387.23,7265.67,GO
BANK05,2023,2023-11,7.6738,12.5744,11.317,UI0002795,FAC0078,2023,86720,24693.98,10,37989,1523,8672.0,0.145,3092.37,5698.42,I-REC
BANK05,2023,2023-12,9.317,15.2214,15.2214,UI0002796,FAC0078,2023,104975,29300.36,0,46124,1602,0.0,0.145,5625.96,6767.92,
BANK05,2024,2024-01,9.4009,14.9845,11.9876,UI0002797,FAC0078,2024,106424,29418.47,20,46539,1189,21284.8,0.1408,3615.21,5344.93,I-REC
BANK05,2024,2024-02,9.4075,16.7539,15.0785,UI0002798,FAC0078,2024,118991,26559.64,10,46572,1376,11899.1,0.1408,3609.69,4762.04,I-REC
BANK05,2024,2024-03,8.3323,12.4188,11.177,UI0002799,FAC0078,2024,88202,24941.66,10,41249,1001,8820.2,0.1408,2915.77,4711.71,GO
BANK05,2024,2024-04,7.2894,12.1256,10.913,UI0002800,FAC0078,2024,86119,26146.28,10,36086,1269,8611.9,0.1408,4813.61,4164.01,I-REC
BANK05,2024,2024-05,7.5469,11.0294,8.8235,UI0002801,FAC0078,2024,78334,22729.27,20,37361,1484,15666.8,0.1408,3834.3,7302.88,I-REC
BANK05,2024,2024-06,9.7671,12.8538,10.283,UI0002802,FAC0078,2024,91291,18636.92,20,48352,1669,18258.2,0.1408,5528.14,6826.19,I-REC
BANK05,2024,2024-07,8.5874,13.138,10.5104,UI0002803,FAC0078,2024,93310,27455.63,20,42512,831,18662.0,0.1408,4921.57,3440.68,GO
BANK05,2024,2024-08,10.2079,13.3933,12.054,UI0002804,FAC0078,2024,95123,26999.84,10,50534,1080,9512.3,0.1408,6549.85,3931.54,GO
BANK05,2024,2024-09,8.1626,10.7473,10.7473,UI0002805,FAC0078,2024,76330,18454.53,0,40409,839,0.0,0.1408,3725.8,3492.5,
BANK05,2024,2024-10,8.2172,10.9908,10.9908,UI0002806,FAC0078,2024,78060,14819.4,0,40679,1677,0.0,0.1408,3718.34,7852.6,
BANK05,2024,2024-11,8.4226,10.902,10.902,UI0002807,FAC0078,2024,77429,24737.3,0,41696,874,0.0,0.1408,4389.37,2905.13,
BANK05,2024,2024-12,10.8739,14.6438,13.1794,UI0002808,FAC0078,2024,104004,30099.35,10,53831,1515,10400.4,0.1408,5959.23,5331.03,GO
BANK05,2022,2022-01,3.0722,2.0799,1.664,UI0002809,FAC0079,2022,38805,7503.86,20,15209,197,7761.0,0.0536,1917.58,686.92,GO
BANK05,2022,2022-02,3.4255,1.9188,1.9188,UI0002810,FAC0079,2022,35798,9839.13,0,16958,141,0.0,0.0536,2276.42,459.37,
BANK05,2022,2022-03,2.4456,1.4634,1.4634,UI0002811,FAC0079,2022,27303,6993.83,0,12107,184,0.0,0.0536,1226.94,601.58,
BANK05,2022,2022-04,2.5058,1.3935,1.1148,UI0002812,FAC0079,2022,25998,6392.43,20,12405,148,5199.6,0.0536,1255.3,678.59,I-REC
BANK05,2022,2022-05,2.6771,1.373,1.0984,UI0002813,FAC0079,2022,25615,6668.91,20,13253,130,5123.0,0.0536,1727.28,612.05,GO
BANK05,2022,2022-06,2.8795,1.6845,1.6845,UI0002814,FAC0079,2022,31428,8491.59,0,14255,97,0.0,0.0536,1660.71,340.63,
BANK05,2022,2022-07,2.9904,1.8686,1.8686,UI0002815,FAC0079,2022,34862,8282.87,0,14804,111,0.0,0.0536,1105.03,342.99,
BANK05,2022,2022-08,3.3243,1.617,1.617,UI0002816,FAC0079,2022,30168,8086.86,0,16457,95,0.0,0.0536,1279.31,308.17,
BANK05,2022,2022-09,2.4606,1.4153,1.1322,UI0002817,FAC0079,2022,26405,5874.71,20,12181,188,5281.0,0.0536,893.02,741.61,GO
BANK05,2022,2022-10,2.3652,1.6025,1.282,UI0002818,FAC0079,2022,29897,6352.6,20,11709,180,5979.4,0.0536,1606.55,692.37,I-REC
BANK05,2022,2022-11,2.6432,1.5688,1.5688,UI0002819,FAC0079,2022,29268,7272.42,0,13085,111,0.0,0.0536,1644.05,350.04,
BANK05,2022,2022-12,3.5728,1.9598,1.5679,UI0002820,FAC0079,2022,36564,11398.17,20,17687,207,7312.8,0.0536,1924.38,917.14,I-REC
BANK05,2023,2023-01,3.6489,2.0669,1.8603,UI0002821,FAC0079,2023,39749,11248.05,10,18064,156,3974.9,0.052,2425.05,737.81,I-REC
BANK05,2023,2023-02,3.414,1.8037,1.8037,UI0002822,FAC0079,2023,34687,10079.24,0,16901,177,0.0,0.052,1900.57,560.74,
BANK05,2023,2023-03,2.4282,1.5688,1.255,UI0002823,FAC0079,2023,30169,8808.85,20,12021,152,6033.8,0.052,876.58,610.03,GO
BANK05,2023,2023-04,2.4549,1.3549,1.2194,UI0002824,FAC0079,2023,26055,5853.83,10,12153,109,2605.5,0.052,1479.61,416.36,I-REC
BANK05,2023,2023-05,2.7397,1.4366,1.2929,UI0002825,FAC0079,2023,27626,8176.24,10,13563,176,2762.6,0.052,1161.46,567.94,GO
BANK05,2023,2023-06,3.2585,1.7718,1.4174,UI0002826,FAC0079,2023,34073,9268.7,20,16131,157,6814.6,0.052,2008.63,699.57,GO
BANK05,2023,2023-07,3.2213,1.5911,1.432,UI0002827,FAC0079,2023,30599,9262.08,10,15947,195,3059.9,0.052,2014.74,783.9,I-REC
BANK05,2023,2023-08,3.3976,1.7944,1.4355,UI0002828,FAC0079,2023,34507,9291.3,20,16820,108,6901.4,0.052,1458.12,408.52,GO
BANK05,2023,2023-09,2.4995,1.3306,1.1975,UI0002829,FAC0079,2023,25588,6758.64,10,12374,130,2558.8,0.052,1530.72,541.72,I-REC
BANK05,2023,2023-10,2.6601,1.4189,1.4189,UI0002830,FAC0079,2023,27286,8514.37,0,13169,134,0.0,0.052,1131.92,486.16,
BANK05,2023,2023-11,2.548,1.4109,1.4109,UI0002831,FAC0079,2023,27133,7690.67,0,12614,112,0.0,0.052,1733.76,352.73,
BANK05,2023,2023-12,3.3991,1.8562,1.8562,UI0002832,FAC0079,2023,35697,6701.18,0,16827,177,0.0,0.052,2232.49,658.1,
BANK05,2024,2024-01,3.6134,1.9309,1.5447,UI0002833,FAC0079,2024,38236,8593.37,20,17888,190,7647.2,0.0505,1605.79,858.54,I-REC
BANK05,2024,2024-02,3.6408,1.7011,1.3609,UI0002834,FAC0079,2024,33685,8862.1,20,18024,210,6737.0,0.0505,1782.98,826.55,GO
BANK05,2024,2024-03,2.7908,1.5379,1.2303,UI0002835,FAC0079,2024,30453,9434.28,20,13816,162,6090.6,0.0505,1126.45,717.92,GO
BANK05,2024,2024-04,2.8429,1.471,1.471,UI0002836,FAC0079,2024,29128,8261.79,0,14074,195,0.0,0.0505,1433.96,639.54,
BANK05,2024,2024-05,2.8173,1.453,1.1624,UI0002837,FAC0079,2024,28773,6429.32,20,13947,97,5754.6,0.0505,1718.09,304.2,I-REC
BANK05,2024,2024-06,2.9662,1.5898,1.2719,UI0002838,FAC0079,2024,31482,7621.89,20,14684,145,6296.4,0.0505,1715.19,590.85,I-REC
BANK05,2024,2024-07,3.4548,1.5523,1.5523,UI0002839,FAC0079,2024,30739,9632.34,0,17103,106,0.0,0.0505,2377.15,435.01,
BANK05,2024,2024-08,2.9078,1.6875,1.5188,UI0002840,FAC0079,2024,33416,6711.63,10,14395,147,3341.6,0.0505,1444.37,667.26,GO
BANK05,2024,2024-09,2.8284,1.3502,1.0802,UI0002841,FAC0079,2024,26737,5781.25,20,14002,157,5347.4,0.0505,1517.86,618.59,GO
BANK05,2024,2024-10,2.3448,1.298,1.1682,UI0002842,FAC0079,2024,25703,6304.13,10,11608,109,2570.3,0.0505,823.76,379.8,I-REC
BANK05,2024,2024-11,2.7399,1.3574,1.086,UI0002843,FAC0079,2024,26880,5943.87,20,13564,182,5376.0,0.0505,1695.61,556.61,I-REC
BANK05,2024,2024-12,3.3288,1.7792,1.6012,UI0002844,FAC0079,2024,35231,10152.69,10,16479,142,3523.1,0.0505,1806.77,600.25,GO
BANK05,2022,2022-01,15.3437,39.1624,31.3299,UI0002845,FAC0080,2022,152087,28649.82,20,75959,2456,30417.4,0.2575,6453.88,11178.72,I-REC
BANK05,2022,2022-02,15.5382,37.4168,37.4168,UI0002846,FAC0080,2022,145308,42486.88,0,76922,2297,0.0,0.2575,7766.18,9623.52,
BANK05,2022,2022-03,11.596,30.8915,27.8024,UI0002847,FAC0080,2022,119967,28378.44,10,57406,2406,11996.7,0.2575,6323.43,8582.83,GO
BANK05,2022,2022-04,11.4288,26.6572,21.3257,UI0002848,FAC0080,2022,103523,21411.76,20,56578,1584,20704.6,0.2575,4329.75,6101.58,GO
BANK05,2022,2022-05,10.1269,32.2879,29.0591,UI0002849,FAC0080,2022,125390,38761.28,10,50133,1813,12539.0,0.2575,5928.42,8396.33,GO
BANK05,2022,2022-06,13.7911,33.1181,29.8063,UI0002850,FAC0080,2022,128614,33858.26,10,68273,1665,12861.4,0.2575,9068.54,6575.52,GO
BANK05,2022,2022-07,12.4454,32.5756,29.318,UI0002851,FAC0080,2022,126507,27567.6,10,61611,3006,12650.7,0.2575,7456.08,9947.2,I-REC
BANK05,2022,2022-08,13.8406,38.8197,38.8197,UI0002852,FAC0080,2022,150756,47661.61,0,68518,2216,0.0,0.2575,8604.24,10114.02,
BANK05,2022,2022-09,10.4147,28.4741,22.7793,UI0002853,FAC0080,2022,110579,30303.68,20,51558,1937,22115.8,0.2575,4350.74,6093.95,GO
BANK05,2022,2022-10,9.837,28.5094,22.8075,UI0002854,FAC0080,2022,110716,32886.57,20,48698,1484,22143.2,0.2575,6480.17,6351.75,I-REC
BANK05,2022,2022-11,9.6285,26.6891,21.3513,UI0002855,FAC0080,2022,103647,24489.88,20,47666,1550,20729.4,0.2575,5282.06,4813.55,I-REC
BANK05,2022,2022-12,15.2841,35.6269,28.5015,UI0002856,FAC0080,2022,138357,30895.24,20,75664,1684,27671.4,0.2575,6164.84,7964.0,I-REC
BANK05,2023,2023-01,14.1913,40.724,40.724,UI0002857,FAC0080,2023,162896,46385.74,0,70254,3157,0.0,0.25,6715.41,10734.85,
BANK05,2023,2023-02,13.3243,36.7268,36.7268,UI0002858,FAC0080,2023,146907,28987.26,0,65962,2772,0.0,0.25,6507.48,13656.65,
BANK05,2023,2023-03,11.3478,27.8178,22.2542,UI0002859,FAC0080,2023,111271,24874.81,20,56177,2401,22254.2,0.25,6820.96,9186.64,GO
BANK05,2023,2023-04,10.8508,30.0667,27.0601,UI0002860,FAC0080,2023,120267,26944.82,10,53717,2911,12026.7,0.25,5409.37,13239.11,GO
BANK05,2023,2023-05,10.8539,31.0847,24.8678,UI0002861,FAC0080,2023,124339,24596.16,20,53732,1644,24867.8,0.25,6172.78,6144.43,GO
BANK05,2023,2023-06,12.566,35.562,28.4496,UI0002862,FAC0080,2023,142248,31797.02,20,62208,2476,28449.6,0.25,4491.29,11385.01,GO
BANK05,2023,2023-07,12.7704,32.734,32.734,UI0002863,FAC0080,2023,130936,38700.33,0,63220,2037,0.0,0.25,6687.56,8936.99,
BANK05,2023,2023-08,13.7966,38.4948,30.7958,UI0002864,FAC0080,2023,153979,31410.99,20,68300,2506,30795.8,0.25,7256.94,9202.35,GO
BANK05,2023,2023-09,10.7686,31.363,28.2267,UI0002865,FAC0080,2023,125452,35157.92,10,53310,1446,12545.2,0.25,5629.2,6032.45,I-REC
BANK05,2023,2023-10,11.0589,31.1115,31.1115,UI0002866,FAC0080,2023,124446,28684.77,0,54747,2184,0.0,0.25,6853.52,10144.44,
BANK05,2023,2023-11,10.4719,31.2823,25.0258,UI0002867,FAC0080,2023,125129,30815.59,20,51841,1873,25025.8,0.25,5402.14,6567.16,I-REC
BANK05,2023,2023-12,13.7192,40.681,32.5448,UI0002868,FAC0080,2023,162724,34878.18,20,67917,2073,32544.8,0.25,6209.54,7389.46,GO
BANK05,2024,2024-01,14.3244,34.4039,27.5232,UI0002869,FAC0080,2024,141755,42856.87,20,70913,2066,28351.0,0.2427,9550.21,7810.2,GO
BANK05,2024,2024-02,13.4279,38.133,34.3197,UI0002870,FAC0080,2024,157120,36291.83,10,66475,2712,15712.0,0.2427,6351.72,9263.61,GO
BANK05,2024,2024-03,10.2929,28.1253,22.5002,UI0002871,FAC0080,2024,115885,26564.21,20,50955,2974,23177.0,0.2427,5890.96,10648.43,I-REC
BANK05,2024,2024-04,9.8418,30.0625,30.0625,UI0002872,FAC0080,2024,123867,22679.99,0,48722,1547,0.0,0.2427,6297.37,4716.36,
BANK05,2024,2024-05,10.5816,26.3941,23.7547,UI0002873,FAC0080,2024,108752,30707.16,10,52384,2836,10875.2,0.2427,5878.2,8754.86,GO
BANK05,2024,2024-06,12.1347,36.4052,29.1242,UI0002874,FAC0080,2024,150001,44943.42,20,60073,2879,30000.2,0.2427,7629.16,9450.81,I-REC
BANK05,2024,2024-07,12.6468,35.5502,28.4402,UI0002875,FAC0080,2024,146478,29305.17,20,62608,1420,29295.6,0.2427,8555.63,5284.02,GO
BANK05,2024,2024-08,14.0867,37.6687,33.9019,UI0002876,FAC0080,2024,155207,32311.13,10,69736,2648,15520.7,0.2427,8228.47,12042.32,GO
BANK05,2024,2024-09,10.6062,26.7366,26.7366,UI0002877,FAC0080,2024,110163,31389.04,0,52506,2544,0.0,0.2427,7271.93,11585.31,
BANK05,2024,2024-10,11.2641,27.1875,21.75,UI0002878,FAC0080,2024,112021,24220.28,20,55763,2450,22404.2,0.2427,4947.33,8107.32,GO
BANK05,2024,2024-11,10.5751,28.659,28.659,UI0002879,FAC0080,2024,118084,28320.46,0,52352,2610,0.0,0.2427,6546.36,10436.74,
BANK05,2024,2024-12,14.7169,40.8835,36.7952,UI0002880,FAC0080,2024,168453,52170.54,10,72856,2683,16845.3,0.2427,6662.0,11797.95,GO
